evento,prefixo,data_manutencao,resultado,motivo,pendencia,veiculo_normal_antes,cameras_problema_antes,cameras_citadas_formulario,problema_desde,registros_com_problema_antes,dias_corridos_com_problema_antes,normalizou,primeiro_registro_normal,registros_ate_normalizar,dias_corridos_ate_normalizar,registros_normais_depois,dias_corridos_normais_depois,problema_voltou,data_recorrencia,camera_recorrencia,novo_problema_outra_camera_data,novo_problema_outra_camera,historia
31005_2026-09-11,31005,2026-09-11,RESOLVIDO COM RECORRÊNCIA,"normalizou, mas a mesma câmera voltou a apresentar problema",NÃO,NÃO,"FRONTAL (câm 21), FRENTE (câm 22)","FRONTAL (câm 21), FRENTE (câm 22), CORREDOR 1 (câm 23)",2026-09-01,7.0,10.0,SIM,2026-09-15,1.0,4.0,5.0,7.0,SIM,2026-09-22,FRONTAL (câm 21),,,"Antes: último registro em 10/09 — LARANJA. Problema: FRONTAL (câm 21) ONLINE COM ERRO (SD: error, Gravação: error); FRENTE (câm 22) ONLINE COM ERRO (SD: error, Gravação: error).
O problema aparece desde 01/09 (já existia no primeiro registro disponível): 7 registro(s) com problema, 10 dia(s) corrido(s) até 10/09.
Manutenção em 11/09 às 09:02 — técnico Luiz Rodrigo. Anomalias: FRONTAL (câm 21): Sem gravação de imagens, Câmera mal reposicionada; FRENTE (câm 22): Sem gravação de imagens, Configuração incorreta da câmera; CORREDOR 1 (câm 23): Câmera mal reposicionada.
No dia da manutenção (11/09) o CFTV mostrava VERDE (registro exibido à parte: não conta como antes nem depois).
Depois: 15/09 VERDE, 16/09 VERDE, 17/09 VERDE, 18/09 VERDE, 21/09 VERDE, 22/09 VERMELHO, 23/09 VERMELHO, 24/09 VERDE.
Normalizou no 1º registro após a manutenção (15/09), 4 dia(s) corrido(s) depois.
Permaneceu normal por 5 registro(s) (7 dia(s) corrido(s)), até 21/09.
O problema voltou em 22/09 na mesma câmera: FRONTAL (câm 21) OFFLINE.
Resultado: RESOLVIDO COM RECORRÊNCIA — normalizou, mas a mesma câmera voltou a apresentar problema."
31093_2026-09-11,31093,2026-09-11,NÃO RESOLVIDO,o problema original permaneceu em todos os registros posteriores,NÃO,NÃO,"FRONTAL (câm 21), FRENTE (câm 22), CORREDOR 3 (câm 25)","FRONTAL (câm 21), FRENTE (câm 22), CORREDOR 3 (câm 25)",2026-09-01,7.0,10.0,NÃO,,,,,,,,,2026-09-15,CORREDOR 1 (câm 23) OFFLINE; CORREDOR 2 (câm 24) OFFLINE; CORREDOR 4 (câm 26) OFFLINE,"Antes: último registro em 10/09 — VERMELHO. Problema: FRONTAL (câm 21) OFFLINE; FRENTE (câm 22) OFFLINE; CORREDOR 3 (câm 25) OFFLINE.
O problema aparece desde 01/09 (já existia no primeiro registro disponível): 7 registro(s) com problema, 10 dia(s) corrido(s) até 10/09.
Manutenção em 11/09 às 03:08 — técnico Gesnei souza. Anomalias: nenhuma anomalia marcada.
No dia da manutenção (11/09) o CFTV mostrava VERMELHO (registro exibido à parte: não conta como antes nem depois).
Depois: 15/09 VERMELHO, 16/09 VERMELHO, 17/09 VERMELHO, 18/09 VERMELHO, 21/09 VERMELHO, 22/09 VERMELHO, 23/09 VERMELHO, 24/09 VERMELHO.
Continuou com problema: FRONTAL (câm 21), FRENTE (câm 22), CORREDOR 3 (câm 25).
Novo problema identificado em outra câmera em 15/09: CORREDOR 1 (câm 23) OFFLINE; CORREDOR 2 (câm 24) OFFLINE; CORREDOR 4 (câm 26) OFFLINE (não é recorrência).
Resultado: NÃO RESOLVIDO — o problema original permaneceu em todos os registros posteriores."
31095_2026-09-11,31095,2026-09-11,NÃO RESOLVIDO,o problema original permaneceu em todos os registros posteriores,NÃO,NÃO,"CORREDOR 2 (câm 24), CORREDOR 4 (câm 26)","CORREDOR 2 (câm 24), CORREDOR 3 (câm 25), CORREDOR 4 (câm 26)",2026-09-01,7.0,10.0,NÃO,,,,,,,,,,,"Antes: último registro em 10/09 — VERMELHO. Problema: CORREDOR 2 (câm 24) ONLINE COM ERRO (SD: error, Gravação: error); CORREDOR 4 (câm 26) OFFLINE.
O problema aparece desde 01/09 (já existia no primeiro registro disponível): 7 registro(s) com problema, 10 dia(s) corrido(s) até 10/09.
Manutenção em 11/09 às 14:54 — técnico Luiz Rodrigo. Anomalias: CORREDOR 2 (câm 24): Câmera mal reposicionada; CORREDOR 3 (câm 25): Câmera mal reposicionada; CORREDOR 4 (câm 26): Câmera inoperante, Câmera removida por terceiros.
No dia da manutenção (11/09) o CFTV mostrava VERMELHO (registro exibido à parte: não conta como antes nem depois).
Depois: 15/09 VERMELHO, 16/09 VERMELHO, 17/09 VERMELHO, 18/09 VERMELHO, 21/09 VERMELHO, 22/09 VERMELHO, 23/09 VERMELHO, 24/09 VERMELHO.
Continuou com problema: CORREDOR 2 (câm 24), CORREDOR 4 (câm 26).
Resultado: NÃO RESOLVIDO — o problema original permaneceu em todos os registros posteriores."
31105_2026-09-11,31105,2026-09-11,NÃO RESOLVIDO,o problema original permaneceu em todos os registros posteriores,NÃO,NÃO,"FRONTAL (câm 21), FRENTE (câm 22), CORREDOR 1 (câm 23), CORREDOR 2 (câm 24), CORREDOR 3 (câm 25), CORREDOR 4 (câm 26)","FRONTAL (câm 21), FRENTE (câm 22), CORREDOR 1 (câm 23), CORREDOR 2 (câm 24), CORREDOR 3 (câm 25), CORREDOR 4 (câm 26)",2026-09-01,7.0,10.0,NÃO,,,,,,,,,,,"Antes: último registro em 10/09 — VERMELHO. Problema: FRONTAL (câm 21) OFFLINE; FRENTE (câm 22) OFFLINE; CORREDOR 1 (câm 23) OFFLINE; CORREDOR 2 (câm 24) OFFLINE; CORREDOR 3 (câm 25) OFFLINE; CORREDOR 4 (câm 26) OFFLINE.
O problema aparece desde 01/09 (já existia no primeiro registro disponível): 7 registro(s) com problema, 10 dia(s) corrido(s) até 10/09.
Manutenção em 11/09 às 15:30 — técnico Luiz Rodrigo. Anomalias: FRONTAL (câm 21): Sem gravação de imagens, Câmera mal reposicionada; FRENTE (câm 22): Sem gravação de imagens, Câmera mal reposicionada; CORREDOR 1 (câm 23): Sem gravação de imagens, Câmera mal reposicionada; CORREDOR 2 (câm 24): Sem gravação de imagens, Câmera mal reposicionada, Configuração incorreta da câmera; CORREDOR 3 (câm 25): Sem gravação de imagens.
No dia da manutenção (11/09) o CFTV mostrava VERMELHO (registro exibido à parte: não conta como antes nem depois).
Depois: 15/09 VERMELHO, 16/09 VERMELHO, 17/09 VERMELHO, 18/09 VERMELHO, 21/09 VERMELHO, 22/09 VERMELHO, 23/09 VERMELHO, 24/09 VERMELHO.
Continuou com problema: FRONTAL (câm 21), FRENTE (câm 22), CORREDOR 1 (câm 23), CORREDOR 2 (câm 24), CORREDOR 3 (câm 25), CORREDOR 4 (câm 26).
Resultado: NÃO RESOLVIDO — o problema original permaneceu em todos os registros posteriores."
31484_2026-09-11,31484,2026-09-11,PARCIALMENTE RESOLVIDO,parte das câmeras com problema normalizou e parte não,SIM,NÃO,"FRONTAL (câm 21), FRENTE (câm 22), CORREDOR 1 (câm 23)","FRONTAL (câm 21), FRENTE (câm 22), CORREDOR 1 (câm 23)",2026-09-01,7.0,10.0,NÃO,,,,,,,,,,,"Antes: último registro em 10/09 — VERMELHO. Problema: FRONTAL (câm 21) OFFLINE; FRENTE (câm 22) OFFLINE; CORREDOR 1 (câm 23) OFFLINE.
O problema aparece desde 01/09 (já existia no primeiro registro disponível): 7 registro(s) com problema, 10 dia(s) corrido(s) até 10/09.
Manutenção em 11/09 às 12:22 — técnico Luiz Rodrigo. Anomalias: FRONTAL (câm 21): Switch apresentando falha, Câmera inoperante, Câmera travada; FRENTE (câm 22): Câmera inoperante, Câmera removida por terceiros; CORREDOR 1 (câm 23): Câmera inoperante, Câmera travada, Sem gravação de imagens.
No dia da manutenção (11/09) o CFTV mostrava VERMELHO (registro exibido à parte: não conta como antes nem depois).
Depois: 15/09 VERMELHO, 16/09 VERMELHO, 17/09 VERMELHO, 18/09 VERMELHO, 21/09 VERMELHO, 22/09 VERMELHO.
Normalizou só em parte: CORREDOR 1 (câm 23) normalizou em 15/09.
Continuou com problema: FRONTAL (câm 21), FRENTE (câm 22).
Pendência registrada pelo técnico: Não foi possível configurar a 23 devido às falhas no switch.
Resultado: PARCIALMENTE RESOLVIDO — parte das câmeras com problema normalizou e parte não."
31590_2026-09-11,31590,2026-09-11,PARCIALMENTE RESOLVIDO,parte das câmeras com problema normalizou e parte não,NÃO,NÃO,"CORREDOR 2 (câm 24), CORREDOR 3 (câm 25)","FRONTAL (câm 21), FRENTE (câm 22), CORREDOR 1 (câm 23), CORREDOR 2 (câm 24), CORREDOR 3 (câm 25), CORREDOR 4 (câm 26)",2026-09-01,7.0,10.0,NÃO,,,,,,SIM,2026-09-16,CORREDOR 2 (câm 24),,,"Antes: último registro em 10/09 — VERMELHO. Problema: CORREDOR 2 (câm 24) ONLINE COM ERRO (SD: error, Gravação: error); CORREDOR 3 (câm 25) OFFLINE.
O problema aparece desde 01/09 (já existia no primeiro registro disponível): 7 registro(s) com problema, 10 dia(s) corrido(s) até 10/09.
Manutenção em 11/09 às 10:24 — técnico Luiz Rodrigo. Anomalias: FRONTAL (câm 21): Câmera mal reposicionada, Configuração incorreta da câmera; FRENTE (câm 22): Sem gravação de imagens, Câmera mal reposicionada, Configuração incorreta da câmera; CORREDOR 1 (câm 23): Sem gravação de imagens, Câmera mal reposicionada, Configuração incorreta da câmera; CORREDOR 2 (câm 24): Sem gravação de imagens, Câmera mal reposicionada, Configuração incorreta da câmera; CORREDOR 3 (câm 25): Câmera inoperante; CORREDOR 4 (câm 26): Sem gravação de imagens, Câmera mal reposicionada.
No dia da manutenção (11/09) o CFTV mostrava VERMELHO (registro exibido à parte: não conta como antes nem depois).
Depois: 15/09 VERMELHO, 16/09 VERMELHO, 17/09 VERMELHO, 18/09 VERMELHO, 21/09 VERMELHO, 22/09 VERMELHO, 23/09 VERMELHO, 24/09 VERMELHO.
Normalizou só em parte: CORREDOR 2 (câm 24) normalizou em 15/09.
Continuou com problema: CORREDOR 3 (câm 25).
A mesma câmera voltou a falhar em 16/09: CORREDOR 2 (câm 24) ONLINE COM ERRO (SD: error, Gravação: error).
Resultado: PARCIALMENTE RESOLVIDO — parte das câmeras com problema normalizou e parte não."
31952_2026-09-11,31952,2026-09-11,SEM DADOS PARA VALIDAR,sem problema no CFTV antes da manutenção (não há o que validar),NÃO,SIM,,"FRONTAL (câm 21), FRENTE (câm 22), CORREDOR 1 (câm 23)",,,,,,,,,,,,,,,"Antes: último registro em 10/09 — VERDE. Todas as câmeras ONLINE sem erro.
Manutenção em 11/09 às 11:17 — técnico Luiz Rodrigo. Anomalias: FRONTAL (câm 21): Câmera mal reposicionada; FRENTE (câm 22): Sem gravação de imagens; CORREDOR 1 (câm 23): Câmera mal reposicionada.
No dia da manutenção (11/09) o CFTV mostrava VERDE (registro exibido à parte: não conta como antes nem depois).
Depois: 15/09 VERDE, 16/09 VERDE, 17/09 VERDE, 18/09 VERDE, 21/09 VERDE, 22/09 VERDE, 23/09 VERDE, 24/09 VERDE.
Veículo já estava normal antes da manutenção.
Continuou normal em todos os registros posteriores disponíveis.
Resultado: SEM DADOS PARA VALIDAR — sem problema no CFTV antes da manutenção (não há o que validar)."
31956_2026-09-11,31956,2026-09-11,SEM DADOS PARA VALIDAR,sem problema no CFTV antes da manutenção (não há o que validar),NÃO,SIM,,"FRONTAL (câm 21), FRENTE (câm 22), CORREDOR 1 (câm 23)",,,,,,,,,,,,,,,"Antes: último registro em 10/09 — VERDE. Todas as câmeras ONLINE sem erro.
Manutenção em 11/09 às 14:09 — técnico Luiz Rodrigo. Anomalias: FRONTAL (câm 21): Sem gravação de imagens, Câmera mal reposicionada; FRENTE (câm 22): Sem gravação de imagens, Câmera mal reposicionada, Configuração incorreta da câmera; CORREDOR 1 (câm 23): Sem gravação de imagens, Configuração incorreta da câmera.
No dia da manutenção (11/09) o CFTV mostrava VERDE (registro exibido à parte: não conta como antes nem depois).
Depois: 15/09 VERDE, 16/09 LARANJA, 17/09 VERDE, 18/09 VERDE, 21/09 VERDE, 22/09 VERDE, 23/09 VERDE, 24/09 VERDE.
Veículo já estava normal antes da manutenção.
Surgiu problema depois, em 16/09: FRONTAL (câm 21) ONLINE COM ERRO (SD: error, Gravação: error).
Resultado: SEM DADOS PARA VALIDAR — sem problema no CFTV antes da manutenção (não há o que validar)."
31960_2026-09-11,31960,2026-09-11,RESOLVIDO,o problema original desapareceu e não voltou nos registros posteriores,NÃO,NÃO,FRONTAL (câm 21),"FRONTAL (câm 21), FRENTE (câm 22), CORREDOR 1 (câm 23)",2026-09-01,7.0,10.0,SIM,2026-09-15,1.0,4.0,8.0,10.0,NÃO,,,,,"Antes: último registro em 10/09 — LARANJA. Problema: FRONTAL (câm 21) ONLINE COM ERRO (SD: error, Gravação: error).
O problema aparece desde 01/09 (já existia no primeiro registro disponível): 7 registro(s) com problema, 10 dia(s) corrido(s) até 10/09.
Manutenção em 11/09 às 11:43 — técnico Luiz Rodrigo. Anomalias: FRONTAL (câm 21): Sem gravação de imagens; FRENTE (câm 22): Sem gravação de imagens.
No dia da manutenção (11/09) o CFTV mostrava LARANJA (registro exibido à parte: não conta como antes nem depois).
Depois: 15/09 VERDE, 16/09 VERDE, 17/09 VERDE, 18/09 VERDE, 21/09 VERDE, 22/09 VERDE, 23/09 VERDE, 24/09 VERDE.
Normalizou no 1º registro após a manutenção (15/09), 4 dia(s) corrido(s) depois.
Permaneceu normal por 8 registro(s) (10 dia(s) corrido(s)) até o último registro disponível (24/09).
Resultado: RESOLVIDO — o problema original desapareceu e não voltou nos registros posteriores."
32960_2026-09-11,32960,2026-09-11,RESOLVIDO COM RECORRÊNCIA,"normalizou, mas a mesma câmera voltou a apresentar problema",SIM,NÃO,FRONTAL (câm 21),"FRONTAL (câm 21), FRENTE (câm 22), CORREDOR 1 (câm 23)",2026-09-09,2.0,2.0,SIM,2026-09-15,1.0,4.0,6.0,8.0,SIM,2026-09-23,FRONTAL (câm 21),2026-09-17,"CORREDOR 1 (câm 23) ONLINE COM ERRO (SD: error, Gravação: error)","Antes: último registro em 10/09 — VERMELHO. Problema: FRONTAL (câm 21) OFFLINE.
O problema aparece desde 09/09: 2 registro(s) com problema, 2 dia(s) corrido(s) até 10/09.
Manutenção em 11/09 às 22:37 — técnico Anderson Silva. Anomalias: FRONTAL (câm 21): Câmera travada, Sem gravação de imagens, Câmera com sinal de vandalismo; FRENTE (câm 22): Câmera travada, Sem gravação de imagens; CORREDOR 1 (câm 23): Câmera travada, Sem gravação de imagens.
No dia da manutenção (11/09) o CFTV mostrava VERMELHO (registro exibido à parte: não conta como antes nem depois).
Depois: 15/09 VERDE, 16/09 VERDE, 17/09 LARANJA, 18/09 LARANJA, 21/09 LARANJA, 22/09 LARANJA, 23/09 LARANJA, 24/09 VERDE.
Normalizou no 1º registro após a manutenção (15/09), 4 dia(s) corrido(s) depois.
Permaneceu normal por 6 registro(s) (8 dia(s) corrido(s)), até 22/09.
O problema voltou em 23/09 na mesma câmera: FRONTAL (câm 21) ONLINE COM ERRO (SD: error, Gravação: error).
Problema original normalizado. Novo problema identificado em outra câmera em 17/09: CORREDOR 1 (câm 23) ONLINE COM ERRO (SD: error, Gravação: error) (não é recorrência).
Pendência registrada pelo técnico: É necessário fazer a troca do case da câmera 21 que está com sinais de vandalismo.
Resultado: RESOLVIDO COM RECORRÊNCIA — normalizou, mas a mesma câmera voltou a apresentar problema."
31775_2026-09-12,31775,2026-09-12,SEM DADOS PARA VALIDAR,sem problema no CFTV antes da manutenção (não há o que validar),NÃO,SIM,,CORREDOR 1 (câm 23),,,,,,,,,,,,,,,"Antes: último registro em 11/09 — VERDE. Todas as câmeras ONLINE sem erro.
Manutenção em 12/09 às 03:27 — técnico Gesnei souza. Anomalias: CORREDOR 1 (câm 23): Sem gravação de imagens.
Não há registro CFTV no dia da manutenção (12/09).
Depois: 15/09 VERDE, 16/09 VERDE, 17/09 VERDE, 18/09 VERDE, 21/09 VERDE, 22/09 VERDE, 23/09 VERDE, 24/09 VERDE.
Veículo já estava normal antes da manutenção.
Continuou normal em todos os registros posteriores disponíveis.
Resultado: SEM DADOS PARA VALIDAR — sem problema no CFTV antes da manutenção (não há o que validar)."
32039_2026-09-12,32039,2026-09-12,RESOLVIDO,o problema original desapareceu e não voltou nos registros posteriores,SIM,NÃO,FRENTE (câm 22),"FRONTAL (câm 21), FRENTE (câm 22), CORREDOR 1 (câm 23)",2026-09-10,2.0,2.0,SIM,2026-09-15,1.0,3.0,7.0,10.0,NÃO,,,2026-09-21,"CORREDOR 1 (câm 23) ONLINE COM ERRO (SD: error, Gravação: error)","Antes: último registro em 11/09 — VERMELHO. Problema: FRENTE (câm 22) OFFLINE.
O problema aparece desde 10/09: 2 registro(s) com problema, 2 dia(s) corrido(s) até 11/09.
Manutenção em 12/09 às 00:15 — técnico Anderson Silva. Anomalias: FRONTAL (câm 21): Sem gravação de imagens; FRENTE (câm 22): Câmera travada; CORREDOR 1 (câm 23): Sem gravação de imagens, Câmera mal reposicionada.
Não há registro CFTV no dia da manutenção (12/09).
Depois: 15/09 VERDE, 16/09 VERDE, 17/09 VERDE, 18/09 VERDE, 21/09 LARANJA, 22/09 LARANJA, 24/09 LARANJA.
Normalizou no 1º registro após a manutenção (15/09), 3 dia(s) corrido(s) depois.
Permaneceu normal por 7 registro(s) (10 dia(s) corrido(s)) até o último registro disponível (24/09).
Problema original normalizado. Novo problema identificado em outra câmera em 21/09: CORREDOR 1 (câm 23) ONLINE COM ERRO (SD: error, Gravação: error) (não é recorrência).
Pendência registrada pelo técnico: FRENTE (câm 22): Câmera encaminhada para manutenção
Resultado: RESOLVIDO — o problema original desapareceu e não voltou nos registros posteriores."
32272_2026-09-12,32272,2026-09-12,NÃO RESOLVIDO,o problema original permaneceu em todos os registros posteriores,NÃO,NÃO,FRENTE (câm 22),"FRONTAL (câm 21), FRENTE (câm 22), CORREDOR 1 (câm 23)",2026-09-01,8.0,11.0,NÃO,,,,,,,,,,,"Antes: último registro em 11/09 — LARANJA. Problema: FRENTE (câm 22) ONLINE COM ERRO (SD: error, Gravação: error).
O problema aparece desde 01/09 (já existia no primeiro registro disponível): 8 registro(s) com problema, 11 dia(s) corrido(s) até 11/09.
Manutenção em 12/09 às 02:13 — técnico Anderson Silva. Anomalias: FRONTAL (câm 21): Sem gravação de imagens, Configuração incorreta da câmera; FRENTE (câm 22): Sem gravação de imagens, Configuração incorreta da câmera; CORREDOR 1 (câm 23): Sem gravação de imagens, Configuração incorreta da câmera.
Não há registro CFTV no dia da manutenção (12/09).
Depois: 15/09 LARANJA, 16/09 LARANJA, 17/09 LARANJA, 18/09 LARANJA, 21/09 LARANJA, 22/09 LARANJA, 23/09 LARANJA, 24/09 LARANJA.
Continuou com problema: FRENTE (câm 22).
Resultado: NÃO RESOLVIDO — o problema original permaneceu em todos os registros posteriores."
31011_2026-09-14,31011,2026-09-14,NÃO RESOLVIDO,o problema original permaneceu em todos os registros posteriores,NÃO,NÃO,FRONTAL (câm 21),"FRONTAL (câm 21), FRENTE (câm 22), CORREDOR 1 (câm 23)",2026-09-01,8.0,11.0,NÃO,,,,,,,,,,,"Antes: último registro em 11/09 — VERMELHO. Problema: FRONTAL (câm 21) OFFLINE.
O problema aparece desde 01/09 (já existia no primeiro registro disponível): 8 registro(s) com problema, 11 dia(s) corrido(s) até 11/09.
Manutenção em 14/09 às 11:58 — técnico Luiz Rodrigo. Anomalias: FRONTAL (câm 21): Câmera inoperante, Sem gravação de imagens, Câmera com infiltração.
Não há registro CFTV no dia da manutenção (14/09).
Depois: 15/09 VERMELHO, 16/09 VERMELHO, 17/09 VERMELHO, 18/09 VERMELHO, 21/09 VERMELHO, 22/09 VERMELHO, 23/09 VERMELHO, 24/09 VERMELHO.
Continuou com problema: FRONTAL (câm 21).
Resultado: NÃO RESOLVIDO — o problema original permaneceu em todos os registros posteriores."
31668_2026-09-14,31668,2026-09-14,SEM DADOS PARA VALIDAR,sem problema no CFTV antes da manutenção (não há o que validar),NÃO,SIM,,"FRONTAL (câm 21), FRENTE (câm 22), CORREDOR 1 (câm 23)",,,,,,,,,,,,,,,"Antes: último registro em 11/09 — VERDE. Todas as câmeras ONLINE sem erro.
Manutenção em 14/09 às 11:35 — técnico Luiz Rodrigo. Anomalias: FRONTAL (câm 21): Câmera mal reposicionada; FRENTE (câm 22): Sem gravação de imagens, Câmera mal reposicionada.
Não há registro CFTV no dia da manutenção (14/09).
Depois: 15/09 VERDE, 16/09 VERDE, 17/09 VERDE, 18/09 VERDE, 21/09 VERDE, 22/09 VERDE, 23/09 VERDE, 24/09 VERDE.
Veículo já estava normal antes da manutenção.
Continuou normal em todos os registros posteriores disponíveis.
Resultado: SEM DADOS PARA VALIDAR — sem problema no CFTV antes da manutenção (não há o que validar)."
31670_2026-09-14,31670,2026-09-14,SEM DADOS PARA VALIDAR,sem problema no CFTV antes da manutenção (não há o que validar),NÃO,SIM,,"FRONTAL (câm 21), FRENTE (câm 22), CORREDOR 1 (câm 23)",,,,,,,,,,,,,,,"Antes: último registro em 11/09 — VERDE. Todas as câmeras ONLINE sem erro.
Manutenção em 14/09 às 09:15 — técnico Luiz Rodrigo. Anomalias: FRONTAL (câm 21): Câmera mal reposicionada; FRENTE (câm 22): Câmera mal reposicionada; CORREDOR 1 (câm 23): Câmera mal reposicionada.
Não há registro CFTV no dia da manutenção (14/09).
Depois: 15/09 VERDE, 16/09 VERDE.
Veículo já estava normal antes da manutenção.
Continuou normal em todos os registros posteriores disponíveis.
Resultado: SEM DADOS PARA VALIDAR — sem problema no CFTV antes da manutenção (não há o que validar)."
31822_2026-09-14,31822,2026-09-14,SEM DADOS PARA VALIDAR,sem problema no CFTV antes da manutenção (não há o que validar),NÃO,SIM,,,,,,,,,,,,,,,,,"Antes: último registro em 11/09 — VERDE. Todas as câmeras ONLINE sem erro.
Manutenção em 14/09 às 11:15 — técnico Luiz Rodrigo. Anomalias: nenhuma anomalia marcada.
Não há registro CFTV no dia da manutenção (14/09).
Depois: 15/09 VERDE, 16/09 VERDE, 17/09 VERDE, 18/09 VERDE, 21/09 VERDE, 22/09 VERDE, 23/09 VERDE, 24/09 VERDE.
Veículo já estava normal antes da manutenção.
Continuou normal em todos os registros posteriores disponíveis.
Resultado: SEM DADOS PARA VALIDAR — sem problema no CFTV antes da manutenção (não há o que validar)."
31862_2026-09-14,31862,2026-09-14,NÃO RESOLVIDO,o problema original permaneceu em todos os registros posteriores,NÃO,NÃO,CORREDOR 4 (câm 26),"FRONTAL (câm 21), FRENTE (câm 22), CORREDOR 1 (câm 23), CORREDOR 2 (câm 24), CORREDOR 3 (câm 25), CORREDOR 4 (câm 26)",2026-09-01,8.0,11.0,NÃO,,,,,,,,,,,"Antes: último registro em 11/09 — VERMELHO. Problema: CORREDOR 4 (câm 26) OFFLINE.
O problema aparece desde 01/09 (já existia no primeiro registro disponível): 8 registro(s) com problema, 11 dia(s) corrido(s) até 11/09.
Manutenção em 14/09 às 10:51 — técnico Luiz Rodrigo. Anomalias: FRONTAL (câm 21): Câmera mal reposicionada; CORREDOR 1 (câm 23): Sem gravação de imagens; CORREDOR 2 (câm 24): Câmera mal reposicionada; CORREDOR 3 (câm 25): Câmera mal reposicionada; CORREDOR 4 (câm 26): Câmera inoperante.
Não há registro CFTV no dia da manutenção (14/09).
Depois: 15/09 VERMELHO, 16/09 VERMELHO, 17/09 VERMELHO, 18/09 VERMELHO, 21/09 VERMELHO, 22/09 VERMELHO, 23/09 VERMELHO, 24/09 VERMELHO.
Continuou com problema: CORREDOR 4 (câm 26).
Resultado: NÃO RESOLVIDO — o problema original permaneceu em todos os registros posteriores."
31955_2026-09-14,31955,2026-09-14,SEM DADOS PARA VALIDAR,sem problema no CFTV antes da manutenção (não há o que validar),NÃO,SIM,,"FRONTAL (câm 21), FRENTE (câm 22), CORREDOR 1 (câm 23)",,,,,,,,,,,,,,,"Antes: último registro em 11/09 — VERDE. Todas as câmeras ONLINE sem erro.
Manutenção em 14/09 às 08:35 — técnico Luiz Rodrigo. Anomalias: FRONTAL (câm 21): Câmera mal reposicionada.
Não há registro CFTV no dia da manutenção (14/09).
Depois: 15/09 VERDE, 16/09 VERDE, 17/09 VERDE, 18/09 VERDE.
Veículo já estava normal antes da manutenção.
Continuou normal em todos os registros posteriores disponíveis.
Resultado: SEM DADOS PARA VALIDAR — sem problema no CFTV antes da manutenção (não há o que validar)."
31986_2026-09-14,31986,2026-09-14,RESOLVIDO,o problema original desapareceu e não voltou nos registros posteriores,NÃO,NÃO,FRONTAL (câm 21),FRENTE (câm 22),2026-09-01,8.0,11.0,SIM,2026-09-15,1.0,1.0,8.0,10.0,NÃO,,,,,"Antes: último registro em 11/09 — VERMELHO. Problema: FRONTAL (câm 21) OFFLINE.
O problema aparece desde 01/09 (já existia no primeiro registro disponível): 8 registro(s) com problema, 11 dia(s) corrido(s) até 11/09.
Manutenção em 14/09 às 23:53 — técnico Rafael Diniz. Anomalias: FRENTE (câm 22): Câmera inoperante.
Não há registro CFTV no dia da manutenção (14/09).
Depois: 15/09 VERDE, 16/09 VERDE, 17/09 VERDE, 18/09 VERDE, 21/09 VERDE, 22/09 VERDE, 23/09 VERDE, 24/09 VERDE.
Normalizou no 1º registro após a manutenção (15/09), 1 dia(s) corrido(s) depois.
Permaneceu normal por 8 registro(s) (10 dia(s) corrido(s)) até o último registro disponível (24/09).
Resultado: RESOLVIDO — o problema original desapareceu e não voltou nos registros posteriores."
32038_2026-09-14,32038,2026-09-14,RESOLVIDO,o problema original desapareceu e não voltou nos registros posteriores,NÃO,NÃO,FRENTE (câm 22),"FRONTAL (câm 21), FRENTE (câm 22), CORREDOR 1 (câm 23)",2026-09-08,4.0,4.0,SIM,2026-09-15,1.0,1.0,8.0,10.0,NÃO,,,,,"Antes: último registro em 11/09 — LARANJA. Problema: FRENTE (câm 22) ONLINE COM ERRO (SD: error, Gravação: error).
O problema aparece desde 08/09: 4 registro(s) com problema, 4 dia(s) corrido(s) até 11/09.
Manutenção em 14/09 às 22:25 — técnico Anderson Silva. Anomalias: FRONTAL (câm 21): Sem gravação de imagens, Configuração incorreta da câmera; FRENTE (câm 22): Sem gravação de imagens, Configuração incorreta da câmera; CORREDOR 1 (câm 23): Sem gravação de imagens, Configuração incorreta da câmera.
Não há registro CFTV no dia da manutenção (14/09).
Depois: 15/09 VERDE, 16/09 VERDE, 17/09 VERDE, 18/09 VERDE, 21/09 VERDE, 22/09 VERDE, 23/09 VERDE, 24/09 VERDE.
Normalizou no 1º registro após a manutenção (15/09), 1 dia(s) corrido(s) depois.
Permaneceu normal por 8 registro(s) (10 dia(s) corrido(s)) até o último registro disponível (24/09).
Resultado: RESOLVIDO — o problema original desapareceu e não voltou nos registros posteriores."
32062_2026-09-14,32062,2026-09-14,RESOLVIDO COM RECORRÊNCIA,"normalizou, mas a mesma câmera voltou a apresentar problema",NÃO,NÃO,CORREDOR 1 (câm 23),"FRONTAL (câm 21), FRENTE (câm 22), CORREDOR 1 (câm 23)",2026-09-11,1.0,1.0,SIM,2026-09-15,1.0,1.0,5.0,7.0,SIM,2026-09-22,CORREDOR 1 (câm 23),,,"Antes: último registro em 11/09 — VERMELHO. Problema: CORREDOR 1 (câm 23) OFFLINE.
O problema aparece desde 11/09: 1 registro(s) com problema, 1 dia(s) corrido(s) até 11/09.
Manutenção em 14/09 às 00:33 — técnico Anderson Silva. Anomalias: FRONTAL (câm 21): Sem gravação de imagens, Configuração incorreta da câmera; FRENTE (câm 22): Configuração incorreta da câmera; CORREDOR 1 (câm 23): Sem gravação de imagens, Configuração incorreta da câmera.
Manutenção em 14/09 às 01:01 — técnico Anderson Silva. Anomalias: FRONTAL (câm 21): Sem gravação de imagens, Configuração incorreta da câmera; FRENTE (câm 22): Configuração incorreta da câmera; CORREDOR 1 (câm 23): Sem gravação de imagens, Configuração incorreta da câmera.
Não há registro CFTV no dia da manutenção (14/09).
Depois: 15/09 VERDE, 16/09 VERDE, 17/09 VERDE, 18/09 VERDE, 21/09 VERDE, 22/09 VERMELHO, 23/09 VERMELHO, 24/09 VERMELHO.
Normalizou no 1º registro após a manutenção (15/09), 1 dia(s) corrido(s) depois.
Permaneceu normal por 5 registro(s) (7 dia(s) corrido(s)), até 21/09.
O problema voltou em 22/09 na mesma câmera: CORREDOR 1 (câm 23) OFFLINE.
Resultado: RESOLVIDO COM RECORRÊNCIA — normalizou, mas a mesma câmera voltou a apresentar problema."
32616_2026-09-14,32616,2026-09-14,RESOLVIDO COM RECORRÊNCIA,"normalizou, mas a mesma câmera voltou a apresentar problema",NÃO,NÃO,FRONTAL (câm 21),FRENTE (câm 22),2026-09-08,4.0,4.0,SIM,2026-09-15,1.0,1.0,6.0,8.0,SIM,2026-09-23,FRONTAL (câm 21),,,"Antes: último registro em 11/09 — LARANJA. Problema: FRONTAL (câm 21) ONLINE COM ERRO (SD: error, Gravação: error).
O problema aparece desde 08/09: 4 registro(s) com problema, 4 dia(s) corrido(s) até 11/09.
Manutenção em 14/09 às 01:50 — técnico Anderson Silva. Anomalias: FRENTE (câm 22): Sem gravação de imagens.
Não há registro CFTV no dia da manutenção (14/09).
Depois: 15/09 VERDE, 16/09 VERDE, 17/09 VERDE, 18/09 VERDE, 21/09 VERDE, 22/09 VERDE, 23/09 LARANJA, 24/09 LARANJA.
Normalizou no 1º registro após a manutenção (15/09), 1 dia(s) corrido(s) depois.
Permaneceu normal por 6 registro(s) (8 dia(s) corrido(s)), até 22/09.
O problema voltou em 23/09 na mesma câmera: FRONTAL (câm 21) ONLINE COM ERRO (SD: error, Gravação: error).
Resultado: RESOLVIDO COM RECORRÊNCIA — normalizou, mas a mesma câmera voltou a apresentar problema."
32641_2026-09-14,32641,2026-09-14,NÃO RESOLVIDO,o problema original permaneceu em todos os registros posteriores,SIM,NÃO,CORREDOR 1 (câm 23),"FRENTE (câm 22), CORREDOR 1 (câm 23)",2026-09-01,8.0,11.0,NÃO,,,,,,,,,,,"Antes: último registro em 11/09 — LARANJA. Problema: CORREDOR 1 (câm 23) ONLINE COM ERRO (SD: error, Gravação: error).
O problema aparece desde 01/09 (já existia no primeiro registro disponível): 8 registro(s) com problema, 11 dia(s) corrido(s) até 11/09.
Manutenção em 14/09 às 03:11 — técnico Anderson Silva. Anomalias: FRENTE (câm 22): Câmera mal reposicionada; CORREDOR 1 (câm 23): Sem gravação de imagens, Câmera mal reposicionada.
Não há registro CFTV no dia da manutenção (14/09).
Depois: 15/09 LARANJA, 16/09 LARANJA, 17/09 LARANJA, 18/09 LARANJA, 21/09 LARANJA, 22/09 LARANJA, 23/09 LARANJA, 24/09 LARANJA.
Continuou com problema: CORREDOR 1 (câm 23).
Pendência registrada pelo técnico: A câmera 23 estava mal posicionada e o cartão de memória está com defeito necessitando trocar.
Resultado: NÃO RESOLVIDO — o problema original permaneceu em todos os registros posteriores."
51022_2026-09-14,51022,2026-09-14,PARCIALMENTE RESOLVIDO,parte das câmeras com problema normalizou e parte não,NÃO,NÃO,"FRONTAL (câm 21), FRENTE (câm 22), CORREDOR 1 (câm 23)","FRONTAL (câm 21), CORREDOR 1 (câm 23)",2026-09-01,8.0,11.0,NÃO,,,,,,SIM,2026-09-21,"FRONTAL (câm 21), CORREDOR 1 (câm 23)",,,"Antes: último registro em 11/09 — VERMELHO. Problema: FRONTAL (câm 21) OFFLINE; FRENTE (câm 22) OFFLINE; CORREDOR 1 (câm 23) OFFLINE.
O problema aparece desde 01/09 (já existia no primeiro registro disponível): 8 registro(s) com problema, 11 dia(s) corrido(s) até 11/09.
Manutenção em 14/09 às 01:37 — técnico Gustavo Nunes. Anomalias: FRONTAL (câm 21): Sem gravação de imagens; CORREDOR 1 (câm 23): Sem gravação de imagens.
Não há registro CFTV no dia da manutenção (14/09).
Depois: 15/09 LARANJA, 16/09 LARANJA, 17/09 LARANJA, 18/09 LARANJA, 21/09 VERMELHO, 22/09 VERMELHO, 23/09 LARANJA, 24/09 LARANJA.
Normalizou só em parte: FRONTAL (câm 21) normalizou em 15/09; CORREDOR 1 (câm 23) normalizou em 15/09.
Continuou com problema: FRENTE (câm 22).
A mesma câmera voltou a falhar em 21/09: FRONTAL (câm 21) OFFLINE; CORREDOR 1 (câm 23) OFFLINE.
Resultado: PARCIALMENTE RESOLVIDO — parte das câmeras com problema normalizou e parte não."
51057_2026-09-14,51057,2026-09-14,NÃO RESOLVIDO,o problema original permaneceu em todos os registros posteriores,NÃO,NÃO,CORREDOR 1 (câm 23),,2026-09-08,4.0,4.0,NÃO,,,,,,,,,,,"Antes: último registro em 11/09 — LARANJA. Problema: CORREDOR 1 (câm 23) ONLINE COM ERRO (SD: error, Gravação: error).
O problema aparece desde 08/09: 4 registro(s) com problema, 4 dia(s) corrido(s) até 11/09.
Manutenção em 14/09 às 23:45 — técnico FELIX SECURITY GABRIEL. Anomalias: nenhuma anomalia marcada.
Não há registro CFTV no dia da manutenção (14/09).
Depois: 15/09 LARANJA.
Continuou com problema: CORREDOR 1 (câm 23).
Resultado: NÃO RESOLVIDO — o problema original permaneceu em todos os registros posteriores."
51061_2026-09-14,51061,2026-09-14,RESOLVIDO,o problema original desapareceu e não voltou nos registros posteriores,NÃO,NÃO,"FRONTAL (câm 21), FRENTE (câm 22), CORREDOR 1 (câm 23)",,2026-09-10,2.0,2.0,SIM,2026-09-15,1.0,1.0,8.0,10.0,NÃO,,,,,"Antes: último registro em 11/09 — VERMELHO. Problema: FRONTAL (câm 21) OFFLINE; FRENTE (câm 22) OFFLINE; CORREDOR 1 (câm 23) OFFLINE.
O problema aparece desde 10/09: 2 registro(s) com problema, 2 dia(s) corrido(s) até 11/09.
Manutenção em 14/09 às 01:25 — técnico Gustavo Nunes. Anomalias: nenhuma anomalia marcada.
Não há registro CFTV no dia da manutenção (14/09).
Depois: 15/09 VERDE, 16/09 VERDE, 17/09 VERDE, 18/09 VERDE, 21/09 VERDE, 22/09 VERDE, 23/09 VERDE, 24/09 VERDE.
Normalizou no 1º registro após a manutenção (15/09), 1 dia(s) corrido(s) depois.
Permaneceu normal por 8 registro(s) (10 dia(s) corrido(s)) até o último registro disponível (24/09).
Resultado: RESOLVIDO — o problema original desapareceu e não voltou nos registros posteriores."
52124_2026-09-14,52124,2026-09-14,NÃO RESOLVIDO,o problema original permaneceu em todos os registros posteriores,NÃO,NÃO,"FRONTAL (câm 21), CORREDOR 4 (câm 26)",,2026-09-01,8.0,11.0,NÃO,,,,,,,,,,,"Antes: último registro em 11/09 — LARANJA. Problema: FRONTAL (câm 21) ONLINE COM ERRO (SD: error, Gravação: error); CORREDOR 4 (câm 26) ONLINE COM ERRO (SD: error, Gravação: error).
O problema aparece desde 01/09 (já existia no primeiro registro disponível): 8 registro(s) com problema, 11 dia(s) corrido(s) até 11/09.
Manutenção em 14/09 às 23:19 — técnico FELIX SECURITY GABRIEL. Anomalias: nenhuma anomalia marcada.
Não há registro CFTV no dia da manutenção (14/09).
Depois: 15/09 LARANJA, 16/09 LARANJA, 17/09 LARANJA, 18/09 LARANJA, 21/09 LARANJA, 22/09 LARANJA, 23/09 LARANJA, 24/09 LARANJA.
Continuou com problema: FRONTAL (câm 21), CORREDOR 4 (câm 26).
Resultado: NÃO RESOLVIDO — o problema original permaneceu em todos os registros posteriores."
73614_2026-09-14,73614,2026-09-14,SEM DADOS PARA VALIDAR,sem problema no CFTV antes da manutenção (não há o que validar),NÃO,SIM,,"FRONTAL (câm 21), FRENTE (câm 22), CORREDOR 1 (câm 23), CORREDOR 2 (câm 24), CORREDOR 3 (câm 25), CORREDOR 4 (câm 26)",,,,,,,,,,,,,,,"Antes: último registro em 11/09 — VERDE. Todas as câmeras ONLINE sem erro.
Manutenção em 14/09 às 23:41 — técnico John Lima. Anomalias: FRONTAL (câm 21): Câmera mal reposicionada, Configuração incorreta da câmera; FRENTE (câm 22): Configuração incorreta da câmera; CORREDOR 1 (câm 23): Sem gravação de imagens, Configuração incorreta da câmera; CORREDOR 2 (câm 24): Sem gravação de imagens, Configuração incorreta da câmera; CORREDOR 3 (câm 25): Sem gravação de imagens, Configuração incorreta da câmera; CORREDOR 4 (câm 26): Configuração incorreta da câmera.
Não há registro CFTV no dia da manutenção (14/09).
Depois: 15/09 VERDE, 16/09 VERDE, 17/09 VERDE, 18/09 VERDE, 21/09 VERDE, 22/09 VERDE, 23/09 VERMELHO, 24/09 VERMELHO.
Veículo já estava normal antes da manutenção.
Surgiu problema depois, em 23/09: FRONTAL (câm 21) OFFLINE; FRENTE (câm 22) OFFLINE; CORREDOR 1 (câm 23) OFFLINE; CORREDOR 2 (câm 24) OFFLINE; CORREDOR 3 (câm 25) OFFLINE; CORREDOR 4 (câm 26) OFFLINE.
Resultado: SEM DADOS PARA VALIDAR — sem problema no CFTV antes da manutenção (não há o que validar)."
11661_2026-09-15,11661,2026-09-15,SEM DADOS PARA VALIDAR,sem problema no CFTV antes da manutenção (não há o que validar),NÃO,SIM,,FRENTE (câm 22),,,,,,,,,,,,,,,"Antes: último registro em 11/09 — VERDE. Todas as câmeras ONLINE sem erro.
Manutenção em 15/09 às 01:39 — técnico Leandro Resende. Anomalias: FRENTE (câm 22): Câmera mal reposicionada.
No dia da manutenção (15/09) o CFTV mostrava VERDE (registro exibido à parte: não conta como antes nem depois).
Depois: 16/09 VERDE, 17/09 VERDE, 18/09 VERDE, 21/09 VERDE, 22/09 VERDE, 23/09 VERDE, 24/09 VERDE.
Veículo já estava normal antes da manutenção.
Continuou normal em todos os registros posteriores disponíveis.
Resultado: SEM DADOS PARA VALIDAR — sem problema no CFTV antes da manutenção (não há o que validar)."
11725_2026-09-15,11725,2026-09-15,SEM DADOS PARA VALIDAR,sem problema no CFTV antes da manutenção (não há o que validar),NÃO,SIM,,"FRENTE (câm 22), CORREDOR 1 (câm 23)",,,,,,,,,,,,,,,"Antes: último registro em 11/09 — VERDE. Todas as câmeras ONLINE sem erro.
Manutenção em 15/09 às 00:58 — técnico Leandro Resende. Anomalias: FRENTE (câm 22): Câmera mal reposicionada; CORREDOR 1 (câm 23): Câmera mal reposicionada.
No dia da manutenção (15/09) o CFTV mostrava VERDE (registro exibido à parte: não conta como antes nem depois).
Depois: 16/09 VERDE, 17/09 VERDE, 18/09 VERDE, 21/09 VERDE, 22/09 VERDE, 23/09 VERDE, 24/09 VERDE.
Veículo já estava normal antes da manutenção.
Continuou normal em todos os registros posteriores disponíveis.
Resultado: SEM DADOS PARA VALIDAR — sem problema no CFTV antes da manutenção (não há o que validar)."
11744_2026-09-15,11744,2026-09-15,SEM DADOS PARA VALIDAR,sem problema no CFTV antes da manutenção (não há o que validar),NÃO,SIM,,FRENTE (câm 22),,,,,,,,,,,,,,,"Antes: último registro em 11/09 — VERDE. Todas as câmeras ONLINE sem erro.
Manutenção em 15/09 às 01:23 — técnico Leandro Resende. Anomalias: FRENTE (câm 22): Câmera mal reposicionada.
No dia da manutenção (15/09) o CFTV mostrava VERDE (registro exibido à parte: não conta como antes nem depois).
Depois: 16/09 VERDE, 17/09 VERDE, 18/09 VERDE, 21/09 VERDE, 22/09 VERDE, 23/09 VERDE, 24/09 VERDE.
Veículo já estava normal antes da manutenção.
Continuou normal em todos os registros posteriores disponíveis.
Resultado: SEM DADOS PARA VALIDAR — sem problema no CFTV antes da manutenção (não há o que validar)."
11801_2026-09-15,11801,2026-09-15,SEM DADOS PARA VALIDAR,sem problema no CFTV antes da manutenção (não há o que validar),NÃO,SIM,,FRENTE (câm 22),,,,,,,,,,,,,,,"Antes: último registro em 11/09 — VERDE. Todas as câmeras ONLINE sem erro.
Manutenção em 15/09 às 01:52 — técnico Leandro Resende. Anomalias: FRENTE (câm 22): Câmera mal reposicionada.
No dia da manutenção (15/09) o CFTV mostrava VERDE (registro exibido à parte: não conta como antes nem depois).
Depois: 16/09 VERDE, 17/09 VERDE, 18/09 VERDE, 21/09 VERDE, 22/09 VERDE, 23/09 VERDE, 24/09 VERDE.
Veículo já estava normal antes da manutenção.
Continuou normal em todos os registros posteriores disponíveis.
Resultado: SEM DADOS PARA VALIDAR — sem problema no CFTV antes da manutenção (não há o que validar)."
11810_2026-09-15,11810,2026-09-15,SEM DADOS PARA VALIDAR,sem problema no CFTV antes da manutenção (não há o que validar),NÃO,SIM,,FRENTE (câm 22),,,,,,,,,,,,,,,"Antes: último registro em 11/09 — VERDE. Todas as câmeras ONLINE sem erro.
Manutenção em 15/09 às 02:06 — técnico Leandro Resende. Anomalias: FRENTE (câm 22): Câmera mal reposicionada.
No dia da manutenção (15/09) o CFTV mostrava VERDE (registro exibido à parte: não conta como antes nem depois).
Depois: 16/09 VERDE, 17/09 VERDE, 18/09 VERDE, 21/09 VERDE, 22/09 VERDE, 23/09 VERDE, 24/09 VERDE.
Veículo já estava normal antes da manutenção.
Continuou normal em todos os registros posteriores disponíveis.
Resultado: SEM DADOS PARA VALIDAR — sem problema no CFTV antes da manutenção (não há o que validar)."
11831_2026-09-15,11831,2026-09-15,SEM DADOS PARA VALIDAR,sem problema no CFTV antes da manutenção (não há o que validar),NÃO,SIM,,FRENTE (câm 22),,,,,,,,,,,,,,,"Antes: último registro em 11/09 — VERDE. Todas as câmeras ONLINE sem erro.
Manutenção em 15/09 às 00:41 — técnico Leandro Resende. Anomalias: FRENTE (câm 22): Câmera mal reposicionada.
No dia da manutenção (15/09) o CFTV mostrava VERDE (registro exibido à parte: não conta como antes nem depois).
Depois: 16/09 VERDE, 17/09 VERDE, 18/09 VERDE, 21/09 VERDE, 22/09 VERDE, 23/09 VERDE, 24/09 VERDE.
Veículo já estava normal antes da manutenção.
Continuou normal em todos os registros posteriores disponíveis.
Resultado: SEM DADOS PARA VALIDAR — sem problema no CFTV antes da manutenção (não há o que validar)."
11834_2026-09-15,11834,2026-09-15,SEM DADOS PARA VALIDAR,sem problema no CFTV antes da manutenção (não há o que validar),NÃO,SIM,,FRENTE (câm 22),,,,,,,,,,,,,,,"Antes: último registro em 11/09 — VERDE. Todas as câmeras ONLINE sem erro.
Manutenção em 15/09 às 01:10 — técnico Leandro Resende. Anomalias: FRENTE (câm 22): Câmera mal reposicionada.
No dia da manutenção (15/09) o CFTV mostrava VERDE (registro exibido à parte: não conta como antes nem depois).
Depois: 16/09 VERDE, 17/09 VERDE, 18/09 VERDE, 21/09 VERDE, 22/09 VERDE, 23/09 VERDE, 24/09 VERDE.
Veículo já estava normal antes da manutenção.
Continuou normal em todos os registros posteriores disponíveis.
Resultado: SEM DADOS PARA VALIDAR — sem problema no CFTV antes da manutenção (não há o que validar)."
11840_2026-09-15,11840,2026-09-15,NÃO RESOLVIDO,o problema original permaneceu em todos os registros posteriores,NÃO,NÃO,FRENTE (câm 22),FRENTE (câm 22),2026-09-01,7.0,11.0,NÃO,,,,,,,,,,,"Antes: último registro em 11/09 — LARANJA. Problema: FRENTE (câm 22) ONLINE COM ERRO (SD: error, Gravação: error).
O problema aparece desde 01/09 (já existia no primeiro registro disponível): 7 registro(s) com problema, 11 dia(s) corrido(s) até 11/09.
Manutenção em 15/09 às 02:14 — técnico Leandro Resende. Anomalias: FRENTE (câm 22): Câmera mal reposicionada.
No dia da manutenção (15/09) o CFTV mostrava LARANJA (registro exibido à parte: não conta como antes nem depois).
Depois: 16/09 LARANJA, 17/09 LARANJA, 18/09 LARANJA, 21/09 LARANJA, 22/09 LARANJA, 23/09 LARANJA, 24/09 LARANJA.
Continuou com problema: FRENTE (câm 22).
Resultado: NÃO RESOLVIDO — o problema original permaneceu em todos os registros posteriores."
31182_2026-09-15,31182,2026-09-15,RESOLVIDO COM RECORRÊNCIA,"normalizou, mas a mesma câmera voltou a apresentar problema",SIM,NÃO,"CORREDOR 2 (câm 24), CORREDOR 3 (câm 25)",CORREDOR 3 (câm 25),2026-09-09,3.0,3.0,SIM,2026-09-16,1.0,1.0,2.0,2.0,SIM,2026-09-18,"CORREDOR 2 (câm 24), CORREDOR 3 (câm 25)",,,"Antes: último registro em 11/09 — VERMELHO. Problema: CORREDOR 2 (câm 24) OFFLINE; CORREDOR 3 (câm 25) ONLINE COM ERRO (SD: error, Gravação: error).
O problema aparece desde 09/09: 3 registro(s) com problema, 3 dia(s) corrido(s) até 11/09.
Manutenção em 15/09 às 23:26 — técnico Joel. Anomalias: CORREDOR 3 (câm 25): Sem gravação de imagens.
No dia da manutenção (15/09) o CFTV mostrava LARANJA (registro exibido à parte: não conta como antes nem depois).
Depois: 16/09 VERDE, 17/09 VERDE, 18/09 VERMELHO, 21/09 VERMELHO, 22/09 LARANJA, 23/09 LARANJA, 24/09 LARANJA.
Normalizou no 1º registro após a manutenção (16/09), 1 dia(s) corrido(s) depois.
Permaneceu normal por 2 registro(s) (2 dia(s) corrido(s)), até 17/09.
O problema voltou em 18/09 na mesma câmera: CORREDOR 2 (câm 24) OFFLINE; CORREDOR 3 (câm 25) ONLINE COM ERRO (SD: error, Gravação: error).
Pendência registrada pelo técnico: Câmeras gravando e funcionando normalmente, exceto câmera 25 precisa de um novo cartão SD
Resultado: RESOLVIDO COM RECORRÊNCIA — normalizou, mas a mesma câmera voltou a apresentar problema."
31299_2026-09-15,31299,2026-09-15,RESOLVIDO,o problema original desapareceu e não voltou nos registros posteriores,NÃO,NÃO,FRONTAL (câm 21),"FRONTAL (câm 21), FRENTE (câm 22), CORREDOR 1 (câm 23)",2026-09-01,8.0,11.0,SIM,2026-09-16,1.0,1.0,7.0,9.0,NÃO,,,2026-09-16,CORREDOR 3 (câm 25) OFFLINE; CORREDOR 4 (câm 26) OFFLINE,"Antes: último registro em 11/09 — VERMELHO. Problema: FRONTAL (câm 21) OFFLINE.
O problema aparece desde 01/09 (já existia no primeiro registro disponível): 8 registro(s) com problema, 11 dia(s) corrido(s) até 11/09.
Manutenção em 15/09 às 02:01 — técnico Joel. Anomalias: FRONTAL (câm 21): Sem gravação de imagens, Câmera mal reposicionada; FRENTE (câm 22): Sem gravação de imagens, Configuração incorreta da câmera; CORREDOR 1 (câm 23): Configuração incorreta da câmera.
No dia da manutenção (15/09) o CFTV mostrava VERMELHO (registro exibido à parte: não conta como antes nem depois).
Depois: 16/09 VERMELHO, 17/09 VERMELHO, 18/09 VERMELHO, 21/09 VERMELHO, 22/09 VERMELHO, 23/09 VERMELHO, 24/09 VERMELHO.
Normalizou no 1º registro após a manutenção (16/09), 1 dia(s) corrido(s) depois.
Permaneceu normal por 7 registro(s) (9 dia(s) corrido(s)) até o último registro disponível (24/09).
Problema original normalizado. Novo problema identificado em outra câmera em 16/09: CORREDOR 3 (câm 25) OFFLINE; CORREDOR 4 (câm 26) OFFLINE (não é recorrência).
Resultado: RESOLVIDO — o problema original desapareceu e não voltou nos registros posteriores."
31629_2026-09-15,31629,2026-09-15,RESOLVIDO,o problema original desapareceu e não voltou nos registros posteriores,NÃO,NÃO,FRENTE (câm 22),FRONTAL (câm 21),2026-09-01,8.0,11.0,SIM,2026-09-16,1.0,1.0,7.0,9.0,NÃO,,,,,"Antes: último registro em 11/09 — VERMELHO. Problema: FRENTE (câm 22) OFFLINE.
O problema aparece desde 01/09 (já existia no primeiro registro disponível): 8 registro(s) com problema, 11 dia(s) corrido(s) até 11/09.
Manutenção em 15/09 às 00:00 — técnico Joel. Anomalias: FRONTAL (câm 21): Câmera inoperante, Câmera travada.
No dia da manutenção (15/09) o CFTV mostrava VERDE (registro exibido à parte: não conta como antes nem depois).
Depois: 16/09 VERDE, 17/09 VERDE, 18/09 VERDE, 21/09 VERDE, 22/09 VERDE, 23/09 VERDE, 24/09 VERDE.
Normalizou no 1º registro após a manutenção (16/09), 1 dia(s) corrido(s) depois.
Permaneceu normal por 7 registro(s) (9 dia(s) corrido(s)) até o último registro disponível (24/09).
Resultado: RESOLVIDO — o problema original desapareceu e não voltou nos registros posteriores."
31657_2026-09-15,31657,2026-09-15,SEM DADOS PARA VALIDAR,sem problema no CFTV antes da manutenção (não há o que validar),NÃO,SIM,,"FRONTAL (câm 21), FRENTE (câm 22), CORREDOR 1 (câm 23)",,,,,,,,,,,,,,,"Antes: último registro em 11/09 — VERDE. Todas as câmeras ONLINE sem erro.
Manutenção em 15/09 às 11:22 — técnico Luiz Rodrigo. Anomalias: FRENTE (câm 22): Sem gravação de imagens, Configuração incorreta da câmera; CORREDOR 1 (câm 23): Sem gravação de imagens, Configuração incorreta da câmera.
No dia da manutenção (15/09) o CFTV mostrava VERDE (registro exibido à parte: não conta como antes nem depois).
Depois: 16/09 VERDE, 17/09 VERDE, 18/09 VERDE, 21/09 VERDE, 22/09 VERDE, 23/09 VERDE, 24/09 VERDE.
Veículo já estava normal antes da manutenção.
Continuou normal em todos os registros posteriores disponíveis.
Resultado: SEM DADOS PARA VALIDAR — sem problema no CFTV antes da manutenção (não há o que validar)."
31700_2026-09-15,31700,2026-09-15,NÃO RESOLVIDO,o problema original permaneceu em todos os registros posteriores,NÃO,NÃO,"FRONTAL (câm 21), FRENTE (câm 22), CORREDOR 1 (câm 23)","FRONTAL (câm 21), FRENTE (câm 22), CORREDOR 1 (câm 23)",2026-09-10,2.0,2.0,NÃO,,,,,,,,,,,"Antes: último registro em 11/09 — VERMELHO. Problema: FRONTAL (câm 21) OFFLINE; FRENTE (câm 22) OFFLINE; CORREDOR 1 (câm 23) OFFLINE.
O problema aparece desde 10/09: 2 registro(s) com problema, 2 dia(s) corrido(s) até 11/09.
Manutenção em 15/09 às 00:43 — técnico Joel. Anomalias: FRONTAL (câm 21): Câmera travada, Sem gravação de imagens, Falha na conexão dos cabos; FRENTE (câm 22): Sem gravação de imagens, Configuração incorreta da câmera; CORREDOR 1 (câm 23): Sem gravação de imagens, Configuração incorreta da câmera.
No dia da manutenção (15/09) o CFTV mostrava VERMELHO (registro exibido à parte: não conta como antes nem depois).
Depois: 16/09 VERMELHO, 17/09 VERMELHO, 18/09 VERMELHO, 21/09 VERMELHO, 22/09 VERMELHO, 23/09 VERMELHO, 24/09 VERMELHO.
Continuou com problema: FRONTAL (câm 21), FRENTE (câm 22), CORREDOR 1 (câm 23).
Resultado: NÃO RESOLVIDO — o problema original permaneceu em todos os registros posteriores."
31753_2026-09-15,31753,2026-09-15,SEM DADOS PARA VALIDAR,sem problema no CFTV antes da manutenção (não há o que validar),NÃO,SIM,,"FRONTAL (câm 21), FRENTE (câm 22), CORREDOR 1 (câm 23)",,,,,,,,,,,,,,,"Antes: último registro em 11/09 — VERDE. Todas as câmeras ONLINE sem erro.
Manutenção em 15/09 às 15:41 — técnico Luiz Rodrigo. Anomalias: FRONTAL (câm 21): Sem gravação de imagens; FRENTE (câm 22): Sem gravação de imagens, Câmera mal reposicionada; CORREDOR 1 (câm 23): Câmera mal reposicionada.
No dia da manutenção (15/09) o CFTV mostrava VERMELHO (registro exibido à parte: não conta como antes nem depois).
Depois: 16/09 LARANJA, 17/09 LARANJA, 18/09 LARANJA, 21/09 LARANJA, 22/09 LARANJA.
Veículo já estava normal antes da manutenção.
Surgiu problema depois, em 16/09: FRENTE (câm 22) ONLINE COM ERRO (SD: error, Gravação: error).
Resultado: SEM DADOS PARA VALIDAR — sem problema no CFTV antes da manutenção (não há o que validar)."
31818_2026-09-15,31818,2026-09-15,SEM DADOS PARA VALIDAR,nova manutenção no mesmo prefixo antes do próximo registro CFTV,NÃO,NÃO,"FRENTE (câm 22), CORREDOR 4 (câm 26)","FRONTAL (câm 21), FRENTE (câm 22), CORREDOR 1 (câm 23), CORREDOR 2 (câm 24), CORREDOR 3 (câm 25), CORREDOR 4 (câm 26)",2026-09-01,8.0,11.0,,,,,,,,,,,,"Antes: último registro em 11/09 — VERMELHO. Problema: FRENTE (câm 22) ONLINE COM ERRO (SD: error, Gravação: error); CORREDOR 4 (câm 26) OFFLINE.
O problema aparece desde 01/09 (já existia no primeiro registro disponível): 8 registro(s) com problema, 11 dia(s) corrido(s) até 11/09.
Manutenção em 15/09 às 13:28 — técnico Luiz Rodrigo. Anomalias: FRONTAL (câm 21): Sem gravação de imagens, Configuração incorreta da câmera; FRENTE (câm 22): Câmera mal reposicionada; CORREDOR 1 (câm 23): Câmera mal reposicionada; CORREDOR 2 (câm 24): Câmera mal reposicionada; CORREDOR 3 (câm 25): Câmera mal reposicionada.
No dia da manutenção (15/09) o CFTV mostrava LARANJA (registro exibido à parte: não conta como antes nem depois).
Resultado: SEM DADOS PARA VALIDAR — nova manutenção no mesmo prefixo antes do próximo registro CFTV."
31841_2026-09-15,31841,2026-09-15,RESOLVIDO,o problema original desapareceu e não voltou nos registros posteriores,NÃO,NÃO,"FRONTAL (câm 21), FRENTE (câm 22), CORREDOR 2 (câm 24), CORREDOR 4 (câm 26)","FRONTAL (câm 21), FRENTE (câm 22), CORREDOR 1 (câm 23), CORREDOR 2 (câm 24), CORREDOR 3 (câm 25), CORREDOR 4 (câm 26)",2026-09-01,8.0,11.0,SIM,2026-09-16,1.0,1.0,7.0,9.0,NÃO,,,,,"Antes: último registro em 11/09 — VERMELHO. Problema: FRONTAL (câm 21) ONLINE COM ERRO (SD: error, Gravação: error); FRENTE (câm 22) OFFLINE; CORREDOR 2 (câm 24) ONLINE COM ERRO (SD: error, Gravação: error); CORREDOR 4 (câm 26) OFFLINE.
O problema aparece desde 01/09 (já existia no primeiro registro disponível): 8 registro(s) com problema, 11 dia(s) corrido(s) até 11/09.
Manutenção em 15/09 às 06:08 — técnico Rafael Diniz. Anomalias: FRONTAL (câm 21): Configuração incorreta da câmera; FRENTE (câm 22): Sem gravação de imagens, Câmera desligada manualmente; CORREDOR 1 (câm 23): Configuração incorreta da câmera; CORREDOR 2 (câm 24): Sem gravação de imagens, Configuração incorreta da câmera; CORREDOR 3 (câm 25): Configuração incorreta da câmera; CORREDOR 4 (câm 26): Câmera inoperante, Cabeamento rompido/danificado, Switch não fixado corretamente, Configuração incorreta da câmera.
No dia da manutenção (15/09) o CFTV mostrava VERDE (registro exibido à parte: não conta como antes nem depois).
Depois: 16/09 VERDE, 17/09 VERDE, 18/09 VERDE, 21/09 VERDE, 22/09 VERDE, 23/09 VERDE, 24/09 VERDE.
Normalizou no 1º registro após a manutenção (16/09), 1 dia(s) corrido(s) depois.
Permaneceu normal por 7 registro(s) (9 dia(s) corrido(s)) até o último registro disponível (24/09).
Resultado: RESOLVIDO — o problema original desapareceu e não voltou nos registros posteriores."
31953_2026-09-15,31953,2026-09-15,SEM DADOS PARA VALIDAR,sem problema no CFTV antes da manutenção (não há o que validar),NÃO,SIM,,"FRONTAL (câm 21), FRENTE (câm 22), CORREDOR 1 (câm 23)",,,,,,,,,,,,,,,"Antes: último registro em 11/09 — VERDE. Todas as câmeras ONLINE sem erro.
Manutenção em 15/09 às 12:02 — técnico Luiz Rodrigo. Anomalias: FRONTAL (câm 21): Sem gravação de imagens, Câmera mal reposicionada; FRENTE (câm 22): Sem gravação de imagens; CORREDOR 1 (câm 23): Câmera mal reposicionada.
No dia da manutenção (15/09) o CFTV mostrava VERDE (registro exibido à parte: não conta como antes nem depois).
Depois: 16/09 VERDE, 17/09 VERDE, 18/09 VERDE, 21/09 VERDE, 22/09 VERDE, 23/09 VERDE, 24/09 VERDE.
Veículo já estava normal antes da manutenção.
Continuou normal em todos os registros posteriores disponíveis.
Resultado: SEM DADOS PARA VALIDAR — sem problema no CFTV antes da manutenção (não há o que validar)."
31962_2026-09-15,31962,2026-09-15,RESOLVIDO,o problema original desapareceu e não voltou nos registros posteriores,NÃO,NÃO,FRENTE (câm 22),"FRONTAL (câm 21), FRENTE (câm 22), CORREDOR 1 (câm 23)",2026-09-11,1.0,1.0,SIM,2026-09-16,1.0,1.0,7.0,9.0,NÃO,,,,,"Antes: último registro em 11/09 — VERMELHO. Problema: FRENTE (câm 22) OFFLINE.
O problema aparece desde 11/09: 1 registro(s) com problema, 1 dia(s) corrido(s) até 11/09.
Manutenção em 15/09 às 08:25 — técnico Luiz Rodrigo. Anomalias: FRENTE (câm 22): Sem gravação de imagens; CORREDOR 1 (câm 23): Câmera mal reposicionada.
No dia da manutenção (15/09) o CFTV mostrava VERDE (registro exibido à parte: não conta como antes nem depois).
Depois: 16/09 VERDE, 17/09 VERDE, 18/09 VERDE, 21/09 VERDE, 22/09 VERDE, 23/09 VERDE, 24/09 VERDE.
Normalizou no 1º registro após a manutenção (16/09), 1 dia(s) corrido(s) depois.
Permaneceu normal por 7 registro(s) (9 dia(s) corrido(s)) até o último registro disponível (24/09).
Resultado: RESOLVIDO — o problema original desapareceu e não voltou nos registros posteriores."
32521_2026-09-15,32521,2026-09-15,RESOLVIDO,o problema original desapareceu e não voltou nos registros posteriores,NÃO,NÃO,CORREDOR 3 (câm 25),"CORREDOR 3 (câm 25), CORREDOR 4 (câm 26)",2026-09-01,8.0,11.0,SIM,2026-09-16,1.0,1.0,6.0,9.0,NÃO,,,,,"Antes: último registro em 11/09 — VERMELHO. Problema: CORREDOR 3 (câm 25) OFFLINE.
O problema aparece desde 01/09 (já existia no primeiro registro disponível): 8 registro(s) com problema, 11 dia(s) corrido(s) até 11/09.
Manutenção em 15/09 às 00:46 — técnico Rafael Diniz. Anomalias: CORREDOR 3 (câm 25): Switch não fixado corretamente, Câmera desligada manualmente; CORREDOR 4 (câm 26): Sem gravação de imagens.
No dia da manutenção (15/09) o CFTV mostrava VERDE (registro exibido à parte: não conta como antes nem depois).
Depois: 16/09 VERDE, 17/09 VERDE, 18/09 VERDE, 22/09 VERDE, 23/09 VERDE, 24/09 VERDE.
Normalizou no 1º registro após a manutenção (16/09), 1 dia(s) corrido(s) depois.
Permaneceu normal por 6 registro(s) (9 dia(s) corrido(s)) até o último registro disponível (24/09).
Resultado: RESOLVIDO — o problema original desapareceu e não voltou nos registros posteriores."
51578_2026-09-15,51578,2026-09-15,NÃO RESOLVIDO,o problema original permaneceu em todos os registros posteriores,NÃO,NÃO,CORREDOR 2 (câm 24),,2026-09-01,8.0,11.0,NÃO,,,,,,,,,,,"Antes: último registro em 11/09 — LARANJA. Problema: CORREDOR 2 (câm 24) ONLINE COM ERRO (SD: error, Gravação: error).
O problema aparece desde 01/09 (já existia no primeiro registro disponível): 8 registro(s) com problema, 11 dia(s) corrido(s) até 11/09.
Manutenção em 15/09 às 02:02 — técnico FELIX SECURITY GABRIEL. Anomalias: nenhuma anomalia marcada.
No dia da manutenção (15/09) o CFTV mostrava LARANJA (registro exibido à parte: não conta como antes nem depois).
Depois: 16/09 LARANJA, 17/09 LARANJA, 18/09 LARANJA.
Continuou com problema: CORREDOR 2 (câm 24).
Resultado: NÃO RESOLVIDO — o problema original permaneceu em todos os registros posteriores."
52110_2026-09-15,52110,2026-09-15,SEM DADOS PARA VALIDAR,sem problema no CFTV antes da manutenção (não há o que validar),NÃO,SIM,,,,,,,,,,,,,,,,,"Antes: último registro em 11/09 — VERDE. Todas as câmeras ONLINE sem erro.
Manutenção em 15/09 às 00:33 — técnico FELIX SECURITY GABRIEL. Anomalias: nenhuma anomalia marcada.
Manutenção em 15/09 às 00:34 — técnico FELIX SECURITY GABRIEL. Anomalias: nenhuma anomalia marcada.
No dia da manutenção (15/09) o CFTV mostrava VERDE (registro exibido à parte: não conta como antes nem depois).
Depois: 16/09 VERDE, 17/09 VERDE, 18/09 VERDE, 21/09 VERDE, 22/09 VERDE, 23/09 VERDE, 24/09 VERDE.
Veículo já estava normal antes da manutenção.
Continuou normal em todos os registros posteriores disponíveis.
Resultado: SEM DADOS PARA VALIDAR — sem problema no CFTV antes da manutenção (não há o que validar)."
52148_2026-09-15,52148,2026-09-15,NÃO RESOLVIDO,o problema original permaneceu em todos os registros posteriores,NÃO,NÃO,"FRONTAL (câm 21), FRENTE (câm 22), CORREDOR 2 (câm 24), CORREDOR 3 (câm 25), CORREDOR 4 (câm 26)",,2026-09-01,8.0,11.0,NÃO,,,,,,,,,,,"Antes: último registro em 11/09 — LARANJA. Problema: FRONTAL (câm 21) ONLINE COM ERRO (SD: error, Gravação: error); FRENTE (câm 22) ONLINE COM ERRO (SD: error, Gravação: error); CORREDOR 2 (câm 24) ONLINE COM ERRO (SD: error, Gravação: error); CORREDOR 3 (câm 25) ONLINE COM ERRO (SD: error, Gravação: error); CORREDOR 4 (câm 26) ONLINE COM ERRO (SD: error, Gravação: error).
O problema aparece desde 01/09 (já existia no primeiro registro disponível): 8 registro(s) com problema, 11 dia(s) corrido(s) até 11/09.
Manutenção em 15/09 às 00:09 — técnico FELIX SECURITY GABRIEL. Anomalias: nenhuma anomalia marcada.
No dia da manutenção (15/09) o CFTV mostrava LARANJA (registro exibido à parte: não conta como antes nem depois).
Depois: 16/09 LARANJA, 17/09 LARANJA, 18/09 LARANJA, 21/09 LARANJA, 22/09 LARANJA, 23/09 LARANJA, 24/09 LARANJA.
Continuou com problema: FRONTAL (câm 21), FRENTE (câm 22), CORREDOR 2 (câm 24), CORREDOR 3 (câm 25), CORREDOR 4 (câm 26).
Resultado: NÃO RESOLVIDO — o problema original permaneceu em todos os registros posteriores."
52774_2026-09-15,52774,2026-09-15,SEM DADOS PARA VALIDAR,sem problema no CFTV antes da manutenção (não há o que validar),NÃO,SIM,,,,,,,,,,,,,,,,,"Antes: último registro em 11/09 — VERDE. Todas as câmeras ONLINE sem erro.
Manutenção em 15/09 às 01:53 — técnico FELIX SECURITY GABRIEL. Anomalias: nenhuma anomalia marcada.
No dia da manutenção (15/09) o CFTV mostrava VERDE (registro exibido à parte: não conta como antes nem depois).
Depois: 16/09 VERDE, 17/09 VERDE, 18/09 VERDE, 21/09 VERDE.
Veículo já estava normal antes da manutenção.
Continuou normal em todos os registros posteriores disponíveis.
Resultado: SEM DADOS PARA VALIDAR — sem problema no CFTV antes da manutenção (não há o que validar)."
52788_2026-09-15,52788,2026-09-15,SEM DADOS PARA VALIDAR,sem problema no CFTV antes da manutenção (não há o que validar),NÃO,SIM,,,,,,,,,,,,,,,,,"Antes: último registro em 11/09 — VERDE. Todas as câmeras ONLINE sem erro.
Manutenção em 15/09 às 01:42 — técnico FELIX SECURITY GABRIEL. Anomalias: nenhuma anomalia marcada.
No dia da manutenção (15/09) o CFTV mostrava VERDE (registro exibido à parte: não conta como antes nem depois).
Depois: 16/09 VERDE, 17/09 VERDE, 18/09 VERDE, 21/09 VERDE, 22/09 VERDE, 23/09 VERDE, 24/09 VERDE.
Veículo já estava normal antes da manutenção.
Continuou normal em todos os registros posteriores disponíveis.
Resultado: SEM DADOS PARA VALIDAR — sem problema no CFTV antes da manutenção (não há o que validar)."
52835_2026-09-15,52835,2026-09-15,SEM DADOS PARA VALIDAR,nova manutenção no mesmo prefixo antes do próximo registro CFTV,NÃO,NÃO,,,,,,,,,,,,,,,,,"Antes: último registro em 11/09 — VERDE. Todas as câmeras ONLINE sem erro.
Manutenção em 15/09 às 01:51 — técnico FELIX SECURITY GABRIEL. Anomalias: nenhuma anomalia marcada.
No dia da manutenção (15/09) o CFTV mostrava VERDE (registro exibido à parte: não conta como antes nem depois).
Resultado: SEM DADOS PARA VALIDAR — nova manutenção no mesmo prefixo antes do próximo registro CFTV."
52901_2026-09-15,52901,2026-09-15,SEM DADOS PARA VALIDAR,sem problema no CFTV antes da manutenção (não há o que validar),NÃO,SIM,,,,,,,,,,,,,,,,,"Antes: último registro em 11/09 — VERDE. Todas as câmeras ONLINE sem erro.
Manutenção em 15/09 às 00:25 — técnico FELIX SECURITY GABRIEL. Anomalias: nenhuma anomalia marcada.
No dia da manutenção (15/09) o CFTV mostrava VERDE (registro exibido à parte: não conta como antes nem depois).
Depois: 16/09 VERDE, 17/09 VERDE, 18/09 VERDE, 21/09 VERDE, 22/09 VERDE, 23/09 VERDE, 24/09 VERDE.
Veículo já estava normal antes da manutenção.
Continuou normal em todos os registros posteriores disponíveis.
Resultado: SEM DADOS PARA VALIDAR — sem problema no CFTV antes da manutenção (não há o que validar)."
52905_2026-09-15,52905,2026-09-15,NÃO RESOLVIDO,o problema original permaneceu em todos os registros posteriores,NÃO,NÃO,"FRONTAL (câm 21), FRENTE (câm 22), CORREDOR 2 (câm 24), CORREDOR 3 (câm 25), CORREDOR 4 (câm 26)",,2026-09-01,8.0,11.0,NÃO,,,,,,,,,,,"Antes: último registro em 11/09 — LARANJA. Problema: FRONTAL (câm 21) ONLINE COM ERRO (SD: error, Gravação: error); FRENTE (câm 22) ONLINE COM ERRO (SD: error, Gravação: error); CORREDOR 2 (câm 24) ONLINE COM ERRO (SD: error, Gravação: error); CORREDOR 3 (câm 25) ONLINE COM ERRO (SD: error, Gravação: error); CORREDOR 4 (câm 26) ONLINE COM ERRO (SD: error, Gravação: error).
O problema aparece desde 01/09 (já existia no primeiro registro disponível): 8 registro(s) com problema, 11 dia(s) corrido(s) até 11/09.
Manutenção em 15/09 às 00:01 — técnico FELIX SECURITY GABRIEL. Anomalias: nenhuma anomalia marcada.
No dia da manutenção (15/09) o CFTV mostrava LARANJA (registro exibido à parte: não conta como antes nem depois).
Depois: 16/09 LARANJA, 17/09 LARANJA, 18/09 LARANJA, 21/09 LARANJA, 22/09 LARANJA, 23/09 LARANJA, 24/09 LARANJA.
Continuou com problema: FRONTAL (câm 21), FRENTE (câm 22), CORREDOR 2 (câm 24), CORREDOR 3 (câm 25), CORREDOR 4 (câm 26).
Resultado: NÃO RESOLVIDO — o problema original permaneceu em todos os registros posteriores."
52909_2026-09-15,52909,2026-09-15,SEM DADOS PARA VALIDAR,sem problema no CFTV antes da manutenção (não há o que validar),NÃO,SIM,,,,,,,,,,,,,,,,,"Antes: último registro em 11/09 — VERDE. Todas as câmeras ONLINE sem erro.
Manutenção em 15/09 às 00:19 — técnico FELIX SECURITY GABRIEL. Anomalias: nenhuma anomalia marcada.
No dia da manutenção (15/09) o CFTV mostrava VERDE (registro exibido à parte: não conta como antes nem depois).
Depois: 16/09 VERDE, 17/09 VERDE, 18/09 VERDE, 21/09 VERDE, 22/09 VERDE, 23/09 VERDE, 24/09 VERDE.
Veículo já estava normal antes da manutenção.
Continuou normal em todos os registros posteriores disponíveis.
Resultado: SEM DADOS PARA VALIDAR — sem problema no CFTV antes da manutenção (não há o que validar)."
61213_2026-09-15,61213,2026-09-15,NÃO RESOLVIDO,o problema original permaneceu em todos os registros posteriores,NÃO,NÃO,FRONTAL (câm 21),,2026-09-01,8.0,11.0,NÃO,,,,,,,,,,,"Antes: último registro em 11/09 — LARANJA. Problema: FRONTAL (câm 21) ONLINE COM ERRO (SD: error, Gravação: error).
O problema aparece desde 01/09 (já existia no primeiro registro disponível): 8 registro(s) com problema, 11 dia(s) corrido(s) até 11/09.
Manutenção em 15/09 às 22:15 — técnico Jonathan Gonçalves. Anomalias: nenhuma anomalia marcada.
No dia da manutenção (15/09) o CFTV mostrava LARANJA (registro exibido à parte: não conta como antes nem depois).
Depois: 16/09 LARANJA, 17/09 LARANJA, 18/09 LARANJA, 21/09 LARANJA, 22/09 LARANJA, 23/09 LARANJA, 24/09 LARANJA.
Continuou com problema: FRONTAL (câm 21).
Resultado: NÃO RESOLVIDO — o problema original permaneceu em todos os registros posteriores."
61224_2026-09-15,61224,2026-09-15,NÃO RESOLVIDO,o problema original permaneceu em todos os registros posteriores,NÃO,NÃO,"FRONTAL (câm 21), FRENTE (câm 22), CORREDOR 1 (câm 23)","FRONTAL (câm 21), FRENTE (câm 22), CORREDOR 1 (câm 23)",2026-09-01,8.0,11.0,NÃO,,,,,,,,,,,"Antes: último registro em 11/09 — VERMELHO. Problema: FRONTAL (câm 21) OFFLINE; FRENTE (câm 22) OFFLINE; CORREDOR 1 (câm 23) OFFLINE.
O problema aparece desde 01/09 (já existia no primeiro registro disponível): 8 registro(s) com problema, 11 dia(s) corrido(s) até 11/09.
Manutenção em 15/09 às 22:04 — técnico Jonathan Gonçalves. Anomalias: FRONTAL (câm 21): Câmera removida por terceiros; FRENTE (câm 22): Câmera removida por terceiros; CORREDOR 1 (câm 23): Câmera removida por terceiros.
No dia da manutenção (15/09) o CFTV mostrava VERMELHO (registro exibido à parte: não conta como antes nem depois).
Depois: 16/09 VERMELHO, 17/09 VERMELHO, 18/09 VERMELHO, 21/09 VERMELHO, 22/09 VERMELHO, 23/09 VERMELHO, 24/09 VERMELHO.
Continuou com problema: FRONTAL (câm 21), FRENTE (câm 22), CORREDOR 1 (câm 23).
Resultado: NÃO RESOLVIDO — o problema original permaneceu em todos os registros posteriores."
61314_2026-09-15,61314,2026-09-15,RESOLVIDO,o problema original desapareceu e não voltou nos registros posteriores,NÃO,NÃO,FRENTE (câm 22),"FRONTAL (câm 21), FRENTE (câm 22), CORREDOR 1 (câm 23)",2026-09-01,8.0,11.0,SIM,2026-09-16,1.0,1.0,7.0,9.0,NÃO,,,,,"Antes: último registro em 11/09 — VERMELHO. Problema: FRENTE (câm 22) OFFLINE.
O problema aparece desde 01/09 (já existia no primeiro registro disponível): 8 registro(s) com problema, 11 dia(s) corrido(s) até 11/09.
Manutenção em 15/09 às 23:46 — técnico Jonathan Gonçalves. Anomalias: FRONTAL (câm 21): Switch apresentando falha; FRENTE (câm 22): Switch apresentando falha; CORREDOR 1 (câm 23): Switch apresentando falha.
No dia da manutenção (15/09) o CFTV mostrava VERMELHO (registro exibido à parte: não conta como antes nem depois).
Depois: 16/09 VERDE, 17/09 VERDE, 18/09 VERDE, 21/09 VERDE, 22/09 VERDE, 23/09 VERDE, 24/09 VERDE.
Normalizou no 1º registro após a manutenção (16/09), 1 dia(s) corrido(s) depois.
Permaneceu normal por 7 registro(s) (9 dia(s) corrido(s)) até o último registro disponível (24/09).
Resultado: RESOLVIDO — o problema original desapareceu e não voltou nos registros posteriores."
73932_2026-09-15,73932,2026-09-15,RESOLVIDO,o problema original desapareceu e não voltou nos registros posteriores,NÃO,NÃO,"FRONTAL (câm 21), FRENTE (câm 22), CORREDOR 3 (câm 25)","FRONTAL (câm 21), FRENTE (câm 22), CORREDOR 1 (câm 23), CORREDOR 2 (câm 24), CORREDOR 3 (câm 25), CORREDOR 4 (câm 26)",2026-09-01,8.0,11.0,SIM,2026-09-16,1.0,1.0,7.0,9.0,NÃO,,,,,"Antes: último registro em 11/09 — VERMELHO. Problema: FRONTAL (câm 21) OFFLINE; FRENTE (câm 22) OFFLINE; CORREDOR 3 (câm 25) OFFLINE.
O problema aparece desde 01/09 (já existia no primeiro registro disponível): 8 registro(s) com problema, 11 dia(s) corrido(s) até 11/09.
Manutenção em 15/09 às 01:57 — técnico John Lima. Anomalias: FRONTAL (câm 21): Câmera inoperante, Cabeamento rompido/danificado, Configuração incorreta da câmera; FRENTE (câm 22): Câmera mal reposicionada, Configuração incorreta da câmera; CORREDOR 1 (câm 23): Câmera inoperante, Cabeamento rompido/danificado, Configuração incorreta da câmera; CORREDOR 2 (câm 24): Configuração incorreta da câmera; CORREDOR 3 (câm 25): Configuração incorreta da câmera; CORREDOR 4 (câm 26): Configuração incorreta da câmera.
No dia da manutenção (15/09) o CFTV mostrava VERDE (registro exibido à parte: não conta como antes nem depois).
Depois: 16/09 VERDE, 17/09 VERDE, 18/09 VERDE, 21/09 VERDE, 22/09 VERDE, 23/09 VERDE, 24/09 VERDE.
Normalizou no 1º registro após a manutenção (16/09), 1 dia(s) corrido(s) depois.
Permaneceu normal por 7 registro(s) (9 dia(s) corrido(s)) até o último registro disponível (24/09).
Resultado: RESOLVIDO — o problema original desapareceu e não voltou nos registros posteriores."
11044_2026-09-16,11044,2026-09-16,NÃO RESOLVIDO,o problema original permaneceu em todos os registros posteriores,NÃO,NÃO,CORREDOR 1 (câm 23),FRENTE (câm 22),2026-09-11,2.0,5.0,NÃO,,,,,,,,,2026-09-22,FRONTAL (câm 21) OFFLINE,"Antes: último registro em 15/09 — LARANJA. Problema: CORREDOR 1 (câm 23) ONLINE COM ERRO (SD: error, Gravação: error).
O problema aparece desde 11/09: 2 registro(s) com problema, 5 dia(s) corrido(s) até 15/09.
Manutenção em 16/09 às 02:41 — técnico Leandro Resende. Anomalias: FRENTE (câm 22): Câmera mal reposicionada.
No dia da manutenção (16/09) o CFTV mostrava LARANJA (registro exibido à parte: não conta como antes nem depois).
Depois: 17/09 LARANJA, 18/09 LARANJA, 21/09 LARANJA, 22/09 VERMELHO, 23/09 LARANJA, 24/09 LARANJA.
Continuou com problema: CORREDOR 1 (câm 23).
Novo problema identificado em outra câmera em 22/09: FRONTAL (câm 21) OFFLINE (não é recorrência).
Resultado: NÃO RESOLVIDO — o problema original permaneceu em todos os registros posteriores."
11052_2026-09-16,11052,2026-09-16,NÃO RESOLVIDO,o problema original permaneceu em todos os registros posteriores,NÃO,NÃO,CORREDOR 1 (câm 23),"FRONTAL (câm 21), FRENTE (câm 22)",2026-09-08,5.0,8.0,NÃO,,,,,,,,,,,"Antes: último registro em 15/09 — LARANJA. Problema: CORREDOR 1 (câm 23) ONLINE COM ERRO (SD: error, Gravação: error).
O problema aparece desde 08/09: 5 registro(s) com problema, 8 dia(s) corrido(s) até 15/09.
Manutenção em 16/09 às 02:57 — técnico Leandro Resende. Anomalias: FRONTAL (câm 21): Câmera mal reposicionada; FRENTE (câm 22): Câmera mal reposicionada.
No dia da manutenção (16/09) o CFTV mostrava LARANJA (registro exibido à parte: não conta como antes nem depois).
Depois: 17/09 LARANJA, 18/09 LARANJA, 21/09 LARANJA, 22/09 LARANJA, 23/09 LARANJA, 24/09 LARANJA.
Continuou com problema: CORREDOR 1 (câm 23).
Resultado: NÃO RESOLVIDO — o problema original permaneceu em todos os registros posteriores."
11055_2026-09-16,11055,2026-09-16,NÃO RESOLVIDO,o problema original permaneceu em todos os registros posteriores,NÃO,NÃO,CORREDOR 4 (câm 26),FRONTAL (câm 21),2026-09-01,8.0,15.0,NÃO,,,,,,,,,,,"Antes: último registro em 15/09 — LARANJA. Problema: CORREDOR 4 (câm 26) ONLINE COM ERRO (SD: error, Gravação: error).
O problema aparece desde 01/09 (já existia no primeiro registro disponível): 8 registro(s) com problema, 15 dia(s) corrido(s) até 15/09.
Manutenção em 16/09 às 03:19 — técnico Leandro Resende. Anomalias: FRONTAL (câm 21): Câmera mal reposicionada.
No dia da manutenção (16/09) o CFTV mostrava LARANJA (registro exibido à parte: não conta como antes nem depois).
Depois: 17/09 LARANJA, 18/09 LARANJA, 21/09 LARANJA, 22/09 LARANJA, 23/09 LARANJA, 24/09 LARANJA.
Continuou com problema: CORREDOR 4 (câm 26).
Resultado: NÃO RESOLVIDO — o problema original permaneceu em todos os registros posteriores."
11061_2026-09-16,11061,2026-09-16,SEM DADOS PARA VALIDAR,sem problema no CFTV antes da manutenção (não há o que validar),NÃO,SIM,,FRENTE (câm 22),,,,,,,,,,,,,,,"Antes: último registro em 15/09 — VERDE. Todas as câmeras ONLINE sem erro.
Manutenção em 16/09 às 01:30 — técnico Leandro Resende. Anomalias: FRENTE (câm 22): Câmera mal reposicionada.
No dia da manutenção (16/09) o CFTV mostrava VERDE (registro exibido à parte: não conta como antes nem depois).
Depois: 17/09 VERDE, 18/09 VERDE, 21/09 VERDE, 22/09 VERDE, 23/09 VERDE, 24/09 VERDE.
Veículo já estava normal antes da manutenção.
Continuou normal em todos os registros posteriores disponíveis.
Resultado: SEM DADOS PARA VALIDAR — sem problema no CFTV antes da manutenção (não há o que validar)."
11064_2026-09-16,11064,2026-09-16,RESOLVIDO,o problema original desapareceu e não voltou nos registros posteriores,NÃO,NÃO,CORREDOR 1 (câm 23),FRENTE (câm 22),2026-09-01,8.0,15.0,SIM,2026-09-21,3.0,5.0,4.0,4.0,NÃO,,,,,"Antes: último registro em 15/09 — LARANJA. Problema: CORREDOR 1 (câm 23) ONLINE COM ERRO (SD: error, Gravação: error).
O problema aparece desde 01/09 (já existia no primeiro registro disponível): 8 registro(s) com problema, 15 dia(s) corrido(s) até 15/09.
Manutenção em 16/09 às 01:39 — técnico Leandro Resende. Anomalias: FRENTE (câm 22): Câmera mal reposicionada.
No dia da manutenção (16/09) o CFTV mostrava LARANJA (registro exibido à parte: não conta como antes nem depois).
Depois: 17/09 LARANJA, 18/09 LARANJA, 21/09 VERDE, 22/09 VERDE, 23/09 VERDE, 24/09 VERDE.
Normalizou no 3º registro após a manutenção (21/09), 5 dia(s) corrido(s) depois.
Permaneceu normal por 4 registro(s) (4 dia(s) corrido(s)) até o último registro disponível (24/09).
Resultado: RESOLVIDO — o problema original desapareceu e não voltou nos registros posteriores."
11067_2026-09-16,11067,2026-09-16,NÃO RESOLVIDO,o problema original permaneceu em todos os registros posteriores,NÃO,NÃO,"CORREDOR 1 (câm 23), CORREDOR 4 (câm 26)",FRENTE (câm 22),2026-09-01,8.0,15.0,NÃO,,,,,,,,,,,"Antes: último registro em 15/09 — VERMELHO. Problema: CORREDOR 1 (câm 23) ONLINE COM ERRO (SD: error, Gravação: error); CORREDOR 4 (câm 26) OFFLINE.
O problema aparece desde 01/09 (já existia no primeiro registro disponível): 8 registro(s) com problema, 15 dia(s) corrido(s) até 15/09.
Manutenção em 16/09 às 02:29 — técnico Leandro Resende. Anomalias: FRENTE (câm 22): Câmera mal reposicionada.
No dia da manutenção (16/09) o CFTV mostrava VERMELHO (registro exibido à parte: não conta como antes nem depois).
Depois: 17/09 VERMELHO, 18/09 VERMELHO, 21/09 VERMELHO, 22/09 VERMELHO, 23/09 VERMELHO, 24/09 VERMELHO.
Continuou com problema: CORREDOR 1 (câm 23), CORREDOR 4 (câm 26).
Resultado: NÃO RESOLVIDO — o problema original permaneceu em todos os registros posteriores."
11068_2026-09-16,11068,2026-09-16,NÃO RESOLVIDO,o problema original permaneceu em todos os registros posteriores,NÃO,NÃO,CORREDOR 3 (câm 25),FRENTE (câm 22),2026-09-08,5.0,8.0,NÃO,,,,,,,,,,,"Antes: último registro em 15/09 — LARANJA. Problema: CORREDOR 3 (câm 25) ONLINE COM ERRO (SD: error, Gravação: error).
O problema aparece desde 08/09: 5 registro(s) com problema, 8 dia(s) corrido(s) até 15/09.
Manutenção em 16/09 às 02:19 — técnico Leandro Resende. Anomalias: FRENTE (câm 22): Câmera mal reposicionada.
No dia da manutenção (16/09) o CFTV mostrava LARANJA (registro exibido à parte: não conta como antes nem depois).
Depois: 17/09 LARANJA, 18/09 LARANJA, 21/09 LARANJA, 22/09 LARANJA, 23/09 LARANJA, 24/09 LARANJA.
Continuou com problema: CORREDOR 3 (câm 25).
Resultado: NÃO RESOLVIDO — o problema original permaneceu em todos os registros posteriores."
11086_2026-09-16,11086,2026-09-16,RESOLVIDO,o problema original desapareceu e não voltou nos registros posteriores,NÃO,NÃO,FRONTAL (câm 21),FRENTE (câm 22),2026-09-11,2.0,5.0,SIM,2026-09-17,1.0,1.0,6.0,8.0,NÃO,,,,,"Antes: último registro em 15/09 — LARANJA. Problema: FRONTAL (câm 21) ONLINE COM ERRO (SD: error, Gravação: error).
O problema aparece desde 11/09: 2 registro(s) com problema, 5 dia(s) corrido(s) até 15/09.
Manutenção em 16/09 às 03:39 — técnico Leandro Resende. Anomalias: FRENTE (câm 22): Sem gravação de imagens, Câmera mal reposicionada.
No dia da manutenção (16/09) o CFTV mostrava VERDE (registro exibido à parte: não conta como antes nem depois).
Depois: 17/09 VERDE, 18/09 VERDE, 21/09 VERDE, 22/09 VERDE, 23/09 VERDE, 24/09 VERDE.
Normalizou no 1º registro após a manutenção (17/09), 1 dia(s) corrido(s) depois.
Permaneceu normal por 6 registro(s) (8 dia(s) corrido(s)) até o último registro disponível (24/09).
Resultado: RESOLVIDO — o problema original desapareceu e não voltou nos registros posteriores."
11097_2026-09-16,11097,2026-09-16,SEM DADOS PARA VALIDAR,sem problema no CFTV antes da manutenção (não há o que validar),NÃO,SIM,,"FRENTE (câm 22), CORREDOR 1 (câm 23)",,,,,,,,,,,,,,,"Antes: último registro em 15/09 — VERDE. Todas as câmeras ONLINE sem erro.
Manutenção em 16/09 às 00:59 — técnico Leandro Resende. Anomalias: FRENTE (câm 22): Câmera mal reposicionada; CORREDOR 1 (câm 23): Câmera mal reposicionada.
No dia da manutenção (16/09) o CFTV mostrava VERDE (registro exibido à parte: não conta como antes nem depois).
Depois: 17/09 VERDE, 18/09 VERDE, 21/09 VERDE, 22/09 VERDE, 23/09 VERDE, 24/09 VERDE.
Veículo já estava normal antes da manutenção.
Continuou normal em todos os registros posteriores disponíveis.
Resultado: SEM DADOS PARA VALIDAR — sem problema no CFTV antes da manutenção (não há o que validar)."
11100_2026-09-16,11100,2026-09-16,SEM DADOS PARA VALIDAR,sem problema no CFTV antes da manutenção (não há o que validar),NÃO,SIM,,FRENTE (câm 22),,,,,,,,,,,,,,,"Antes: último registro em 15/09 — VERDE. Todas as câmeras ONLINE sem erro.
Manutenção em 16/09 às 03:47 — técnico Leandro Resende. Anomalias: FRENTE (câm 22): Câmera mal reposicionada.
No dia da manutenção (16/09) o CFTV mostrava VERDE (registro exibido à parte: não conta como antes nem depois).
Depois: 17/09 VERDE, 18/09 VERDE, 21/09 LARANJA, 22/09 LARANJA, 23/09 VERDE, 24/09 VERDE.
Veículo já estava normal antes da manutenção.
Surgiu problema depois, em 21/09: FRONTAL (câm 21) ONLINE COM ERRO (SD: error, Gravação: error).
Resultado: SEM DADOS PARA VALIDAR — sem problema no CFTV antes da manutenção (não há o que validar)."
11101_2026-09-16,11101,2026-09-16,SEM DADOS PARA VALIDAR,sem problema no CFTV antes da manutenção (não há o que validar),NÃO,SIM,,FRENTE (câm 22),,,,,,,,,,,,,,,"Antes: último registro em 15/09 — VERDE. Todas as câmeras ONLINE sem erro.
Manutenção em 16/09 às 03:11 — técnico Leandro Resende. Anomalias: FRENTE (câm 22): Câmera mal reposicionada.
No dia da manutenção (16/09) o CFTV mostrava VERDE (registro exibido à parte: não conta como antes nem depois).
Depois: 17/09 VERDE, 18/09 VERDE, 21/09 VERDE, 22/09 VERDE, 23/09 VERDE, 24/09 VERDE.
Veículo já estava normal antes da manutenção.
Continuou normal em todos os registros posteriores disponíveis.
Resultado: SEM DADOS PARA VALIDAR — sem problema no CFTV antes da manutenção (não há o que validar)."
11109_2026-09-16,11109,2026-09-16,RESOLVIDO,o problema original desapareceu e não voltou nos registros posteriores,NÃO,NÃO,FRONTAL (câm 21),FRENTE (câm 22),2026-09-08,5.0,8.0,SIM,2026-09-17,1.0,1.0,6.0,8.0,NÃO,,,,,"Antes: último registro em 15/09 — LARANJA. Problema: FRONTAL (câm 21) ONLINE COM ERRO (SD: error, Gravação: error).
O problema aparece desde 08/09: 5 registro(s) com problema, 8 dia(s) corrido(s) até 15/09.
Manutenção em 16/09 às 00:42 — técnico Leandro Resende. Anomalias: FRENTE (câm 22): Sem gravação de imagens, Câmera mal reposicionada.
No dia da manutenção (16/09) o CFTV mostrava VERDE (registro exibido à parte: não conta como antes nem depois).
Depois: 17/09 VERDE, 18/09 VERDE, 21/09 VERDE, 22/09 VERDE, 23/09 VERDE, 24/09 VERDE.
Normalizou no 1º registro após a manutenção (17/09), 1 dia(s) corrido(s) depois.
Permaneceu normal por 6 registro(s) (8 dia(s) corrido(s)) até o último registro disponível (24/09).
Resultado: RESOLVIDO — o problema original desapareceu e não voltou nos registros posteriores."
11111_2026-09-16,11111,2026-09-16,SEM DADOS PARA VALIDAR,sem problema no CFTV antes da manutenção (não há o que validar),NÃO,SIM,,FRENTE (câm 22),,,,,,,,,,,,,,,"Antes: último registro em 15/09 — VERDE. Todas as câmeras ONLINE sem erro.
Manutenção em 16/09 às 02:49 — técnico Leandro Resende. Anomalias: FRENTE (câm 22): Câmera mal reposicionada.
No dia da manutenção (16/09) o CFTV mostrava VERDE (registro exibido à parte: não conta como antes nem depois).
Depois: 17/09 VERDE, 18/09 VERDE, 21/09 LARANJA, 22/09 LARANJA, 23/09 LARANJA, 24/09 LARANJA.
Veículo já estava normal antes da manutenção.
Surgiu problema depois, em 21/09: CORREDOR 2 (câm 24) ONLINE COM ERRO (SD: error, Gravação: error).
Resultado: SEM DADOS PARA VALIDAR — sem problema no CFTV antes da manutenção (não há o que validar)."
11452_2026-09-16,11452,2026-09-16,SEM DADOS PARA VALIDAR,sem problema no CFTV antes da manutenção (não há o que validar),NÃO,SIM,,FRENTE (câm 22),,,,,,,,,,,,,,,"Antes: último registro em 15/09 — VERDE. Todas as câmeras ONLINE sem erro.
Manutenção em 16/09 às 00:21 — técnico Leandro Resende. Anomalias: FRENTE (câm 22): Câmera mal reposicionada.
No dia da manutenção (16/09) o CFTV mostrava VERDE (registro exibido à parte: não conta como antes nem depois).
Depois: 17/09 VERDE, 18/09 VERDE, 21/09 VERDE, 22/09 VERDE, 23/09 VERDE, 24/09 VERDE.
Veículo já estava normal antes da manutenção.
Continuou normal em todos os registros posteriores disponíveis.
Resultado: SEM DADOS PARA VALIDAR — sem problema no CFTV antes da manutenção (não há o que validar)."
31012_2026-09-16,31012,2026-09-16,NÃO RESOLVIDO,o problema original permaneceu em todos os registros posteriores,NÃO,NÃO,FRONTAL (câm 21),FRONTAL (câm 21),2026-09-10,3.0,6.0,NÃO,,,,,,,,,,,"Antes: último registro em 15/09 — VERMELHO. Problema: FRONTAL (câm 21) OFFLINE.
O problema aparece desde 10/09: 3 registro(s) com problema, 6 dia(s) corrido(s) até 15/09.
Manutenção em 16/09 às 00:49 — técnico Gesnei souza. Anomalias: FRONTAL (câm 21): Câmera inoperante, Câmera com infiltração.
No dia da manutenção (16/09) o CFTV mostrava VERMELHO (registro exibido à parte: não conta como antes nem depois).
Depois: 17/09 VERMELHO, 18/09 VERMELHO, 21/09 VERMELHO, 22/09 VERMELHO, 23/09 VERMELHO, 24/09 VERMELHO.
Continuou com problema: FRONTAL (câm 21).
Resultado: NÃO RESOLVIDO — o problema original permaneceu em todos os registros posteriores."
31100_2026-09-16,31100,2026-09-16,SEM DADOS PARA VALIDAR,sem problema no CFTV antes da manutenção (não há o que validar),NÃO,SIM,,"FRONTAL (câm 21), FRENTE (câm 22), CORREDOR 2 (câm 24), CORREDOR 3 (câm 25), CORREDOR 4 (câm 26)",,,,,,,,,,,,,,,"Antes: último registro em 15/09 — VERDE. Todas as câmeras ONLINE sem erro.
Manutenção em 16/09 às 11:56 — técnico Luiz Rodrigo. Anomalias: FRONTAL (câm 21): Sem gravação de imagens, Câmera mal reposicionada; FRENTE (câm 22): Câmera mal reposicionada; CORREDOR 2 (câm 24): Sem gravação de imagens, Câmera mal reposicionada; CORREDOR 3 (câm 25): Câmera mal reposicionada; CORREDOR 4 (câm 26): Sem gravação de imagens.
No dia da manutenção (16/09) o CFTV mostrava VERDE (registro exibido à parte: não conta como antes nem depois).
Depois: 17/09 VERDE, 18/09 VERDE, 21/09 VERDE, 22/09 VERDE, 24/09 VERDE.
Veículo já estava normal antes da manutenção.
Continuou normal em todos os registros posteriores disponíveis.
Resultado: SEM DADOS PARA VALIDAR — sem problema no CFTV antes da manutenção (não há o que validar)."
31210_2026-09-16,31210,2026-09-16,RESOLVIDO,o problema original desapareceu e não voltou nos registros posteriores,NÃO,NÃO,"FRONTAL (câm 21), FRENTE (câm 22), CORREDOR 1 (câm 23)","FRONTAL (câm 21), FRENTE (câm 22), CORREDOR 1 (câm 23)",2026-09-01,9.0,15.0,SIM,2026-09-17,1.0,1.0,6.0,8.0,NÃO,,,,,"Antes: último registro em 15/09 — VERMELHO. Problema: FRONTAL (câm 21) OFFLINE; FRENTE (câm 22) OFFLINE; CORREDOR 1 (câm 23) OFFLINE.
O problema aparece desde 01/09 (já existia no primeiro registro disponível): 9 registro(s) com problema, 15 dia(s) corrido(s) até 15/09.
Manutenção em 16/09 às 03:00 — técnico Joel. Anomalias: FRONTAL (câm 21): Câmera com infiltração; FRENTE (câm 22): Switch apresentando falha; CORREDOR 1 (câm 23): Switch apresentando falha.
No dia da manutenção (16/09) o CFTV mostrava VERDE (registro exibido à parte: não conta como antes nem depois).
Depois: 17/09 VERDE, 18/09 VERDE, 21/09 VERDE, 22/09 VERDE, 23/09 VERDE, 24/09 VERDE.
Normalizou no 1º registro após a manutenção (17/09), 1 dia(s) corrido(s) depois.
Permaneceu normal por 6 registro(s) (8 dia(s) corrido(s)) até o último registro disponível (24/09).
Resultado: RESOLVIDO — o problema original desapareceu e não voltou nos registros posteriores."
31255_2026-09-16,31255,2026-09-16,RESOLVIDO,o problema original desapareceu e não voltou nos registros posteriores,NÃO,NÃO,"FRONTAL (câm 21), FRENTE (câm 22), CORREDOR 1 (câm 23)","FRONTAL (câm 21), FRENTE (câm 22), CORREDOR 1 (câm 23)",2026-09-01,9.0,15.0,SIM,2026-09-17,1.0,1.0,6.0,8.0,NÃO,,,,,"Antes: último registro em 15/09 — VERMELHO. Problema: FRONTAL (câm 21) OFFLINE; FRENTE (câm 22) OFFLINE; CORREDOR 1 (câm 23) OFFLINE.
O problema aparece desde 01/09 (já existia no primeiro registro disponível): 9 registro(s) com problema, 15 dia(s) corrido(s) até 15/09.
Manutenção em 16/09 às 01:22 — técnico Gesnei souza. Anomalias: FRONTAL (câm 21): Sem gravação de imagens, Câmera desligada manualmente; FRENTE (câm 22): Sem gravação de imagens, Câmera desligada manualmente; CORREDOR 1 (câm 23): Câmera desligada manualmente.
No dia da manutenção (16/09) o CFTV mostrava VERDE (registro exibido à parte: não conta como antes nem depois).
Depois: 17/09 VERDE, 18/09 VERDE, 21/09 VERDE, 22/09 VERDE, 23/09 VERDE, 24/09 VERDE.
Normalizou no 1º registro após a manutenção (17/09), 1 dia(s) corrido(s) depois.
Permaneceu normal por 6 registro(s) (8 dia(s) corrido(s)) até o último registro disponível (24/09).
Resultado: RESOLVIDO — o problema original desapareceu e não voltou nos registros posteriores."
31486_2026-09-16,31486,2026-09-16,NÃO RESOLVIDO,o problema original permaneceu em todos os registros posteriores,SIM,NÃO,FRENTE (câm 22),"FRONTAL (câm 21), FRENTE (câm 22), CORREDOR 1 (câm 23)",2026-09-01,9.0,15.0,NÃO,,,,,,,,,,,"Antes: último registro em 15/09 — VERMELHO. Problema: FRENTE (câm 22) OFFLINE.
O problema aparece desde 01/09 (já existia no primeiro registro disponível): 9 registro(s) com problema, 15 dia(s) corrido(s) até 15/09.
Manutenção em 16/09 às 13:17 — técnico Luiz Rodrigo. Anomalias: FRONTAL (câm 21): Câmera inoperante, Sem gravação de imagens, Câmera com infiltração; CORREDOR 1 (câm 23): Sem gravação de imagens.
No dia da manutenção (16/09) o CFTV mostrava VERMELHO (registro exibido à parte: não conta como antes nem depois).
Depois: 17/09 VERMELHO, 18/09 VERMELHO, 21/09 VERMELHO, 22/09 VERMELHO, 23/09 VERMELHO, 24/09 VERMELHO.
Continuou com problema: FRENTE (câm 22).
Pendência registrada pelo técnico: Câmera 21: com infiltração ( aguardando reparo no carro, para ser feito a troca).
Resultado: NÃO RESOLVIDO — o problema original permaneceu em todos os registros posteriores."
31503_2026-09-16,31503,2026-09-16,RESOLVIDO,o problema original desapareceu e não voltou nos registros posteriores,NÃO,NÃO,FRENTE (câm 22),FRENTE (câm 22),2026-09-15,1.0,1.0,SIM,2026-09-17,1.0,1.0,6.0,8.0,NÃO,,,2026-09-22,"FRONTAL (câm 21) ONLINE COM ERRO (SD: error, Gravação: error)","Antes: último registro em 15/09 — VERMELHO. Problema: FRENTE (câm 22) OFFLINE.
O problema aparece desde 15/09: 1 registro(s) com problema, 1 dia(s) corrido(s) até 15/09.
Manutenção em 16/09 às 02:50 — técnico Gesnei souza. Anomalias: FRENTE (câm 22): Sem gravação de imagens, Câmera desligada manualmente.
No dia da manutenção (16/09) o CFTV mostrava VERDE (registro exibido à parte: não conta como antes nem depois).
Depois: 17/09 VERDE, 18/09 VERDE, 21/09 VERDE, 22/09 LARANJA, 23/09 LARANJA, 24/09 LARANJA.
Normalizou no 1º registro após a manutenção (17/09), 1 dia(s) corrido(s) depois.
Permaneceu normal por 6 registro(s) (8 dia(s) corrido(s)) até o último registro disponível (24/09).
Problema original normalizado. Novo problema identificado em outra câmera em 22/09: FRONTAL (câm 21) ONLINE COM ERRO (SD: error, Gravação: error) (não é recorrência).
Resultado: RESOLVIDO — o problema original desapareceu e não voltou nos registros posteriores."
31560_2026-09-16,31560,2026-09-16,RESOLVIDO,o problema original desapareceu e não voltou nos registros posteriores,NÃO,NÃO,CORREDOR 1 (câm 23),CORREDOR 1 (câm 23),2026-09-01,9.0,15.0,SIM,2026-09-17,1.0,1.0,6.0,8.0,NÃO,,,,,"Antes: último registro em 15/09 — LARANJA. Problema: CORREDOR 1 (câm 23) ONLINE COM ERRO (SD: error, Gravação: error).
O problema aparece desde 01/09 (já existia no primeiro registro disponível): 9 registro(s) com problema, 15 dia(s) corrido(s) até 15/09.
Manutenção em 16/09 às 02:35 — técnico Gesnei souza. Anomalias: CORREDOR 1 (câm 23): Sem gravação de imagens.
No dia da manutenção (16/09) o CFTV mostrava VERDE (registro exibido à parte: não conta como antes nem depois).
Depois: 17/09 VERDE, 18/09 VERDE, 21/09 VERDE, 22/09 VERDE, 23/09 VERDE, 24/09 VERDE.
Normalizou no 1º registro após a manutenção (17/09), 1 dia(s) corrido(s) depois.
Permaneceu normal por 6 registro(s) (8 dia(s) corrido(s)) até o último registro disponível (24/09).
Resultado: RESOLVIDO — o problema original desapareceu e não voltou nos registros posteriores."
31615_2026-09-16,31615,2026-09-16,RESOLVIDO,o problema original desapareceu e não voltou nos registros posteriores,NÃO,NÃO,CORREDOR 1 (câm 23),CORREDOR 1 (câm 23),2026-09-10,3.0,6.0,SIM,2026-09-17,1.0,1.0,6.0,8.0,NÃO,,,,,"Antes: último registro em 15/09 — LARANJA. Problema: CORREDOR 1 (câm 23) ONLINE COM ERRO (SD: error, Gravação: error).
O problema aparece desde 10/09: 3 registro(s) com problema, 6 dia(s) corrido(s) até 15/09.
Manutenção em 16/09 às 00:23 — técnico Gesnei souza. Anomalias: CORREDOR 1 (câm 23): Sem gravação de imagens.
No dia da manutenção (16/09) o CFTV mostrava VERDE (registro exibido à parte: não conta como antes nem depois).
Depois: 17/09 VERDE, 18/09 VERDE, 21/09 VERDE, 22/09 VERDE, 23/09 VERDE, 24/09 VERDE.
Normalizou no 1º registro após a manutenção (17/09), 1 dia(s) corrido(s) depois.
Permaneceu normal por 6 registro(s) (8 dia(s) corrido(s)) até o último registro disponível (24/09).
Resultado: RESOLVIDO — o problema original desapareceu e não voltou nos registros posteriores."
31622_2026-09-16,31622,2026-09-16,RESOLVIDO COM RECORRÊNCIA,"normalizou, mas a mesma câmera voltou a apresentar problema",NÃO,NÃO,FRENTE (câm 22),"FRONTAL (câm 21), FRENTE (câm 22), CORREDOR 1 (câm 23)",2026-09-01,9.0,15.0,SIM,2026-09-17,1.0,1.0,2.0,2.0,SIM,2026-09-21,FRENTE (câm 22),,,"Antes: último registro em 15/09 — LARANJA. Problema: FRENTE (câm 22) ONLINE COM ERRO (SD: error, Gravação: error).
O problema aparece desde 01/09 (já existia no primeiro registro disponível): 9 registro(s) com problema, 15 dia(s) corrido(s) até 15/09.
Manutenção em 16/09 às 12:26 — técnico Luiz Rodrigo. Anomalias: FRENTE (câm 22): Sem gravação de imagens, Câmera mal reposicionada.
No dia da manutenção (16/09) o CFTV mostrava VERDE (registro exibido à parte: não conta como antes nem depois).
Depois: 17/09 VERDE, 18/09 VERDE, 21/09 LARANJA, 22/09 LARANJA, 23/09 LARANJA, 24/09 LARANJA.
Normalizou no 1º registro após a manutenção (17/09), 1 dia(s) corrido(s) depois.
Permaneceu normal por 2 registro(s) (2 dia(s) corrido(s)), até 18/09.
O problema voltou em 21/09 na mesma câmera: FRENTE (câm 22) ONLINE COM ERRO (SD: error, Gravação: error).
Resultado: RESOLVIDO COM RECORRÊNCIA — normalizou, mas a mesma câmera voltou a apresentar problema."
31624_2026-09-16,31624,2026-09-16,NÃO RESOLVIDO,o problema original permaneceu em todos os registros posteriores,NÃO,NÃO,FRONTAL (câm 21),FRONTAL (câm 21),2026-09-15,1.0,1.0,NÃO,,,,,,,,,,,"Antes: último registro em 15/09 — VERMELHO. Problema: FRONTAL (câm 21) OFFLINE.
O problema aparece desde 15/09: 1 registro(s) com problema, 1 dia(s) corrido(s) até 15/09.
Manutenção em 16/09 às 01:59 — técnico Gesnei souza. Anomalias: FRONTAL (câm 21): Câmera desligada manualmente.
No dia da manutenção (16/09) o CFTV mostrava VERDE (registro exibido à parte: não conta como antes nem depois).
Depois: 17/09 VERMELHO, 18/09 VERMELHO, 21/09 VERMELHO, 22/09 VERMELHO, 23/09 VERMELHO, 24/09 VERMELHO.
Continuou com problema: FRONTAL (câm 21).
Resultado: NÃO RESOLVIDO — o problema original permaneceu em todos os registros posteriores."
31654_2026-09-16,31654,2026-09-16,RESOLVIDO,o problema original desapareceu e não voltou nos registros posteriores,NÃO,NÃO,FRONTAL (câm 21),"FRONTAL (câm 21), FRENTE (câm 22), CORREDOR 1 (câm 23)",2026-09-15,1.0,1.0,SIM,2026-09-17,1.0,1.0,6.0,8.0,NÃO,,,,,"Antes: último registro em 15/09 — LARANJA. Problema: FRONTAL (câm 21) ONLINE COM ERRO (SD: error, Gravação: error).
O problema aparece desde 15/09: 1 registro(s) com problema, 1 dia(s) corrido(s) até 15/09.
Manutenção em 16/09 às 04:07 — técnico Gesnei souza. Anomalias: FRONTAL (câm 21): Sem gravação de imagens.
Manutenção em 16/09 às 10:22 — técnico Luiz Rodrigo. Anomalias: FRENTE (câm 22): Sem gravação de imagens, Câmera mal reposicionada.
No dia da manutenção (16/09) o CFTV mostrava VERDE (registro exibido à parte: não conta como antes nem depois).
Depois: 17/09 VERDE, 18/09 VERDE, 21/09 VERDE, 22/09 VERDE, 23/09 VERDE, 24/09 VERDE.
Normalizou no 1º registro após a manutenção (17/09), 1 dia(s) corrido(s) depois.
Permaneceu normal por 6 registro(s) (8 dia(s) corrido(s)) até o último registro disponível (24/09).
Resultado: RESOLVIDO — o problema original desapareceu e não voltou nos registros posteriores."
31755_2026-09-16,31755,2026-09-16,RESOLVIDO COM RECORRÊNCIA,"normalizou, mas a mesma câmera voltou a apresentar problema",NÃO,NÃO,CORREDOR 1 (câm 23),CORREDOR 1 (câm 23),2026-09-10,3.0,6.0,SIM,2026-09-17,1.0,1.0,2.0,2.0,SIM,2026-09-21,CORREDOR 1 (câm 23),,,"Antes: último registro em 15/09 — LARANJA. Problema: CORREDOR 1 (câm 23) ONLINE COM ERRO (SD: error, Gravação: error).
O problema aparece desde 10/09: 3 registro(s) com problema, 6 dia(s) corrido(s) até 15/09.
Manutenção em 16/09 às 03:11 — técnico Gesnei souza. Anomalias: CORREDOR 1 (câm 23): Sem gravação de imagens.
No dia da manutenção (16/09) o CFTV mostrava VERDE (registro exibido à parte: não conta como antes nem depois).
Depois: 17/09 VERDE, 18/09 VERDE, 21/09 LARANJA, 22/09 LARANJA, 23/09 LARANJA, 24/09 LARANJA.
Normalizou no 1º registro após a manutenção (17/09), 1 dia(s) corrido(s) depois.
Permaneceu normal por 2 registro(s) (2 dia(s) corrido(s)), até 18/09.
O problema voltou em 21/09 na mesma câmera: CORREDOR 1 (câm 23) ONLINE COM ERRO (SD: error, Gravação: error).
Resultado: RESOLVIDO COM RECORRÊNCIA — normalizou, mas a mesma câmera voltou a apresentar problema."
31818_2026-09-16,31818,2026-09-16,RESOLVIDO,o problema original desapareceu e não voltou nos registros posteriores,NÃO,NÃO,FRENTE (câm 22),FRENTE (câm 22),2026-09-01,9.0,15.0,SIM,2026-09-17,1.0,1.0,6.0,8.0,NÃO,,,2026-09-23,CORREDOR 4 (câm 26) OFFLINE,"Antes: último registro em 15/09 — LARANJA. Problema: FRENTE (câm 22) ONLINE COM ERRO (SD: error, Gravação: error).
O problema aparece desde 01/09 (já existia no primeiro registro disponível): 9 registro(s) com problema, 15 dia(s) corrido(s) até 15/09.
Manutenção em 16/09 às 03:23 — técnico Gesnei souza. Anomalias: FRENTE (câm 22): Sem gravação de imagens.
No dia da manutenção (16/09) o CFTV mostrava VERDE (registro exibido à parte: não conta como antes nem depois).
Depois: 17/09 VERDE, 18/09 VERDE, 21/09 VERDE, 22/09 VERDE, 23/09 VERMELHO, 24/09 VERDE.
Normalizou no 1º registro após a manutenção (17/09), 1 dia(s) corrido(s) depois.
Permaneceu normal por 6 registro(s) (8 dia(s) corrido(s)) até o último registro disponível (24/09).
Problema original normalizado. Novo problema identificado em outra câmera em 23/09: CORREDOR 4 (câm 26) OFFLINE (não é recorrência).
Resultado: RESOLVIDO — o problema original desapareceu e não voltou nos registros posteriores."
31844_2026-09-16,31844,2026-09-16,NÃO RESOLVIDO,o problema original permaneceu em todos os registros posteriores,NÃO,NÃO,FRENTE (câm 22),"FRONTAL (câm 21), FRENTE (câm 22), CORREDOR 1 (câm 23), CORREDOR 2 (câm 24), CORREDOR 3 (câm 25), CORREDOR 4 (câm 26)",2026-09-01,9.0,15.0,NÃO,,,,,,,,,,,"Antes: último registro em 15/09 — LARANJA. Problema: FRENTE (câm 22) ONLINE COM ERRO (SD: error, Gravação: error).
O problema aparece desde 01/09 (já existia no primeiro registro disponível): 9 registro(s) com problema, 15 dia(s) corrido(s) até 15/09.
Manutenção em 16/09 às 02:49 — técnico Rafael Diniz. Anomalias: FRONTAL (câm 21): Configuração incorreta da câmera; FRENTE (câm 22): Configuração incorreta da câmera; CORREDOR 1 (câm 23): Sem gravação de imagens, Configuração incorreta da câmera; CORREDOR 2 (câm 24): Fusível queimado; CORREDOR 3 (câm 25): Fusível queimado; CORREDOR 4 (câm 26): Fusível queimado.
No dia da manutenção (16/09) o CFTV mostrava VERDE (registro exibido à parte: não conta como antes nem depois).
Depois: 17/09 LARANJA, 18/09 LARANJA, 21/09 LARANJA, 22/09 LARANJA, 23/09 LARANJA, 24/09 LARANJA.
Continuou com problema: FRENTE (câm 22).
Resultado: NÃO RESOLVIDO — o problema original permaneceu em todos os registros posteriores."
31948_2026-09-16,31948,2026-09-16,SEM DADOS PARA VALIDAR,sem problema no CFTV antes da manutenção (não há o que validar),NÃO,SIM,,"FRONTAL (câm 21), FRENTE (câm 22), CORREDOR 1 (câm 23)",,,,,,,,,,,,,,,"Antes: último registro em 15/09 — VERDE. Todas as câmeras ONLINE sem erro.
Manutenção em 16/09 às 08:53 — técnico Luiz Rodrigo. Anomalias: FRONTAL (câm 21): Câmera mal reposicionada.
No dia da manutenção (16/09) o CFTV mostrava VERDE (registro exibido à parte: não conta como antes nem depois).
Depois: 17/09 VERDE, 18/09 VERDE, 21/09 VERDE, 22/09 VERDE, 23/09 VERDE, 24/09 VERDE.
Veículo já estava normal antes da manutenção.
Continuou normal em todos os registros posteriores disponíveis.
Resultado: SEM DADOS PARA VALIDAR — sem problema no CFTV antes da manutenção (não há o que validar)."
31949_2026-09-16,31949,2026-09-16,SEM DADOS PARA VALIDAR,sem problema no CFTV antes da manutenção (não há o que validar),NÃO,SIM,,,,,,,,,,,,,,,,,"Antes: último registro em 15/09 — VERDE. Todas as câmeras ONLINE sem erro.
Manutenção em 16/09 às 14:08 — técnico Luiz Rodrigo. Anomalias: nenhuma anomalia marcada.
No dia da manutenção (16/09) o CFTV mostrava VERDE (registro exibido à parte: não conta como antes nem depois).
Depois: 17/09 VERDE, 18/09 VERDE, 21/09 VERDE, 22/09 VERDE, 23/09 VERDE, 24/09 VERDE.
Veículo já estava normal antes da manutenção.
Continuou normal em todos os registros posteriores disponíveis.
Resultado: SEM DADOS PARA VALIDAR — sem problema no CFTV antes da manutenção (não há o que validar)."
31951_2026-09-16,31951,2026-09-16,RESOLVIDO,o problema original desapareceu e não voltou nos registros posteriores,NÃO,NÃO,FRONTAL (câm 21),"FRONTAL (câm 21), FRENTE (câm 22), CORREDOR 1 (câm 23)",2026-09-01,8.0,15.0,SIM,2026-09-17,1.0,1.0,6.0,8.0,NÃO,,,,,"Antes: último registro em 15/09 — VERMELHO. Problema: FRONTAL (câm 21) OFFLINE.
O problema aparece desde 01/09 (já existia no primeiro registro disponível): 8 registro(s) com problema, 15 dia(s) corrido(s) até 15/09.
Manutenção em 16/09 às 13:51 — técnico Luiz Rodrigo. Anomalias: FRONTAL (câm 21): Câmera inoperante, Sem gravação de imagens, Configuração incorreta da câmera; FRENTE (câm 22): Sem gravação de imagens, Configuração incorreta da câmera; CORREDOR 1 (câm 23): Sem gravação de imagens, Configuração incorreta da câmera.
No dia da manutenção (16/09) o CFTV mostrava VERDE (registro exibido à parte: não conta como antes nem depois).
Depois: 17/09 VERDE, 18/09 VERDE, 21/09 VERDE, 22/09 VERDE, 23/09 VERDE, 24/09 VERDE.
Normalizou no 1º registro após a manutenção (17/09), 1 dia(s) corrido(s) depois.
Permaneceu normal por 6 registro(s) (8 dia(s) corrido(s)) até o último registro disponível (24/09).
Resultado: RESOLVIDO — o problema original desapareceu e não voltou nos registros posteriores."
31964_2026-09-16,31964,2026-09-16,NÃO RESOLVIDO,o problema original permaneceu em todos os registros posteriores,NÃO,NÃO,CORREDOR 3 (câm 25),CORREDOR 3 (câm 25),2026-09-01,9.0,15.0,NÃO,,,,,,,,,2026-09-17,CORREDOR 2 (câm 24) OFFLINE,"Antes: último registro em 15/09 — LARANJA. Problema: CORREDOR 3 (câm 25) ONLINE COM ERRO (SD: error, Gravação: error).
O problema aparece desde 01/09 (já existia no primeiro registro disponível): 9 registro(s) com problema, 15 dia(s) corrido(s) até 15/09.
Manutenção em 16/09 às 01:00 — técnico Rafael Diniz. Anomalias: CORREDOR 3 (câm 25): Sem gravação de imagens.
No dia da manutenção (16/09) o CFTV mostrava VERDE (registro exibido à parte: não conta como antes nem depois).
Depois: 17/09 VERMELHO, 18/09 LARANJA, 21/09 LARANJA, 22/09 LARANJA, 23/09 LARANJA, 24/09 LARANJA.
Continuou com problema: CORREDOR 3 (câm 25).
Novo problema identificado em outra câmera em 17/09: CORREDOR 2 (câm 24) OFFLINE (não é recorrência).
Resultado: NÃO RESOLVIDO — o problema original permaneceu em todos os registros posteriores."
31973_2026-09-16,31973,2026-09-16,RESOLVIDO,o problema original desapareceu e não voltou nos registros posteriores,NÃO,NÃO,"CORREDOR 1 (câm 23), CORREDOR 2 (câm 24)","CORREDOR 1 (câm 23), CORREDOR 2 (câm 24)",2026-09-01,9.0,15.0,SIM,2026-09-18,2.0,2.0,4.0,7.0,NÃO,,,,,"Antes: último registro em 15/09 — LARANJA. Problema: CORREDOR 1 (câm 23) ONLINE COM ERRO (SD: error, Gravação: error); CORREDOR 2 (câm 24) ONLINE COM ERRO (SD: error, Gravação: error).
O problema aparece desde 01/09 (já existia no primeiro registro disponível): 9 registro(s) com problema, 15 dia(s) corrido(s) até 15/09.
Manutenção em 16/09 às 01:25 — técnico Rafael Diniz. Anomalias: CORREDOR 1 (câm 23): Sem gravação de imagens; CORREDOR 2 (câm 24): Sem gravação de imagens.
No dia da manutenção (16/09) o CFTV mostrava VERDE (registro exibido à parte: não conta como antes nem depois).
Depois: 17/09 LARANJA, 18/09 VERDE, 22/09 VERDE, 23/09 VERDE, 24/09 VERDE.
Normalizou no 2º registro após a manutenção (18/09), 2 dia(s) corrido(s) depois.
Permaneceu normal por 4 registro(s) (7 dia(s) corrido(s)) até o último registro disponível (24/09).
Resultado: RESOLVIDO — o problema original desapareceu e não voltou nos registros posteriores."
31980_2026-09-16,31980,2026-09-16,PARCIALMENTE RESOLVIDO,parte das câmeras com problema normalizou e parte não,NÃO,NÃO,"CORREDOR 1 (câm 23), CORREDOR 3 (câm 25), CORREDOR 4 (câm 26)","CORREDOR 1 (câm 23), CORREDOR 3 (câm 25), CORREDOR 4 (câm 26)",2026-09-01,9.0,15.0,NÃO,,,,,,SIM,2026-09-21,CORREDOR 1 (câm 23),,,"Antes: último registro em 15/09 — VERMELHO. Problema: CORREDOR 1 (câm 23) ONLINE COM ERRO (SD: error, Gravação: error); CORREDOR 3 (câm 25) OFFLINE; CORREDOR 4 (câm 26) OFFLINE.
O problema aparece desde 01/09 (já existia no primeiro registro disponível): 9 registro(s) com problema, 15 dia(s) corrido(s) até 15/09.
Manutenção em 16/09 às 00:03 — técnico Rafael Diniz. Anomalias: CORREDOR 1 (câm 23): Sem gravação de imagens; CORREDOR 3 (câm 25): Câmera inoperante, Conexões do switch incorretas; CORREDOR 4 (câm 26): Câmera inoperante, Falha na conexão dos cabos.
No dia da manutenção (16/09) o CFTV mostrava VERMELHO (registro exibido à parte: não conta como antes nem depois).
Depois: 17/09 VERMELHO, 18/09 VERMELHO, 21/09 VERMELHO, 22/09 VERMELHO, 23/09 VERMELHO, 24/09 VERMELHO.
Normalizou só em parte: CORREDOR 1 (câm 23) normalizou em 17/09.
Continuou com problema: CORREDOR 3 (câm 25), CORREDOR 4 (câm 26).
A mesma câmera voltou a falhar em 21/09: CORREDOR 1 (câm 23) ONLINE COM ERRO (SD: error, Gravação: error).
Resultado: PARCIALMENTE RESOLVIDO — parte das câmeras com problema normalizou e parte não."
31983_2026-09-16,31983,2026-09-16,RESOLVIDO,o problema original desapareceu e não voltou nos registros posteriores,NÃO,NÃO,"FRONTAL (câm 21), CORREDOR 2 (câm 24)","FRONTAL (câm 21), CORREDOR 2 (câm 24)",2026-09-15,1.0,1.0,SIM,2026-09-18,2.0,2.0,5.0,7.0,NÃO,,,,,"Antes: último registro em 15/09 — LARANJA. Problema: FRONTAL (câm 21) ONLINE COM ERRO (SD: error, Gravação: error); CORREDOR 2 (câm 24) ONLINE COM ERRO (SD: error, Gravação: error).
O problema aparece desde 15/09: 1 registro(s) com problema, 1 dia(s) corrido(s) até 15/09.
Manutenção em 16/09 às 00:10 — técnico Rafael Diniz. Anomalias: nenhuma anomalia marcada.
No dia da manutenção (16/09) o CFTV mostrava VERDE (registro exibido à parte: não conta como antes nem depois).
Depois: 17/09 LARANJA, 18/09 VERDE, 21/09 VERDE, 22/09 VERDE, 23/09 VERDE, 24/09 VERDE.
Normalizou no 2º registro após a manutenção (18/09), 2 dia(s) corrido(s) depois.
Permaneceu normal por 5 registro(s) (7 dia(s) corrido(s)) até o último registro disponível (24/09).
Resultado: RESOLVIDO — o problema original desapareceu e não voltou nos registros posteriores."
31984_2026-09-16,31984,2026-09-16,RESOLVIDO,o problema original desapareceu e não voltou nos registros posteriores,NÃO,NÃO,CORREDOR 3 (câm 25),"CORREDOR 2 (câm 24), CORREDOR 3 (câm 25)",2026-09-11,2.0,5.0,SIM,2026-09-17,1.0,1.0,6.0,8.0,NÃO,,,2026-09-22,"CORREDOR 2 (câm 24) ONLINE COM ERRO (SD: error, Gravação: error)","Antes: último registro em 15/09 — LARANJA. Problema: CORREDOR 3 (câm 25) ONLINE COM ERRO (SD: error, Gravação: error).
O problema aparece desde 11/09 (já existia no primeiro registro disponível): 2 registro(s) com problema, 5 dia(s) corrido(s) até 15/09.
Manutenção em 16/09 às 00:38 — técnico Rafael Diniz. Anomalias: CORREDOR 2 (câm 24): Sem gravação de imagens; CORREDOR 3 (câm 25): Sem gravação de imagens.
No dia da manutenção (16/09) o CFTV mostrava VERDE (registro exibido à parte: não conta como antes nem depois).
Depois: 17/09 VERDE, 18/09 VERDE, 21/09 VERDE, 22/09 LARANJA, 23/09 VERMELHO, 24/09 VERMELHO.
Normalizou no 1º registro após a manutenção (17/09), 1 dia(s) corrido(s) depois.
Permaneceu normal por 6 registro(s) (8 dia(s) corrido(s)) até o último registro disponível (24/09).
Problema original normalizado. Novo problema identificado em outra câmera em 22/09: CORREDOR 2 (câm 24) ONLINE COM ERRO (SD: error, Gravação: error) (não é recorrência).
Resultado: RESOLVIDO — o problema original desapareceu e não voltou nos registros posteriores."
32100_2026-09-16,32100,2026-09-16,RESOLVIDO,o problema original desapareceu e não voltou nos registros posteriores,NÃO,NÃO,FRENTE (câm 22),"FRONTAL (câm 21), FRENTE (câm 22), CORREDOR 1 (câm 23)",2026-09-15,1.0,1.0,SIM,2026-09-17,1.0,1.0,6.0,8.0,NÃO,,,,,"Antes: último registro em 15/09 — LARANJA. Problema: FRENTE (câm 22) ONLINE COM ERRO (SD: error, Gravação: error).
O problema aparece desde 15/09: 1 registro(s) com problema, 1 dia(s) corrido(s) até 15/09.
Manutenção em 16/09 às 02:03 — técnico Rafael Diniz. Anomalias: FRONTAL (câm 21): Sem gravação de imagens, Câmera não fixada corretamente, Câmera mal reposicionada, Configuração incorreta da câmera; FRENTE (câm 22): Câmera mal reposicionada, Configuração incorreta da câmera; CORREDOR 1 (câm 23): Configuração incorreta da câmera.
No dia da manutenção (16/09) o CFTV mostrava VERDE (registro exibido à parte: não conta como antes nem depois).
Depois: 17/09 VERDE, 18/09 VERDE, 21/09 VERDE, 22/09 VERDE, 23/09 VERDE, 24/09 VERDE.
Normalizou no 1º registro após a manutenção (17/09), 1 dia(s) corrido(s) depois.
Permaneceu normal por 6 registro(s) (8 dia(s) corrido(s)) até o último registro disponível (24/09).
Resultado: RESOLVIDO — o problema original desapareceu e não voltou nos registros posteriores."
32198_2026-09-16,32198,2026-09-16,RESOLVIDO,o problema original desapareceu e não voltou nos registros posteriores,NÃO,NÃO,CORREDOR 1 (câm 23),"FRONTAL (câm 21), FRENTE (câm 22), CORREDOR 1 (câm 23)",2026-09-01,9.0,15.0,SIM,2026-09-17,1.0,1.0,6.0,8.0,NÃO,,,,,"Antes: último registro em 15/09 — LARANJA. Problema: CORREDOR 1 (câm 23) ONLINE COM ERRO (SD: error, Gravação: error).
O problema aparece desde 01/09 (já existia no primeiro registro disponível): 9 registro(s) com problema, 15 dia(s) corrido(s) até 15/09.
Manutenção em 16/09 às 03:48 — técnico Rafael Diniz. Anomalias: FRONTAL (câm 21): Configuração incorreta da câmera; FRENTE (câm 22): Configuração incorreta da câmera; CORREDOR 1 (câm 23): Sem gravação de imagens, Configuração incorreta da câmera.
No dia da manutenção (16/09) o CFTV mostrava VERDE (registro exibido à parte: não conta como antes nem depois).
Depois: 17/09 VERDE, 18/09 VERDE, 21/09 VERDE, 22/09 VERDE, 23/09 VERDE, 24/09 VERDE.
Normalizou no 1º registro após a manutenção (17/09), 1 dia(s) corrido(s) depois.
Permaneceu normal por 6 registro(s) (8 dia(s) corrido(s)) até o último registro disponível (24/09).
Resultado: RESOLVIDO — o problema original desapareceu e não voltou nos registros posteriores."
51057_2026-09-16,51057,2026-09-16,NÃO RESOLVIDO,o problema original permaneceu em todos os registros posteriores,NÃO,NÃO,CORREDOR 1 (câm 23),,2026-09-08,5.0,8.0,NÃO,,,,,,,,,2026-09-21,FRENTE (câm 22) OFFLINE,"Antes: último registro em 15/09 — LARANJA. Problema: CORREDOR 1 (câm 23) ONLINE COM ERRO (SD: error, Gravação: error).
O problema aparece desde 08/09: 5 registro(s) com problema, 8 dia(s) corrido(s) até 15/09.
Manutenção em 16/09 às 03:22 — técnico Anderson Silva. Anomalias: nenhuma anomalia marcada.
No dia da manutenção (16/09) o CFTV mostrava LARANJA (registro exibido à parte: não conta como antes nem depois).
Depois: 17/09 LARANJA, 18/09 LARANJA, 21/09 VERMELHO, 22/09 VERMELHO, 23/09 VERMELHO, 24/09 VERMELHO.
Continuou com problema: CORREDOR 1 (câm 23).
Novo problema identificado em outra câmera em 21/09: FRENTE (câm 22) OFFLINE (não é recorrência).
Resultado: NÃO RESOLVIDO — o problema original permaneceu em todos os registros posteriores."
51113_2026-09-16,51113,2026-09-16,SEM DADOS PARA VALIDAR,sem problema no CFTV antes da manutenção (não há o que validar),NÃO,SIM,,,,,,,,,,,,,,,,,"Antes: último registro em 15/09 — VERDE. Todas as câmeras ONLINE sem erro.
Manutenção em 16/09 às 23:50 — técnico FELIX SECURITY GABRIEL. Anomalias: nenhuma anomalia marcada.
No dia da manutenção (16/09) o CFTV mostrava VERDE (registro exibido à parte: não conta como antes nem depois).
Depois: 17/09 VERDE, 18/09 VERDE, 21/09 VERDE, 22/09 VERDE, 23/09 VERDE, 24/09 VERDE.
Veículo já estava normal antes da manutenção.
Continuou normal em todos os registros posteriores disponíveis.
Resultado: SEM DADOS PARA VALIDAR — sem problema no CFTV antes da manutenção (não há o que validar)."
51116_2026-09-16,51116,2026-09-16,SEM DADOS PARA VALIDAR,sem problema no CFTV antes da manutenção (não há o que validar),NÃO,SIM,,,,,,,,,,,,,,,,,"Antes: último registro em 15/09 — VERDE. Todas as câmeras ONLINE sem erro.
Manutenção em 16/09 às 23:40 — técnico FELIX SECURITY GABRIEL. Anomalias: nenhuma anomalia marcada.
No dia da manutenção (16/09) o CFTV mostrava VERDE (registro exibido à parte: não conta como antes nem depois).
Depois: 17/09 VERDE, 18/09 VERDE, 21/09 VERDE, 22/09 VERDE, 23/09 VERDE, 24/09 VERDE.
Veículo já estava normal antes da manutenção.
Continuou normal em todos os registros posteriores disponíveis.
Resultado: SEM DADOS PARA VALIDAR — sem problema no CFTV antes da manutenção (não há o que validar)."
51117_2026-09-16,51117,2026-09-16,SEM DADOS PARA VALIDAR,sem problema no CFTV antes da manutenção (não há o que validar),NÃO,SIM,,,,,,,,,,,,,,,,,"Antes: último registro em 15/09 — VERDE. Todas as câmeras ONLINE sem erro.
Manutenção em 16/09 às 23:46 — técnico FELIX SECURITY GABRIEL. Anomalias: nenhuma anomalia marcada.
No dia da manutenção (16/09) o CFTV mostrava VERDE (registro exibido à parte: não conta como antes nem depois).
Depois: 17/09 VERDE, 18/09 VERDE, 21/09 VERDE, 22/09 VERDE, 23/09 VERDE, 24/09 VERDE.
Veículo já estava normal antes da manutenção.
Continuou normal em todos os registros posteriores disponíveis.
Resultado: SEM DADOS PARA VALIDAR — sem problema no CFTV antes da manutenção (não há o que validar)."
52711_2026-09-16,52711,2026-09-16,NÃO RESOLVIDO,o problema original permaneceu em todos os registros posteriores,NÃO,NÃO,"FRONTAL (câm 21), FRENTE (câm 22)",,2026-09-01,9.0,15.0,NÃO,,,,,,,,,,,"Antes: último registro em 15/09 — VERMELHO. Problema: FRONTAL (câm 21) ONLINE COM ERRO (SD: error, Gravação: error); FRENTE (câm 22) OFFLINE.
O problema aparece desde 01/09 (já existia no primeiro registro disponível): 9 registro(s) com problema, 15 dia(s) corrido(s) até 15/09.
Manutenção em 16/09 às 03:02 — técnico Anderson Silva. Anomalias: nenhuma anomalia marcada.
Manutenção em 16/09 às 04:26 — técnico Anderson Silva. Anomalias: nenhuma anomalia marcada.
No dia da manutenção (16/09) o CFTV mostrava VERMELHO (registro exibido à parte: não conta como antes nem depois).
Depois: 17/09 VERMELHO, 18/09 VERMELHO, 21/09 VERMELHO.
Continuou com problema: FRONTAL (câm 21), FRENTE (câm 22).
Resultado: NÃO RESOLVIDO — o problema original permaneceu em todos os registros posteriores."
52762_2026-09-16,52762,2026-09-16,NÃO RESOLVIDO,o problema original permaneceu em todos os registros posteriores,NÃO,NÃO,"CORREDOR 3 (câm 25), CORREDOR 4 (câm 26)",,2026-09-01,9.0,15.0,NÃO,,,,,,,,,,,"Antes: último registro em 15/09 — VERMELHO. Problema: CORREDOR 3 (câm 25) OFFLINE; CORREDOR 4 (câm 26) OFFLINE.
O problema aparece desde 01/09 (já existia no primeiro registro disponível): 9 registro(s) com problema, 15 dia(s) corrido(s) até 15/09.
Manutenção em 16/09 às 03:00 — técnico Anderson Silva. Anomalias: nenhuma anomalia marcada.
No dia da manutenção (16/09) o CFTV mostrava VERMELHO (registro exibido à parte: não conta como antes nem depois).
Depois: 17/09 VERMELHO, 18/09 VERMELHO, 21/09 VERMELHO.
Continuou com problema: CORREDOR 3 (câm 25), CORREDOR 4 (câm 26).
Resultado: NÃO RESOLVIDO — o problema original permaneceu em todos os registros posteriores."
52835_2026-09-16,52835,2026-09-16,SEM DADOS PARA VALIDAR,sem problema no CFTV antes da manutenção (não há o que validar),NÃO,SIM,,,,,,,,,,,,,,,,,"Antes: último registro em 15/09 — VERDE. Todas as câmeras ONLINE sem erro.
Manutenção em 16/09 às 03:05 — técnico Anderson Silva. Anomalias: nenhuma anomalia marcada.
No dia da manutenção (16/09) o CFTV mostrava VERDE (registro exibido à parte: não conta como antes nem depois).
Depois: 17/09 VERDE, 18/09 VERDE, 21/09 VERDE, 22/09 VERDE, 23/09 VERDE, 24/09 VERDE.
Veículo já estava normal antes da manutenção.
Continuou normal em todos os registros posteriores disponíveis.
Resultado: SEM DADOS PARA VALIDAR — sem problema no CFTV antes da manutenção (não há o que validar)."
52910_2026-09-16,52910,2026-09-16,SEM DADOS PARA VALIDAR,sem problema no CFTV antes da manutenção (não há o que validar),NÃO,SIM,,,,,,,,,,,,,,,,,"Antes: último registro em 15/09 — VERDE. Todas as câmeras ONLINE sem erro.
Manutenção em 16/09 às 03:19 — técnico Anderson Silva. Anomalias: nenhuma anomalia marcada.
No dia da manutenção (16/09) o CFTV mostrava VERDE (registro exibido à parte: não conta como antes nem depois).
Depois: 17/09 VERDE, 18/09 VERDE, 21/09 VERDE, 22/09 VERDE.
Veículo já estava normal antes da manutenção.
Continuou normal em todos os registros posteriores disponíveis.
Resultado: SEM DADOS PARA VALIDAR — sem problema no CFTV antes da manutenção (não há o que validar)."
52919_2026-09-16,52919,2026-09-16,NÃO RESOLVIDO,o problema original permaneceu em todos os registros posteriores,NÃO,NÃO,CORREDOR 4 (câm 26),,2026-09-01,9.0,15.0,NÃO,,,,,,,,,,,"Antes: último registro em 15/09 — VERMELHO. Problema: CORREDOR 4 (câm 26) OFFLINE.
O problema aparece desde 01/09 (já existia no primeiro registro disponível): 9 registro(s) com problema, 15 dia(s) corrido(s) até 15/09.
Manutenção em 16/09 às 03:11 — técnico Anderson Silva. Anomalias: nenhuma anomalia marcada.
Manutenção em 16/09 às 04:22 — técnico Anderson Silva. Anomalias: nenhuma anomalia marcada.
No dia da manutenção (16/09) o CFTV mostrava VERMELHO (registro exibido à parte: não conta como antes nem depois).
Depois: 17/09 VERMELHO, 18/09 VERMELHO, 21/09 VERMELHO, 22/09 VERMELHO, 23/09 VERMELHO, 24/09 VERMELHO.
Continuou com problema: CORREDOR 4 (câm 26).
Resultado: NÃO RESOLVIDO — o problema original permaneceu em todos os registros posteriores."
52932_2026-09-16,52932,2026-09-16,RESOLVIDO,o problema original desapareceu e não voltou nos registros posteriores,NÃO,NÃO,FRONTAL (câm 21),,2026-09-01,8.0,11.0,SIM,2026-09-17,1.0,1.0,6.0,8.0,NÃO,,,,,"Antes: último registro em 11/09 — VERMELHO. Problema: FRONTAL (câm 21) OFFLINE.
O problema aparece desde 01/09 (já existia no primeiro registro disponível): 8 registro(s) com problema, 11 dia(s) corrido(s) até 11/09.
Manutenção em 16/09 às 03:08 — técnico Anderson Silva. Anomalias: nenhuma anomalia marcada.
No dia da manutenção (16/09) o CFTV mostrava VERDE (registro exibido à parte: não conta como antes nem depois).
Depois: 17/09 VERDE, 18/09 VERDE, 21/09 VERDE, 22/09 VERDE, 23/09 VERDE, 24/09 VERDE.
Normalizou no 1º registro após a manutenção (17/09), 1 dia(s) corrido(s) depois.
Permaneceu normal por 6 registro(s) (8 dia(s) corrido(s)) até o último registro disponível (24/09).
Resultado: RESOLVIDO — o problema original desapareceu e não voltou nos registros posteriores."
52936_2026-09-16,52936,2026-09-16,NÃO RESOLVIDO,o problema original permaneceu em todos os registros posteriores,NÃO,NÃO,"FRONTAL (câm 21), FRENTE (câm 22), CORREDOR 2 (câm 24), CORREDOR 3 (câm 25), CORREDOR 4 (câm 26)",,2026-09-01,9.0,15.0,NÃO,,,,,,,,,2026-09-21,CORREDOR 1 (câm 23) OFFLINE,"Antes: último registro em 15/09 — LARANJA. Problema: FRONTAL (câm 21) ONLINE COM ERRO (SD: error, Gravação: error); FRENTE (câm 22) ONLINE COM ERRO (SD: error, Gravação: error); CORREDOR 2 (câm 24) ONLINE COM ERRO (SD: error, Gravação: error); CORREDOR 3 (câm 25) ONLINE COM ERRO (SD: error, Gravação: error); CORREDOR 4 (câm 26) ONLINE COM ERRO (SD: error, Gravação: error).
O problema aparece desde 01/09 (já existia no primeiro registro disponível): 9 registro(s) com problema, 15 dia(s) corrido(s) até 15/09.
Manutenção em 16/09 às 03:24 — técnico Anderson Silva. Anomalias: nenhuma anomalia marcada.
Manutenção em 16/09 às 04:29 — técnico Anderson Silva. Anomalias: nenhuma anomalia marcada.
No dia da manutenção (16/09) o CFTV mostrava LARANJA (registro exibido à parte: não conta como antes nem depois).
Depois: 17/09 LARANJA, 18/09 LARANJA, 21/09 VERMELHO, 22/09 VERMELHO, 23/09 VERMELHO, 24/09 VERMELHO.
Continuou com problema: FRONTAL (câm 21), FRENTE (câm 22), CORREDOR 2 (câm 24), CORREDOR 3 (câm 25), CORREDOR 4 (câm 26).
Novo problema identificado em outra câmera em 21/09: CORREDOR 1 (câm 23) OFFLINE (não é recorrência).
Resultado: NÃO RESOLVIDO — o problema original permaneceu em todos os registros posteriores."
61228_2026-09-16,61228,2026-09-16,SEM DADOS PARA VALIDAR,sem problema no CFTV antes da manutenção (não há o que validar),NÃO,SIM,,FRONTAL (câm 21),,,,,,,,,,,,,,,"Antes: último registro em 15/09 — VERDE. Todas as câmeras ONLINE sem erro.
Manutenção em 16/09 às 01:31 — técnico Jonathan Gonçalves. Anomalias: FRONTAL (câm 21): Câmera travada.
No dia da manutenção (16/09) o CFTV mostrava VERDE (registro exibido à parte: não conta como antes nem depois).
Depois: 17/09 VERDE, 18/09 VERDE, 21/09 VERMELHO, 22/09 VERDE, 23/09 VERDE, 24/09 VERDE.
Veículo já estava normal antes da manutenção.
Surgiu problema depois, em 21/09: FRENTE (câm 22) OFFLINE.
Resultado: SEM DADOS PARA VALIDAR — sem problema no CFTV antes da manutenção (não há o que validar)."
61316_2026-09-16,61316,2026-09-16,PARCIALMENTE RESOLVIDO,parte das câmeras com problema normalizou e parte não,NÃO,NÃO,"CORREDOR 2 (câm 24), CORREDOR 4 (câm 26)",CORREDOR 2 (câm 24),2026-09-01,9.0,15.0,NÃO,,,,,,,,,,,"Antes: último registro em 15/09 — VERMELHO. Problema: CORREDOR 2 (câm 24) OFFLINE; CORREDOR 4 (câm 26) OFFLINE.
O problema aparece desde 01/09 (já existia no primeiro registro disponível): 9 registro(s) com problema, 15 dia(s) corrido(s) até 15/09.
Manutenção em 16/09 às 02:21 — técnico Jonathan Gonçalves. Anomalias: CORREDOR 2 (câm 24): Câmera travada, Sem gravação de imagens.
No dia da manutenção (16/09) o CFTV mostrava VERMELHO (registro exibido à parte: não conta como antes nem depois).
Depois: 17/09 VERMELHO, 18/09 VERMELHO, 23/09 LARANJA, 24/09 LARANJA.
Normalizou só em parte: CORREDOR 4 (câm 26) normalizou em 23/09.
Continuou com problema: CORREDOR 2 (câm 24).
Resultado: PARCIALMENTE RESOLVIDO — parte das câmeras com problema normalizou e parte não."
61327_2026-09-16,61327,2026-09-16,RESOLVIDO COM RECORRÊNCIA,"normalizou, mas a mesma câmera voltou a apresentar problema",NÃO,NÃO,CORREDOR 1 (câm 23),CORREDOR 1 (câm 23),2026-09-15,1.0,1.0,SIM,2026-09-17,1.0,1.0,2.0,5.0,SIM,2026-09-22,CORREDOR 1 (câm 23),,,"Antes: último registro em 15/09 — VERMELHO. Problema: CORREDOR 1 (câm 23) OFFLINE.
O problema aparece desde 15/09: 1 registro(s) com problema, 1 dia(s) corrido(s) até 15/09.
Manutenção em 16/09 às 02:00 — técnico Jonathan Gonçalves. Anomalias: CORREDOR 1 (câm 23): Falha na conexão dos cabos.
No dia da manutenção (16/09) o CFTV mostrava VERDE (registro exibido à parte: não conta como antes nem depois).
Depois: 17/09 VERDE, 21/09 VERDE, 22/09 VERMELHO, 23/09 VERMELHO, 24/09 VERDE.
Normalizou no 1º registro após a manutenção (17/09), 1 dia(s) corrido(s) depois.
Permaneceu normal por 2 registro(s) (5 dia(s) corrido(s)), até 21/09.
O problema voltou em 22/09 na mesma câmera: CORREDOR 1 (câm 23) OFFLINE.
Resultado: RESOLVIDO COM RECORRÊNCIA — normalizou, mas a mesma câmera voltou a apresentar problema."
61511_2026-09-16,61511,2026-09-16,PARCIALMENTE RESOLVIDO,parte das câmeras com problema normalizou e parte não,NÃO,NÃO,"FRONTAL (câm 21), CORREDOR 3 (câm 25), CORREDOR 4 (câm 26)","FRONTAL (câm 21), FRENTE (câm 22), CORREDOR 1 (câm 23), CORREDOR 2 (câm 24), CORREDOR 3 (câm 25), CORREDOR 4 (câm 26)",2026-09-09,4.0,7.0,NÃO,,,,,,,,,,,"Antes: último registro em 15/09 — LARANJA. Problema: FRONTAL (câm 21) ONLINE COM ERRO (SD: error, Gravação: error); CORREDOR 3 (câm 25) ONLINE COM ERRO (SD: error, Gravação: error); CORREDOR 4 (câm 26) ONLINE COM ERRO (SD: error, Gravação: error).
O problema aparece desde 09/09: 4 registro(s) com problema, 7 dia(s) corrido(s) até 15/09.
Manutenção em 16/09 às 22:39 — técnico Jonathan Gonçalves. Anomalias: FRONTAL (câm 21): Fusível queimado; FRENTE (câm 22): Fusível queimado; CORREDOR 1 (câm 23): Fusível queimado; CORREDOR 2 (câm 24): Fusível queimado; CORREDOR 3 (câm 25): Fusível queimado; CORREDOR 4 (câm 26): Fusível queimado.
No dia da manutenção (16/09) o CFTV mostrava LARANJA (registro exibido à parte: não conta como antes nem depois).
Depois: 17/09 VERMELHO, 18/09 LARANJA, 21/09 VERMELHO, 22/09 LARANJA, 23/09 LARANJA, 24/09 VERMELHO.
Normalizou só em parte: CORREDOR 4 (câm 26) normalizou em 17/09.
Continuou com problema: FRONTAL (câm 21), CORREDOR 3 (câm 25).
Resultado: PARCIALMENTE RESOLVIDO — parte das câmeras com problema normalizou e parte não."
68043_2026-09-16,68043,2026-09-16,RESOLVIDO,o problema original desapareceu e não voltou nos registros posteriores,NÃO,NÃO,FRONTAL (câm 21),"FRONTAL (câm 21), FRENTE (câm 22)",2026-09-15,1.0,1.0,SIM,2026-09-17,1.0,1.0,6.0,8.0,NÃO,,,,,"Antes: último registro em 15/09 — LARANJA. Problema: FRONTAL (câm 21) ONLINE COM ERRO (SD: error, Gravação: error).
O problema aparece desde 15/09: 1 registro(s) com problema, 1 dia(s) corrido(s) até 15/09.
Manutenção em 16/09 às 03:56 — técnico Rafael Menezes Rocha. Anomalias: FRONTAL (câm 21): Câmera travada, Configuração incorreta da câmera; FRENTE (câm 22): Câmera travada, Configuração incorreta da câmera.
No dia da manutenção (16/09) o CFTV mostrava VERDE (registro exibido à parte: não conta como antes nem depois).
Depois: 17/09 VERDE, 18/09 VERDE, 21/09 VERDE, 22/09 VERDE, 23/09 VERDE, 24/09 VERDE.
Normalizou no 1º registro após a manutenção (17/09), 1 dia(s) corrido(s) depois.
Permaneceu normal por 6 registro(s) (8 dia(s) corrido(s)) até o último registro disponível (24/09).
Resultado: RESOLVIDO — o problema original desapareceu e não voltou nos registros posteriores."
68465_2026-09-16,68465,2026-09-16,SEM DADOS PARA VALIDAR,sem problema no CFTV antes da manutenção (não há o que validar),NÃO,SIM,,"FRONTAL (câm 21), FRENTE (câm 22)",,,,,,,,,,,,,,,"Antes: último registro em 15/09 — VERDE. Todas as câmeras ONLINE sem erro.
Manutenção em 16/09 às 02:12 — técnico Rafael Menezes Rocha. Anomalias: FRONTAL (câm 21): Câmera travada, Configuração incorreta da câmera; FRENTE (câm 22): Câmera travada, Configuração incorreta da câmera.
No dia da manutenção (16/09) o CFTV mostrava VERDE (registro exibido à parte: não conta como antes nem depois).
Depois: 17/09 VERDE, 18/09 VERDE, 21/09 VERDE, 22/09 VERDE, 23/09 VERMELHO, 24/09 VERDE.
Veículo já estava normal antes da manutenção.
Surgiu problema depois, em 23/09: FRONTAL (câm 21) OFFLINE; FRENTE (câm 22) OFFLINE.
Resultado: SEM DADOS PARA VALIDAR — sem problema no CFTV antes da manutenção (não há o que validar)."
68582_2026-09-16,68582,2026-09-16,SEM DADOS PARA VALIDAR,sem problema no CFTV antes da manutenção (não há o que validar),NÃO,SIM,,"FRONTAL (câm 21), FRENTE (câm 22)",,,,,,,,,,,,,,,"Antes: último registro em 15/09 — VERDE. Todas as câmeras ONLINE sem erro.
Manutenção em 16/09 às 02:35 — técnico Rafael Menezes Rocha. Anomalias: FRONTAL (câm 21): Câmera travada, Configuração incorreta da câmera; FRENTE (câm 22): Câmera travada, Configuração incorreta da câmera.
No dia da manutenção (16/09) o CFTV mostrava VERDE (registro exibido à parte: não conta como antes nem depois).
Depois: 17/09 VERDE, 18/09 VERDE, 21/09 VERDE, 22/09 VERDE, 23/09 VERDE, 24/09 VERDE.
Veículo já estava normal antes da manutenção.
Continuou normal em todos os registros posteriores disponíveis.
Resultado: SEM DADOS PARA VALIDAR — sem problema no CFTV antes da manutenção (não há o que validar)."
68589_2026-09-16,68589,2026-09-16,SEM DADOS PARA VALIDAR,sem registro CFTV anterior à manutenção,NÃO,NÃO,,"FRONTAL (câm 21), FRENTE (câm 22)",,,,,,,,,,,,,,,"Antes: não há registro CFTV anterior à manutenção.
Manutenção em 16/09 às 02:29 — técnico Rafael Menezes Rocha. Anomalias: FRONTAL (câm 21): Câmera travada, Sem gravação de imagens, RJ45 crimpado incorretamente, Câmera mal reposicionada, Configuração incorreta da câmera; FRENTE (câm 22): Câmera inoperante, Câmera travada, Cabeamento rompido/danificado, Câmera mal reposicionada, Configuração incorreta da câmera.
Não há registro CFTV no dia da manutenção (16/09).
Depois: 21/09 VERDE, 22/09 VERDE, 23/09 VERDE, 24/09 VERDE.
Resultado: SEM DADOS PARA VALIDAR — sem registro CFTV anterior à manutenção."
68594_2026-09-16,68594,2026-09-16,SEM DADOS PARA VALIDAR,sem registro CFTV anterior à manutenção,NÃO,NÃO,,"FRONTAL (câm 21), FRENTE (câm 22)",,,,,,,,,,,,,,,"Antes: não há registro CFTV anterior à manutenção.
Manutenção em 16/09 às 02:17 — técnico Rafael Menezes Rocha. Anomalias: FRONTAL (câm 21): Câmera travada, Sem gravação de imagens, Câmera mal reposicionada, Configuração incorreta da câmera; FRENTE (câm 22): Câmera inoperante, Câmera travada, Sem gravação de imagens, Câmera mal reposicionada, Configuração incorreta da câmera.
Manutenção em 16/09 às 02:23 — técnico Rafael Menezes Rocha. Anomalias: FRONTAL (câm 21): Câmera travada, Configuração incorreta da câmera; FRENTE (câm 22): Câmera inoperante, Câmera travada, Sem gravação de imagens, Configuração incorreta da câmera.
Não há registro CFTV no dia da manutenção (16/09).
Depois: 21/09 VERDE, 22/09 VERDE, 23/09 VERDE, 24/09 VERDE.
Resultado: SEM DADOS PARA VALIDAR — sem registro CFTV anterior à manutenção."
73362_2026-09-16,73362,2026-09-16,RESOLVIDO COM RECORRÊNCIA,"normalizou, mas a mesma câmera voltou a apresentar problema",NÃO,NÃO,FRONTAL (câm 21),FRONTAL (câm 21),2026-09-01,9.0,15.0,SIM,2026-09-17,1.0,1.0,5.0,7.0,SIM,2026-09-24,FRONTAL (câm 21),,,"Antes: último registro em 15/09 — VERMELHO. Problema: FRONTAL (câm 21) OFFLINE.
O problema aparece desde 01/09 (já existia no primeiro registro disponível): 9 registro(s) com problema, 15 dia(s) corrido(s) até 15/09.
Manutenção em 16/09 às 02:44 — técnico John Lima. Anomalias: FRONTAL (câm 21): Câmera inoperante, Cabeamento rompido/danificado.
No dia da manutenção (16/09) o CFTV mostrava VERDE (registro exibido à parte: não conta como antes nem depois).
Depois: 17/09 VERDE, 18/09 VERDE, 21/09 VERDE, 22/09 VERDE, 23/09 VERDE, 24/09 VERMELHO.
Normalizou no 1º registro após a manutenção (17/09), 1 dia(s) corrido(s) depois.
Permaneceu normal por 5 registro(s) (7 dia(s) corrido(s)), até 23/09.
O problema voltou em 24/09 na mesma câmera: FRONTAL (câm 21) OFFLINE.
Resultado: RESOLVIDO COM RECORRÊNCIA — normalizou, mas a mesma câmera voltou a apresentar problema."
73767_2026-09-16,73767,2026-09-16,RESOLVIDO,o problema original desapareceu e não voltou nos registros posteriores,NÃO,NÃO,"FRONTAL (câm 21), FRENTE (câm 22), CORREDOR 1 (câm 23), CORREDOR 2 (câm 24), CORREDOR 3 (câm 25), CORREDOR 4 (câm 26)","FRONTAL (câm 21), FRENTE (câm 22), CORREDOR 1 (câm 23), CORREDOR 2 (câm 24), CORREDOR 3 (câm 25), CORREDOR 4 (câm 26)",2026-09-11,2.0,5.0,SIM,2026-09-17,1.0,1.0,6.0,8.0,NÃO,,,,,"Antes: último registro em 15/09 — VERMELHO. Problema: FRONTAL (câm 21) ONLINE COM ERRO (SD: error, Gravação: error); FRENTE (câm 22) OFFLINE; CORREDOR 1 (câm 23) OFFLINE; CORREDOR 2 (câm 24) OFFLINE; CORREDOR 3 (câm 25) OFFLINE; CORREDOR 4 (câm 26) OFFLINE.
O problema aparece desde 11/09 (já existia no primeiro registro disponível): 2 registro(s) com problema, 5 dia(s) corrido(s) até 15/09.
Manutenção em 16/09 às 00:55 — técnico Abner Melo. Anomalias: FRONTAL (câm 21): Câmera inoperante, Sem gravação de imagens, Configuração incorreta da câmera, Câmera sem cartão de memória; FRENTE (câm 22): Câmera inoperante, Sem gravação de imagens, Configuração incorreta da câmera, Câmera sem cartão de memória; CORREDOR 1 (câm 23): Câmera inoperante, Sem gravação de imagens, Configuração incorreta da câmera, Câmera sem cartão de memória; CORREDOR 2 (câm 24): Câmera inoperante, Sem gravação de imagens, Configuração incorreta da câmera, Câmera sem cartão de memória; CORREDOR 3 (câm 25): Câmera inoperante, Sem gravação de imagens, Configuração incorreta da câmera, Câmera sem cartão de memória; CORREDOR 4 (câm 26): Câmera inoperante, Sem gravação de imagens, Configuração incorreta da câmera, Câmera sem cartão de memória.
No dia da manutenção (16/09) o CFTV mostrava VERDE (registro exibido à parte: não conta como antes nem depois).
Depois: 17/09 VERDE, 18/09 VERDE, 21/09 VERDE, 22/09 VERDE, 23/09 VERDE, 24/09 VERDE.
Normalizou no 1º registro após a manutenção (17/09), 1 dia(s) corrido(s) depois.
Permaneceu normal por 6 registro(s) (8 dia(s) corrido(s)) até o último registro disponível (24/09).
Resultado: RESOLVIDO — o problema original desapareceu e não voltou nos registros posteriores."
73785_2026-09-16,73785,2026-09-16,RESOLVIDO,o problema original desapareceu e não voltou nos registros posteriores,NÃO,NÃO,"FRONTAL (câm 21), FRENTE (câm 22), CORREDOR 1 (câm 23), CORREDOR 2 (câm 24), CORREDOR 3 (câm 25), CORREDOR 4 (câm 26)","FRONTAL (câm 21), FRENTE (câm 22), CORREDOR 1 (câm 23), CORREDOR 2 (câm 24), CORREDOR 3 (câm 25), CORREDOR 4 (câm 26)",2026-09-15,1.0,1.0,SIM,2026-09-17,1.0,1.0,6.0,8.0,NÃO,,,,,"Antes: último registro em 15/09 — LARANJA. Problema: FRONTAL (câm 21) ONLINE COM ERRO (SD: error, Gravação: error); FRENTE (câm 22) ONLINE COM ERRO (SD: error, Gravação: error); CORREDOR 1 (câm 23) ONLINE COM ERRO (SD: error, Gravação: error); CORREDOR 2 (câm 24) ONLINE COM ERRO (SD: error, Gravação: error); CORREDOR 3 (câm 25) ONLINE COM ERRO (SD: error, Gravação: error); CORREDOR 4 (câm 26) ONLINE COM ERRO (SD: error, Gravação: error).
O problema aparece desde 15/09 (já existia no primeiro registro disponível): 1 registro(s) com problema, 1 dia(s) corrido(s) até 15/09.
Manutenção em 16/09 às 00:43 — técnico Abner Melo. Anomalias: FRONTAL (câm 21): Sem gravação de imagens, Configuração incorreta da câmera, Câmera sem cartão de memória; FRENTE (câm 22): Câmera inoperante, Sem gravação de imagens, Configuração incorreta da câmera, Câmera sem cartão de memória; CORREDOR 1 (câm 23): Câmera inoperante, Sem gravação de imagens, Configuração incorreta da câmera, Câmera sem cartão de memória; CORREDOR 2 (câm 24): Câmera inoperante, Sem gravação de imagens, Configuração incorreta da câmera, Câmera sem cartão de memória; CORREDOR 3 (câm 25): Câmera inoperante, Sem gravação de imagens, Configuração incorreta da câmera, Câmera sem cartão de memória; CORREDOR 4 (câm 26): Câmera inoperante, Sem gravação de imagens, Configuração incorreta da câmera, Câmera sem cartão de memória.
No dia da manutenção (16/09) o CFTV mostrava VERDE (registro exibido à parte: não conta como antes nem depois).
Depois: 17/09 VERDE, 18/09 VERDE, 21/09 VERDE, 22/09 VERDE, 23/09 VERDE, 24/09 VERDE.
Normalizou no 1º registro após a manutenção (17/09), 1 dia(s) corrido(s) depois.
Permaneceu normal por 6 registro(s) (8 dia(s) corrido(s)) até o último registro disponível (24/09).
Resultado: RESOLVIDO — o problema original desapareceu e não voltou nos registros posteriores."
11038_2026-09-17,11038,2026-09-17,SEM DADOS PARA VALIDAR,sem problema no CFTV antes da manutenção (não há o que validar),NÃO,SIM,,FRENTE (câm 22),,,,,,,,,,,,,,,"Antes: último registro em 16/09 — VERDE. Todas as câmeras ONLINE sem erro.
Manutenção em 17/09 às 01:06 — técnico Leandro Resende. Anomalias: FRENTE (câm 22): Câmera mal reposicionada.
No dia da manutenção (17/09) o CFTV mostrava VERDE (registro exibido à parte: não conta como antes nem depois).
Depois: 18/09 VERDE, 21/09 VERDE, 22/09 VERDE, 23/09 VERDE, 24/09 VERDE.
Veículo já estava normal antes da manutenção.
Continuou normal em todos os registros posteriores disponíveis.
Resultado: SEM DADOS PARA VALIDAR — sem problema no CFTV antes da manutenção (não há o que validar)."
11053_2026-09-17,11053,2026-09-17,NÃO RESOLVIDO,o problema original permaneceu em todos os registros posteriores,NÃO,NÃO,CORREDOR 4 (câm 26),"FRONTAL (câm 21), FRENTE (câm 22)",2026-09-01,9.0,16.0,NÃO,,,,,,,,,,,"Antes: último registro em 16/09 — LARANJA. Problema: CORREDOR 4 (câm 26) ONLINE COM ERRO (SD: error, Gravação: error).
O problema aparece desde 01/09 (já existia no primeiro registro disponível): 9 registro(s) com problema, 16 dia(s) corrido(s) até 16/09.
Manutenção em 17/09 às 00:39 — técnico Leandro Resende. Anomalias: FRONTAL (câm 21): Sem gravação de imagens; FRENTE (câm 22): Câmera mal reposicionada.
No dia da manutenção (17/09) o CFTV mostrava LARANJA (registro exibido à parte: não conta como antes nem depois).
Depois: 18/09 LARANJA, 21/09 LARANJA, 22/09 LARANJA, 23/09 LARANJA, 24/09 LARANJA.
Continuou com problema: CORREDOR 4 (câm 26).
Resultado: NÃO RESOLVIDO — o problema original permaneceu em todos os registros posteriores."
11078_2026-09-17,11078,2026-09-17,SEM DADOS PARA VALIDAR,sem problema no CFTV antes da manutenção (não há o que validar),NÃO,SIM,,"FRONTAL (câm 21), FRENTE (câm 22)",,,,,,,,,,,,,,,"Antes: último registro em 16/09 — VERDE. Todas as câmeras ONLINE sem erro.
Manutenção em 17/09 às 00:54 — técnico Leandro Resende. Anomalias: FRONTAL (câm 21): Câmera mal reposicionada; FRENTE (câm 22): Câmera mal reposicionada.
No dia da manutenção (17/09) o CFTV mostrava VERDE (registro exibido à parte: não conta como antes nem depois).
Depois: 18/09 VERDE, 21/09 LARANJA, 22/09 LARANJA, 23/09 LARANJA, 24/09 LARANJA.
Veículo já estava normal antes da manutenção.
Surgiu problema depois, em 21/09: CORREDOR 1 (câm 23) ONLINE COM ERRO (SD: error, Gravação: error).
Resultado: SEM DADOS PARA VALIDAR — sem problema no CFTV antes da manutenção (não há o que validar)."
11088_2026-09-17,11088,2026-09-17,SEM DADOS PARA VALIDAR,sem problema no CFTV antes da manutenção (não há o que validar),NÃO,SIM,,FRENTE (câm 22),,,,,,,,,,,,,,,"Antes: último registro em 16/09 — VERDE. Todas as câmeras ONLINE sem erro.
Manutenção em 17/09 às 01:42 — técnico Leandro Resende. Anomalias: FRENTE (câm 22): Câmera mal reposicionada.
No dia da manutenção (17/09) o CFTV mostrava VERDE (registro exibido à parte: não conta como antes nem depois).
Depois: 18/09 VERDE, 21/09 VERDE, 22/09 VERDE, 23/09 VERDE, 24/09 VERDE.
Veículo já estava normal antes da manutenção.
Continuou normal em todos os registros posteriores disponíveis.
Resultado: SEM DADOS PARA VALIDAR — sem problema no CFTV antes da manutenção (não há o que validar)."
11103_2026-09-17,11103,2026-09-17,RESOLVIDO,o problema original desapareceu e não voltou nos registros posteriores,NÃO,NÃO,FRENTE (câm 22),FRENTE (câm 22),2026-09-15,2.0,2.0,SIM,2026-09-18,1.0,1.0,1.0,1.0,NÃO,,,,,"Antes: último registro em 16/09 — LARANJA. Problema: FRENTE (câm 22) ONLINE COM ERRO (SD: error, Gravação: error).
O problema aparece desde 15/09: 2 registro(s) com problema, 2 dia(s) corrido(s) até 16/09.
Manutenção em 17/09 às 01:17 — técnico Leandro Resende. Anomalias: FRENTE (câm 22): Câmera mal reposicionada.
No dia da manutenção (17/09) o CFTV mostrava VERDE (registro exibido à parte: não conta como antes nem depois).
Depois: 18/09 VERDE.
Normalizou no 1º registro após a manutenção (18/09), 1 dia(s) corrido(s) depois.
Permaneceu normal por 1 registro(s) (1 dia(s) corrido(s)) até o último registro disponível (18/09).
Resultado: RESOLVIDO — o problema original desapareceu e não voltou nos registros posteriores."
11536_2026-09-17,11536,2026-09-17,SEM DADOS PARA VALIDAR,sem problema no CFTV antes da manutenção (não há o que validar),NÃO,SIM,,CORREDOR 1 (câm 23),,,,,,,,,,,,,,,"Antes: último registro em 16/09 — VERDE. Todas as câmeras ONLINE sem erro.
Manutenção em 17/09 às 03:39 — técnico Leandro Resende. Anomalias: CORREDOR 1 (câm 23): Câmera mal reposicionada.
No dia da manutenção (17/09) o CFTV mostrava VERDE (registro exibido à parte: não conta como antes nem depois).
Depois: 18/09 VERDE, 21/09 VERDE, 22/09 VERDE, 23/09 VERDE, 24/09 VERDE.
Veículo já estava normal antes da manutenção.
Continuou normal em todos os registros posteriores disponíveis.
Resultado: SEM DADOS PARA VALIDAR — sem problema no CFTV antes da manutenção (não há o que validar)."
11669_2026-09-17,11669,2026-09-17,SEM DADOS PARA VALIDAR,sem problema no CFTV antes da manutenção (não há o que validar),NÃO,SIM,,CORREDOR 1 (câm 23),,,,,,,,,,,,,,,"Antes: último registro em 16/09 — VERDE. Todas as câmeras ONLINE sem erro.
Manutenção em 17/09 às 03:29 — técnico Leandro Resende. Anomalias: CORREDOR 1 (câm 23): Câmera mal reposicionada.
No dia da manutenção (17/09) o CFTV mostrava VERDE (registro exibido à parte: não conta como antes nem depois).
Depois: 18/09 VERDE, 21/09 VERDE, 22/09 VERDE, 23/09 VERDE, 24/09 VERDE.
Veículo já estava normal antes da manutenção.
Continuou normal em todos os registros posteriores disponíveis.
Resultado: SEM DADOS PARA VALIDAR — sem problema no CFTV antes da manutenção (não há o que validar)."
11689_2026-09-17,11689,2026-09-17,SEM DADOS PARA VALIDAR,sem problema no CFTV antes da manutenção (não há o que validar),NÃO,SIM,,FRENTE (câm 22),,,,,,,,,,,,,,,"Antes: último registro em 16/09 — VERDE. Todas as câmeras ONLINE sem erro.
Manutenção em 17/09 às 02:16 — técnico Leandro Resende. Anomalias: FRENTE (câm 22): Câmera mal reposicionada.
No dia da manutenção (17/09) o CFTV mostrava VERDE (registro exibido à parte: não conta como antes nem depois).
Depois: 18/09 VERDE, 21/09 VERDE, 22/09 VERDE, 23/09 VERDE, 24/09 VERDE.
Veículo já estava normal antes da manutenção.
Continuou normal em todos os registros posteriores disponíveis.
Resultado: SEM DADOS PARA VALIDAR — sem problema no CFTV antes da manutenção (não há o que validar)."
11691_2026-09-17,11691,2026-09-17,SEM DADOS PARA VALIDAR,sem problema no CFTV antes da manutenção (não há o que validar),NÃO,SIM,,"FRONTAL (câm 21), FRENTE (câm 22), CORREDOR 1 (câm 23)",,,,,,,,,,,,,,,"Antes: último registro em 16/09 — VERDE. Todas as câmeras ONLINE sem erro.
Manutenção em 17/09 às 02:34 — técnico Leandro Resende. Anomalias: FRONTAL (câm 21): Câmera mal reposicionada; FRENTE (câm 22): Câmera mal reposicionada; CORREDOR 1 (câm 23): Câmera mal reposicionada.
No dia da manutenção (17/09) o CFTV mostrava VERDE (registro exibido à parte: não conta como antes nem depois).
Depois: 18/09 VERDE, 21/09 VERDE, 22/09 VERDE, 23/09 VERDE, 24/09 VERDE.
Veículo já estava normal antes da manutenção.
Continuou normal em todos os registros posteriores disponíveis.
Resultado: SEM DADOS PARA VALIDAR — sem problema no CFTV antes da manutenção (não há o que validar)."
11695_2026-09-17,11695,2026-09-17,RESOLVIDO COM RECORRÊNCIA,"normalizou, mas a mesma câmera voltou a apresentar problema",NÃO,NÃO,"FRONTAL (câm 21), FRENTE (câm 22), CORREDOR 1 (câm 23)",FRENTE (câm 22),2026-09-15,2.0,2.0,SIM,2026-09-18,1.0,1.0,3.0,5.0,SIM,2026-09-23,CORREDOR 1 (câm 23),,,"Antes: último registro em 16/09 — VERMELHO. Problema: FRONTAL (câm 21) OFFLINE; FRENTE (câm 22) OFFLINE; CORREDOR 1 (câm 23) OFFLINE.
O problema aparece desde 15/09: 2 registro(s) com problema, 2 dia(s) corrido(s) até 16/09.
Manutenção em 17/09 às 03:17 — técnico Leandro Resende. Anomalias: FRENTE (câm 22): Câmera mal reposicionada.
No dia da manutenção (17/09) o CFTV mostrava VERDE (registro exibido à parte: não conta como antes nem depois).
Depois: 18/09 VERDE, 21/09 VERDE, 22/09 VERDE, 23/09 VERMELHO, 24/09 VERMELHO.
Normalizou no 1º registro após a manutenção (18/09), 1 dia(s) corrido(s) depois.
Permaneceu normal por 3 registro(s) (5 dia(s) corrido(s)), até 22/09.
O problema voltou em 23/09 na mesma câmera: CORREDOR 1 (câm 23) OFFLINE.
Resultado: RESOLVIDO COM RECORRÊNCIA — normalizou, mas a mesma câmera voltou a apresentar problema."
11714_2026-09-17,11714,2026-09-17,SEM DADOS PARA VALIDAR,sem problema no CFTV antes da manutenção (não há o que validar),NÃO,SIM,,CORREDOR 1 (câm 23),,,,,,,,,,,,,,,"Antes: último registro em 16/09 — VERDE. Todas as câmeras ONLINE sem erro.
Manutenção em 17/09 às 02:55 — técnico Leandro Resende. Anomalias: CORREDOR 1 (câm 23): Câmera mal reposicionada.
No dia da manutenção (17/09) o CFTV mostrava VERDE (registro exibido à parte: não conta como antes nem depois).
Depois: 18/09 VERDE, 21/09 VERDE, 22/09 VERDE, 23/09 VERDE, 24/09 VERDE.
Veículo já estava normal antes da manutenção.
Continuou normal em todos os registros posteriores disponíveis.
Resultado: SEM DADOS PARA VALIDAR — sem problema no CFTV antes da manutenção (não há o que validar)."
11764_2026-09-17,11764,2026-09-17,SEM DADOS PARA VALIDAR,sem problema no CFTV antes da manutenção (não há o que validar),NÃO,SIM,,FRENTE (câm 22),,,,,,,,,,,,,,,"Antes: último registro em 16/09 — VERDE. Todas as câmeras ONLINE sem erro.
Manutenção em 17/09 às 01:55 — técnico Leandro Resende. Anomalias: FRENTE (câm 22): Câmera mal reposicionada.
No dia da manutenção (17/09) o CFTV mostrava VERDE (registro exibido à parte: não conta como antes nem depois).
Depois: 18/09 VERDE, 21/09 VERDE, 22/09 VERDE, 23/09 VERDE, 24/09 VERDE.
Veículo já estava normal antes da manutenção.
Continuou normal em todos os registros posteriores disponíveis.
Resultado: SEM DADOS PARA VALIDAR — sem problema no CFTV antes da manutenção (não há o que validar)."
31180_2026-09-17,31180,2026-09-17,NÃO RESOLVIDO,o problema original permaneceu em todos os registros posteriores,SIM,NÃO,CORREDOR 4 (câm 26),"FRONTAL (câm 21), FRENTE (câm 22), CORREDOR 1 (câm 23), CORREDOR 2 (câm 24), CORREDOR 3 (câm 25), CORREDOR 4 (câm 26)",2026-09-01,10.0,16.0,NÃO,,,,,,,,,2026-09-21,"CORREDOR 2 (câm 24) ONLINE COM ERRO (SD: error, Gravação: error)","Antes: último registro em 16/09 — VERMELHO. Problema: CORREDOR 4 (câm 26) OFFLINE.
O problema aparece desde 01/09 (já existia no primeiro registro disponível): 10 registro(s) com problema, 16 dia(s) corrido(s) até 16/09.
Manutenção em 17/09 às 02:45 — técnico Joel. Anomalias: FRONTAL (câm 21): Sem gravação de imagens, Configuração incorreta da câmera; FRENTE (câm 22): Sem gravação de imagens, Configuração incorreta da câmera; CORREDOR 1 (câm 23): Sem gravação de imagens, Configuração incorreta da câmera; CORREDOR 2 (câm 24): Sem gravação de imagens, Configuração incorreta da câmera; CORREDOR 3 (câm 25): Sem gravação de imagens, Configuração incorreta da câmera; CORREDOR 4 (câm 26): Câmera inoperante, Sem gravação de imagens, Câmera com sinal de vandalismo.
No dia da manutenção (17/09) o CFTV mostrava VERMELHO (registro exibido à parte: não conta como antes nem depois).
Depois: 18/09 VERMELHO, 21/09 VERMELHO, 22/09 VERMELHO, 23/09 VERMELHO, 24/09 VERMELHO.
Continuou com problema: CORREDOR 4 (câm 26).
Novo problema identificado em outra câmera em 21/09: CORREDOR 2 (câm 24) ONLINE COM ERRO (SD: error, Gravação: error) (não é recorrência).
Pendência registrada pelo técnico: Obs: câmera 26 inoperante, conector da câmera está quebrado precisa de uma nova câmera
Resultado: NÃO RESOLVIDO — o problema original permaneceu em todos os registros posteriores."
31204_2026-09-17,31204,2026-09-17,PARCIALMENTE RESOLVIDO,parte das câmeras com problema normalizou e parte não,NÃO,NÃO,"FRONTAL (câm 21), CORREDOR 3 (câm 25), CORREDOR 4 (câm 26)","FRONTAL (câm 21), FRENTE (câm 22), CORREDOR 1 (câm 23), CORREDOR 2 (câm 24), CORREDOR 3 (câm 25), CORREDOR 4 (câm 26)",2026-09-01,10.0,16.0,NÃO,,,,,,,,,,,"Antes: último registro em 16/09 — VERMELHO. Problema: FRONTAL (câm 21) ONLINE COM ERRO (SD: error, Gravação: error); CORREDOR 3 (câm 25) OFFLINE; CORREDOR 4 (câm 26) ONLINE COM ERRO (SD: error, Gravação: error).
O problema aparece desde 01/09 (já existia no primeiro registro disponível): 10 registro(s) com problema, 16 dia(s) corrido(s) até 16/09.
Manutenção em 17/09 às 03:33 — técnico Joel. Anomalias: FRONTAL (câm 21): Sem gravação de imagens, Configuração incorreta da câmera; FRENTE (câm 22): Sem gravação de imagens, Câmera sem cartão de memória; CORREDOR 1 (câm 23): Sem gravação de imagens, Configuração incorreta da câmera; CORREDOR 2 (câm 24): Sem gravação de imagens, Configuração incorreta da câmera; CORREDOR 3 (câm 25): Sem gravação de imagens, Configuração incorreta da câmera; CORREDOR 4 (câm 26): Sem gravação de imagens, Câmera sem cartão de memória.
No dia da manutenção (17/09) o CFTV mostrava LARANJA (registro exibido à parte: não conta como antes nem depois).
Depois: 18/09 LARANJA, 21/09 LARANJA, 22/09 LARANJA, 23/09 LARANJA, 24/09 LARANJA.
Normalizou só em parte: CORREDOR 3 (câm 25) normalizou em 18/09.
Continuou com problema: FRONTAL (câm 21), CORREDOR 4 (câm 26).
Resultado: PARCIALMENTE RESOLVIDO — parte das câmeras com problema normalizou e parte não."
31205_2026-09-17,31205,2026-09-17,NÃO RESOLVIDO,o problema original permaneceu em todos os registros posteriores,NÃO,NÃO,"CORREDOR 3 (câm 25), CORREDOR 4 (câm 26)","FRONTAL (câm 21), FRENTE (câm 22), CORREDOR 1 (câm 23), CORREDOR 2 (câm 24), CORREDOR 3 (câm 25), CORREDOR 4 (câm 26)",2026-09-01,10.0,16.0,NÃO,,,,,,,,,,,"Antes: último registro em 16/09 — VERMELHO. Problema: CORREDOR 3 (câm 25) OFFLINE; CORREDOR 4 (câm 26) OFFLINE.
O problema aparece desde 01/09 (já existia no primeiro registro disponível): 10 registro(s) com problema, 16 dia(s) corrido(s) até 16/09.
Manutenção em 17/09 às 04:51 — técnico Joel. Anomalias: FRONTAL (câm 21): Sem gravação de imagens, Configuração incorreta da câmera; FRENTE (câm 22): Sem gravação de imagens, Configuração incorreta da câmera; CORREDOR 1 (câm 23): Sem gravação de imagens, Configuração incorreta da câmera; CORREDOR 2 (câm 24): Sem gravação de imagens, Configuração incorreta da câmera; CORREDOR 3 (câm 25): Sem gravação de imagens, Cabeamento rompido/danificado, Falha na conexão dos cabos; CORREDOR 4 (câm 26): Sem gravação de imagens, Cabeamento rompido/danificado, Falha na conexão dos cabos.
No dia da manutenção (17/09) o CFTV mostrava VERMELHO (registro exibido à parte: não conta como antes nem depois).
Depois: 18/09 VERMELHO, 21/09 VERMELHO, 22/09 VERMELHO, 23/09 VERMELHO, 24/09 VERMELHO.
Continuou com problema: CORREDOR 3 (câm 25), CORREDOR 4 (câm 26).
Resultado: NÃO RESOLVIDO — o problema original permaneceu em todos os registros posteriores."
31212_2026-09-17,31212,2026-09-17,RESOLVIDO,o problema original desapareceu e não voltou nos registros posteriores,NÃO,NÃO,"FRENTE (câm 22), CORREDOR 2 (câm 24)","FRONTAL (câm 21), FRENTE (câm 22), CORREDOR 1 (câm 23), CORREDOR 2 (câm 24), CORREDOR 3 (câm 25), CORREDOR 4 (câm 26)",2026-09-01,10.0,16.0,SIM,2026-09-18,1.0,1.0,5.0,7.0,NÃO,,,,,"Antes: último registro em 16/09 — VERMELHO. Problema: FRENTE (câm 22) OFFLINE; CORREDOR 2 (câm 24) OFFLINE.
O problema aparece desde 01/09 (já existia no primeiro registro disponível): 10 registro(s) com problema, 16 dia(s) corrido(s) até 16/09.
Manutenção em 17/09 às 01:21 — técnico Joel. Anomalias: FRONTAL (câm 21): Switch apresentando falha, Configuração incorreta da câmera; FRENTE (câm 22): Switch apresentando falha, Configuração incorreta da câmera; CORREDOR 1 (câm 23): Switch apresentando falha, Configuração incorreta da câmera; CORREDOR 2 (câm 24): Configuração incorreta da câmera; CORREDOR 3 (câm 25): Configuração incorreta da câmera; CORREDOR 4 (câm 26): Configuração incorreta da câmera.
No dia da manutenção (17/09) o CFTV mostrava VERDE (registro exibido à parte: não conta como antes nem depois).
Depois: 18/09 VERDE, 21/09 VERDE, 22/09 VERDE, 23/09 VERDE, 24/09 VERDE.
Normalizou no 1º registro após a manutenção (18/09), 1 dia(s) corrido(s) depois.
Permaneceu normal por 5 registro(s) (7 dia(s) corrido(s)) até o último registro disponível (24/09).
Resultado: RESOLVIDO — o problema original desapareceu e não voltou nos registros posteriores."
31661_2026-09-17,31661,2026-09-17,SEM DADOS PARA VALIDAR,sem problema no CFTV antes da manutenção (não há o que validar),NÃO,SIM,,"FRONTAL (câm 21), FRENTE (câm 22), CORREDOR 1 (câm 23)",,,,,,,,,,,,,,,"Antes: último registro em 16/09 — VERDE. Todas as câmeras ONLINE sem erro.
Manutenção em 17/09 às 09:11 — técnico Luiz Rodrigo. Anomalias: FRENTE (câm 22): Câmera mal reposicionada.
No dia da manutenção (17/09) o CFTV mostrava VERDE (registro exibido à parte: não conta como antes nem depois).
Depois: 18/09 VERDE, 21/09 VERDE, 22/09 VERDE, 23/09 VERDE, 24/09 VERDE.
Veículo já estava normal antes da manutenção.
Continuou normal em todos os registros posteriores disponíveis.
Resultado: SEM DADOS PARA VALIDAR — sem problema no CFTV antes da manutenção (não há o que validar)."
31670_2026-09-17,31670,2026-09-17,SEM DADOS PARA VALIDAR,sem problema no CFTV antes da manutenção (não há o que validar),NÃO,SIM,,"FRONTAL (câm 21), FRENTE (câm 22), CORREDOR 1 (câm 23)",,,,,,,,,,,,,,,"Antes: último registro em 16/09 — VERDE. Todas as câmeras ONLINE sem erro.
Manutenção em 17/09 às 11:13 — técnico Luiz Rodrigo. Anomalias: nenhuma anomalia marcada.
No dia da manutenção (17/09) o CFTV mostrava VERDE (registro exibido à parte: não conta como antes nem depois).
Depois: 18/09 VERDE, 21/09 VERDE, 22/09 VERDE, 23/09 VERDE, 24/09 VERDE.
Veículo já estava normal antes da manutenção.
Continuou normal em todos os registros posteriores disponíveis.
Resultado: SEM DADOS PARA VALIDAR — sem problema no CFTV antes da manutenção (não há o que validar)."
31816_2026-09-17,31816,2026-09-17,SEM DADOS PARA VALIDAR,sem problema no CFTV antes da manutenção (não há o que validar),NÃO,SIM,,,,,,,,,,,,,,,,,"Antes: último registro em 16/09 — VERDE. Todas as câmeras ONLINE sem erro.
Manutenção em 17/09 às 09:36 — técnico Luiz Rodrigo. Anomalias: nenhuma anomalia marcada.
No dia da manutenção (17/09) o CFTV mostrava VERDE (registro exibido à parte: não conta como antes nem depois).
Depois: 18/09 VERDE, 24/09 VERDE.
Veículo já estava normal antes da manutenção.
Continuou normal em todos os registros posteriores disponíveis.
Resultado: SEM DADOS PARA VALIDAR — sem problema no CFTV antes da manutenção (não há o que validar)."
31950_2026-09-17,31950,2026-09-17,SEM DADOS PARA VALIDAR,sem problema no CFTV antes da manutenção (não há o que validar),NÃO,SIM,,"FRONTAL (câm 21), FRENTE (câm 22), CORREDOR 1 (câm 23)",,,,,,,,,,,,,,,"Antes: último registro em 16/09 — VERDE. Todas as câmeras ONLINE sem erro.
Manutenção em 17/09 às 08:32 — técnico Luiz Rodrigo. Anomalias: FRONTAL (câm 21): Sem gravação de imagens; FRENTE (câm 22): Sem gravação de imagens, Câmera mal reposicionada; CORREDOR 1 (câm 23): Câmera mal reposicionada.
No dia da manutenção (17/09) o CFTV mostrava VERDE (registro exibido à parte: não conta como antes nem depois).
Depois: 18/09 VERDE, 21/09 VERDE, 22/09 VERDE, 23/09 VERDE, 24/09 VERDE.
Veículo já estava normal antes da manutenção.
Continuou normal em todos os registros posteriores disponíveis.
Resultado: SEM DADOS PARA VALIDAR — sem problema no CFTV antes da manutenção (não há o que validar)."
31972_2026-09-17,31972,2026-09-17,RESOLVIDO COM RECORRÊNCIA,"normalizou, mas a mesma câmera voltou a apresentar problema",NÃO,NÃO,"FRONTAL (câm 21), FRENTE (câm 22), CORREDOR 1 (câm 23), CORREDOR 2 (câm 24), CORREDOR 3 (câm 25)","FRONTAL (câm 21), FRENTE (câm 22), CORREDOR 1 (câm 23), CORREDOR 2 (câm 24), CORREDOR 3 (câm 25)",2026-09-01,10.0,16.0,SIM,2026-09-23,4.0,6.0,1.0,1.0,SIM,2026-09-24,CORREDOR 3 (câm 25),,,"Antes: último registro em 16/09 — LARANJA. Problema: FRONTAL (câm 21) ONLINE COM ERRO (SD: error, Gravação: error); FRENTE (câm 22) ONLINE COM ERRO (SD: error, Gravação: error); CORREDOR 1 (câm 23) ONLINE COM ERRO (SD: error, Gravação: error); CORREDOR 2 (câm 24) ONLINE COM ERRO (SD: error, Gravação: error); CORREDOR 3 (câm 25) ONLINE COM ERRO (SD: error, Gravação: error).
O problema aparece desde 01/09 (já existia no primeiro registro disponível): 10 registro(s) com problema, 16 dia(s) corrido(s) até 16/09.
Manutenção em 17/09 às 00:39 — técnico Rafael Diniz. Anomalias: FRONTAL (câm 21): Sem gravação de imagens, Câmera sem cartão de memória; FRENTE (câm 22): Sem gravação de imagens, Câmera sem cartão de memória; CORREDOR 1 (câm 23): Sem gravação de imagens, Câmera sem cartão de memória; CORREDOR 2 (câm 24): Sem gravação de imagens; CORREDOR 3 (câm 25): Sem gravação de imagens.
No dia da manutenção (17/09) o CFTV mostrava VERDE (registro exibido à parte: não conta como antes nem depois).
Depois: 18/09 LARANJA, 21/09 LARANJA, 22/09 LARANJA, 23/09 VERDE, 24/09 LARANJA.
Normalizou no 4º registro após a manutenção (23/09), 6 dia(s) corrido(s) depois.
Permaneceu normal por 1 registro(s) (1 dia(s) corrido(s)), até 23/09.
O problema voltou em 24/09 na mesma câmera: CORREDOR 3 (câm 25) ONLINE COM ERRO (SD: error, Gravação: error).
Resultado: RESOLVIDO COM RECORRÊNCIA — normalizou, mas a mesma câmera voltou a apresentar problema."
32091_2026-09-17,32091,2026-09-17,RESOLVIDO,o problema original desapareceu e não voltou nos registros posteriores,NÃO,NÃO,FRONTAL (câm 21),"FRONTAL (câm 21), CORREDOR 1 (câm 23)",2026-09-01,10.0,16.0,SIM,2026-09-18,1.0,1.0,5.0,7.0,NÃO,,,,,"Antes: último registro em 16/09 — LARANJA. Problema: FRONTAL (câm 21) ONLINE COM ERRO (SD: error, Gravação: error).
O problema aparece desde 01/09 (já existia no primeiro registro disponível): 10 registro(s) com problema, 16 dia(s) corrido(s) até 16/09.
Manutenção em 17/09 às 01:19 — técnico Rafael Diniz. Anomalias: FRONTAL (câm 21): Sem gravação de imagens; CORREDOR 1 (câm 23): Câmera mal reposicionada.
No dia da manutenção (17/09) o CFTV mostrava VERDE (registro exibido à parte: não conta como antes nem depois).
Depois: 18/09 VERDE, 21/09 VERDE, 22/09 VERDE, 23/09 VERDE, 24/09 VERDE.
Normalizou no 1º registro após a manutenção (18/09), 1 dia(s) corrido(s) depois.
Permaneceu normal por 5 registro(s) (7 dia(s) corrido(s)) até o último registro disponível (24/09).
Resultado: RESOLVIDO — o problema original desapareceu e não voltou nos registros posteriores."
32129_2026-09-17,32129,2026-09-17,RESOLVIDO,o problema original desapareceu e não voltou nos registros posteriores,NÃO,NÃO,FRONTAL (câm 21),FRONTAL (câm 21),2026-09-01,10.0,16.0,SIM,2026-09-18,1.0,1.0,5.0,7.0,NÃO,,,,,"Antes: último registro em 16/09 — LARANJA. Problema: FRONTAL (câm 21) ONLINE COM ERRO (SD: error, Gravação: error).
O problema aparece desde 01/09 (já existia no primeiro registro disponível): 10 registro(s) com problema, 16 dia(s) corrido(s) até 16/09.
Manutenção em 17/09 às 00:14 — técnico Rafael Diniz. Anomalias: FRONTAL (câm 21): Sem gravação de imagens.
No dia da manutenção (17/09) o CFTV mostrava VERDE (registro exibido à parte: não conta como antes nem depois).
Depois: 18/09 VERDE, 21/09 VERDE, 22/09 VERDE, 23/09 VERDE, 24/09 VERDE.
Normalizou no 1º registro após a manutenção (18/09), 1 dia(s) corrido(s) depois.
Permaneceu normal por 5 registro(s) (7 dia(s) corrido(s)) até o último registro disponível (24/09).
Resultado: RESOLVIDO — o problema original desapareceu e não voltou nos registros posteriores."
51003_2026-09-17,51003,2026-09-17,SEM DADOS PARA VALIDAR,sem problema no CFTV antes da manutenção (não há o que validar),NÃO,SIM,,,,,,,,,,,,,,,,,"Antes: último registro em 16/09 — VERDE. Todas as câmeras ONLINE sem erro.
Manutenção em 17/09 às 01:21 — técnico Anderson Silva. Anomalias: nenhuma anomalia marcada.
No dia da manutenção (17/09) o CFTV mostrava VERDE (registro exibido à parte: não conta como antes nem depois).
Depois: 18/09 VERDE, 21/09 VERDE, 22/09 VERDE, 23/09 VERDE, 24/09 VERDE.
Veículo já estava normal antes da manutenção.
Continuou normal em todos os registros posteriores disponíveis.
Resultado: SEM DADOS PARA VALIDAR — sem problema no CFTV antes da manutenção (não há o que validar)."
51079_2026-09-17,51079,2026-09-17,SEM DADOS PARA VALIDAR,sem problema no CFTV antes da manutenção (não há o que validar),NÃO,SIM,,,,,,,,,,,,,,,,,"Antes: último registro em 16/09 — VERDE. Todas as câmeras ONLINE sem erro.
Manutenção em 17/09 às 03:02 — técnico Anderson Silva. Anomalias: nenhuma anomalia marcada.
No dia da manutenção (17/09) o CFTV mostrava VERDE (registro exibido à parte: não conta como antes nem depois).
Depois: 18/09 VERDE, 21/09 VERDE, 22/09 VERDE, 23/09 VERDE, 24/09 VERDE.
Veículo já estava normal antes da manutenção.
Continuou normal em todos os registros posteriores disponíveis.
Resultado: SEM DADOS PARA VALIDAR — sem problema no CFTV antes da manutenção (não há o que validar)."
51111_2026-09-17,51111,2026-09-17,SEM DADOS PARA VALIDAR,sem problema no CFTV antes da manutenção (não há o que validar),NÃO,SIM,,,,,,,,,,,,,,,,,"Antes: último registro em 16/09 — VERDE. Todas as câmeras ONLINE sem erro.
Manutenção em 17/09 às 03:05 — técnico Anderson Silva. Anomalias: nenhuma anomalia marcada.
No dia da manutenção (17/09) o CFTV mostrava VERDE (registro exibido à parte: não conta como antes nem depois).
Depois: 18/09 VERDE, 21/09 VERMELHO, 22/09 VERDE, 23/09 VERDE, 24/09 VERDE.
Veículo já estava normal antes da manutenção.
Surgiu problema depois, em 21/09: FRONTAL (câm 21) OFFLINE; FRENTE (câm 22) OFFLINE; CORREDOR 1 (câm 23) OFFLINE.
Resultado: SEM DADOS PARA VALIDAR — sem problema no CFTV antes da manutenção (não há o que validar)."
51132_2026-09-17,51132,2026-09-17,NÃO RESOLVIDO,o problema original permaneceu em todos os registros posteriores,NÃO,NÃO,FRONTAL (câm 21),,2026-09-01,10.0,16.0,NÃO,,,,,,,,,,,"Antes: último registro em 16/09 — LARANJA. Problema: FRONTAL (câm 21) ONLINE COM ERRO (SD: error, Gravação: error).
O problema aparece desde 01/09 (já existia no primeiro registro disponível): 10 registro(s) com problema, 16 dia(s) corrido(s) até 16/09.
Manutenção em 17/09 às 03:08 — técnico Anderson Silva. Anomalias: nenhuma anomalia marcada.
No dia da manutenção (17/09) o CFTV mostrava LARANJA (registro exibido à parte: não conta como antes nem depois).
Depois: 18/09 LARANJA, 21/09 LARANJA, 22/09 LARANJA, 23/09 LARANJA, 24/09 LARANJA.
Continuou com problema: FRONTAL (câm 21).
Resultado: NÃO RESOLVIDO — o problema original permaneceu em todos os registros posteriores."
51133_2026-09-17,51133,2026-09-17,NÃO RESOLVIDO,o problema original permaneceu em todos os registros posteriores,NÃO,NÃO,FRONTAL (câm 21),,2026-09-01,10.0,16.0,NÃO,,,,,,,,,,,"Antes: último registro em 16/09 — LARANJA. Problema: FRONTAL (câm 21) ONLINE COM ERRO (SD: error, Gravação: error).
O problema aparece desde 01/09 (já existia no primeiro registro disponível): 10 registro(s) com problema, 16 dia(s) corrido(s) até 16/09.
Manutenção em 17/09 às 00:32 — técnico FELIX SECURITY GABRIEL. Anomalias: nenhuma anomalia marcada.
No dia da manutenção (17/09) o CFTV mostrava LARANJA (registro exibido à parte: não conta como antes nem depois).
Depois: 18/09 LARANJA, 21/09 LARANJA, 22/09 LARANJA, 23/09 LARANJA, 24/09 LARANJA.
Continuou com problema: FRONTAL (câm 21).
Resultado: NÃO RESOLVIDO — o problema original permaneceu em todos os registros posteriores."
51143_2026-09-17,51143,2026-09-17,SEM DADOS PARA VALIDAR,sem problema no CFTV antes da manutenção (não há o que validar),NÃO,SIM,,,,,,,,,,,,,,,,,"Antes: último registro em 16/09 — VERDE. Todas as câmeras ONLINE sem erro.
Manutenção em 17/09 às 01:18 — técnico Anderson Silva. Anomalias: nenhuma anomalia marcada.
No dia da manutenção (17/09) o CFTV mostrava VERDE (registro exibido à parte: não conta como antes nem depois).
Depois: 18/09 VERDE, 21/09 VERDE, 22/09 VERDE, 23/09 VERDE, 24/09 VERDE.
Veículo já estava normal antes da manutenção.
Continuou normal em todos os registros posteriores disponíveis.
Resultado: SEM DADOS PARA VALIDAR — sem problema no CFTV antes da manutenção (não há o que validar)."
52041_2026-09-17,52041,2026-09-17,SEM DADOS PARA VALIDAR,sem problema no CFTV antes da manutenção (não há o que validar),NÃO,SIM,,,,,,,,,,,,,,,,,"Antes: último registro em 16/09 — VERDE. Todas as câmeras ONLINE sem erro.
Manutenção em 17/09 às 01:12 — técnico Anderson Silva. Anomalias: nenhuma anomalia marcada.
No dia da manutenção (17/09) o CFTV mostrava VERDE (registro exibido à parte: não conta como antes nem depois).
Depois: 18/09 VERDE, 21/09 VERDE, 22/09 VERDE, 23/09 VERDE, 24/09 VERDE.
Veículo já estava normal antes da manutenção.
Continuou normal em todos os registros posteriores disponíveis.
Resultado: SEM DADOS PARA VALIDAR — sem problema no CFTV antes da manutenção (não há o que validar)."
52042_2026-09-17,52042,2026-09-17,NÃO RESOLVIDO,o problema original permaneceu em todos os registros posteriores,NÃO,NÃO,FRONTAL (câm 21),,2026-09-01,10.0,16.0,NÃO,,,,,,,,,,,"Antes: último registro em 16/09 — LARANJA. Problema: FRONTAL (câm 21) ONLINE COM ERRO (SD: error, Gravação: error).
O problema aparece desde 01/09 (já existia no primeiro registro disponível): 10 registro(s) com problema, 16 dia(s) corrido(s) até 16/09.
Manutenção em 17/09 às 00:03 — técnico FELIX SECURITY GABRIEL. Anomalias: nenhuma anomalia marcada.
No dia da manutenção (17/09) o CFTV mostrava LARANJA (registro exibido à parte: não conta como antes nem depois).
Depois: 18/09 LARANJA, 21/09 LARANJA, 22/09 LARANJA, 23/09 LARANJA, 24/09 LARANJA.
Continuou com problema: FRONTAL (câm 21).
Resultado: NÃO RESOLVIDO — o problema original permaneceu em todos os registros posteriores."
52055_2026-09-17,52055,2026-09-17,NÃO RESOLVIDO,o problema original permaneceu em todos os registros posteriores,NÃO,NÃO,FRENTE (câm 22),,2026-09-01,10.0,16.0,NÃO,,,,,,,,,,,"Antes: último registro em 16/09 — LARANJA. Problema: FRENTE (câm 22) ONLINE COM ERRO (SD: error, Gravação: error).
O problema aparece desde 01/09 (já existia no primeiro registro disponível): 10 registro(s) com problema, 16 dia(s) corrido(s) até 16/09.
Manutenção em 17/09 às 03:07 — técnico Anderson Silva. Anomalias: nenhuma anomalia marcada.
No dia da manutenção (17/09) o CFTV mostrava LARANJA (registro exibido à parte: não conta como antes nem depois).
Depois: 18/09 LARANJA, 21/09 LARANJA, 22/09 LARANJA, 23/09 LARANJA, 24/09 LARANJA.
Continuou com problema: FRENTE (câm 22).
Resultado: NÃO RESOLVIDO — o problema original permaneceu em todos os registros posteriores."
52070_2026-09-17,52070,2026-09-17,SEM DADOS PARA VALIDAR,sem problema no CFTV antes da manutenção (não há o que validar),NÃO,SIM,,,,,,,,,,,,,,,,,"Antes: último registro em 16/09 — VERDE. Todas as câmeras ONLINE sem erro.
Manutenção em 17/09 às 01:14 — técnico Anderson Silva. Anomalias: nenhuma anomalia marcada.
No dia da manutenção (17/09) o CFTV mostrava VERDE (registro exibido à parte: não conta como antes nem depois).
Depois: 18/09 VERDE, 21/09 VERDE, 22/09 VERDE, 23/09 VERDE, 24/09 VERDE.
Veículo já estava normal antes da manutenção.
Continuou normal em todos os registros posteriores disponíveis.
Resultado: SEM DADOS PARA VALIDAR — sem problema no CFTV antes da manutenção (não há o que validar)."
52074_2026-09-17,52074,2026-09-17,SEM DADOS PARA VALIDAR,sem problema no CFTV antes da manutenção (não há o que validar),NÃO,SIM,,,,,,,,,,,,,,,,,"Antes: último registro em 16/09 — VERDE. Todas as câmeras ONLINE sem erro.
Manutenção em 17/09 às 00:13 — técnico FELIX SECURITY GABRIEL. Anomalias: nenhuma anomalia marcada.
Manutenção em 17/09 às 00:17 — técnico FELIX SECURITY GABRIEL. Anomalias: nenhuma anomalia marcada.
No dia da manutenção (17/09) o CFTV mostrava VERDE (registro exibido à parte: não conta como antes nem depois).
Depois: 18/09 VERDE, 21/09 VERDE, 22/09 VERDE, 23/09 VERDE, 24/09 VERDE.
Veículo já estava normal antes da manutenção.
Continuou normal em todos os registros posteriores disponíveis.
Resultado: SEM DADOS PARA VALIDAR — sem problema no CFTV antes da manutenção (não há o que validar)."
52078_2026-09-17,52078,2026-09-17,SEM DADOS PARA VALIDAR,sem problema no CFTV antes da manutenção (não há o que validar),NÃO,SIM,,,,,,,,,,,,,,,,,"Antes: último registro em 16/09 — VERDE. Todas as câmeras ONLINE sem erro.
Manutenção em 17/09 às 00:07 — técnico FELIX SECURITY GABRIEL. Anomalias: nenhuma anomalia marcada.
No dia da manutenção (17/09) o CFTV mostrava VERDE (registro exibido à parte: não conta como antes nem depois).
Depois: 18/09 VERDE, 21/09 VERDE, 22/09 VERDE, 23/09 VERDE, 24/09 VERDE.
Veículo já estava normal antes da manutenção.
Continuou normal em todos os registros posteriores disponíveis.
Resultado: SEM DADOS PARA VALIDAR — sem problema no CFTV antes da manutenção (não há o que validar)."
52103_2026-09-17,52103,2026-09-17,NÃO RESOLVIDO,o problema original permaneceu em todos os registros posteriores,NÃO,NÃO,CORREDOR 2 (câm 24),,2026-09-01,10.0,16.0,NÃO,,,,,,,,,,,"Antes: último registro em 16/09 — LARANJA. Problema: CORREDOR 2 (câm 24) ONLINE COM ERRO (SD: error, Gravação: error).
O problema aparece desde 01/09 (já existia no primeiro registro disponível): 10 registro(s) com problema, 16 dia(s) corrido(s) até 16/09.
Manutenção em 17/09 às 02:02 — técnico FELIX SECURITY GABRIEL. Anomalias: nenhuma anomalia marcada.
No dia da manutenção (17/09) o CFTV mostrava LARANJA (registro exibido à parte: não conta como antes nem depois).
Depois: 18/09 LARANJA, 21/09 LARANJA, 22/09 LARANJA, 23/09 LARANJA, 24/09 LARANJA.
Continuou com problema: CORREDOR 2 (câm 24).
Resultado: NÃO RESOLVIDO — o problema original permaneceu em todos os registros posteriores."
52105_2026-09-17,52105,2026-09-17,SEM DADOS PARA VALIDAR,sem problema no CFTV antes da manutenção (não há o que validar),NÃO,SIM,,,,,,,,,,,,,,,,,"Antes: último registro em 16/09 — VERDE. Todas as câmeras ONLINE sem erro.
Manutenção em 17/09 às 02:07 — técnico FELIX SECURITY GABRIEL. Anomalias: nenhuma anomalia marcada.
No dia da manutenção (17/09) o CFTV mostrava VERDE (registro exibido à parte: não conta como antes nem depois).
Depois: 18/09 VERDE, 21/09 VERDE, 22/09 VERDE, 23/09 VERDE, 24/09 VERDE.
Veículo já estava normal antes da manutenção.
Continuou normal em todos os registros posteriores disponíveis.
Resultado: SEM DADOS PARA VALIDAR — sem problema no CFTV antes da manutenção (não há o que validar)."
52745_2026-09-17,52745,2026-09-17,NÃO RESOLVIDO,o problema original permaneceu em todos os registros posteriores,NÃO,NÃO,CORREDOR 4 (câm 26),,2026-09-01,10.0,16.0,NÃO,,,,,,,,,,,"Antes: último registro em 16/09 — LARANJA. Problema: CORREDOR 4 (câm 26) ONLINE COM ERRO (SD: error, Gravação: error).
O problema aparece desde 01/09 (já existia no primeiro registro disponível): 10 registro(s) com problema, 16 dia(s) corrido(s) até 16/09.
Manutenção em 17/09 às 01:23 — técnico Anderson Silva. Anomalias: nenhuma anomalia marcada.
No dia da manutenção (17/09) o CFTV mostrava LARANJA (registro exibido à parte: não conta como antes nem depois).
Depois: 18/09 LARANJA, 21/09 LARANJA, 22/09 LARANJA, 23/09 LARANJA, 24/09 LARANJA.
Continuou com problema: CORREDOR 4 (câm 26).
Resultado: NÃO RESOLVIDO — o problema original permaneceu em todos os registros posteriores."
52913_2026-09-17,52913,2026-09-17,SEM DADOS PARA VALIDAR,sem problema no CFTV antes da manutenção (não há o que validar),NÃO,SIM,,,,,,,,,,,,,,,,,"Antes: último registro em 16/09 — VERDE. Todas as câmeras ONLINE sem erro.
Manutenção em 17/09 às 01:50 — técnico FELIX SECURITY GABRIEL. Anomalias: nenhuma anomalia marcada.
No dia da manutenção (17/09) o CFTV mostrava VERDE (registro exibido à parte: não conta como antes nem depois).
Depois: 18/09 VERDE, 21/09 VERDE, 22/09 VERDE, 23/09 VERDE, 24/09 VERDE.
Veículo já estava normal antes da manutenção.
Continuou normal em todos os registros posteriores disponíveis.
Resultado: SEM DADOS PARA VALIDAR — sem problema no CFTV antes da manutenção (não há o que validar)."
52924_2026-09-17,52924,2026-09-17,SEM DADOS PARA VALIDAR,sem problema no CFTV antes da manutenção (não há o que validar),NÃO,SIM,,,,,,,,,,,,,,,,,"Antes: último registro em 16/09 — VERDE. Todas as câmeras ONLINE sem erro.
Manutenção em 17/09 às 01:45 — técnico FELIX SECURITY GABRIEL. Anomalias: nenhuma anomalia marcada.
No dia da manutenção (17/09) o CFTV mostrava VERDE (registro exibido à parte: não conta como antes nem depois).
Depois: 18/09 VERDE, 21/09 VERDE, 22/09 VERDE, 23/09 VERDE, 24/09 VERDE.
Veículo já estava normal antes da manutenção.
Continuou normal em todos os registros posteriores disponíveis.
Resultado: SEM DADOS PARA VALIDAR — sem problema no CFTV antes da manutenção (não há o que validar)."
61065_2026-09-17,61065,2026-09-17,NÃO RESOLVIDO,o problema original permaneceu em todos os registros posteriores,NÃO,NÃO,CORREDOR 4 (câm 26),,2026-09-01,10.0,16.0,NÃO,,,,,,,,,,,"Antes: último registro em 16/09 — LARANJA. Problema: CORREDOR 4 (câm 26) ONLINE COM ERRO (SD: error, Gravação: error).
O problema aparece desde 01/09 (já existia no primeiro registro disponível): 10 registro(s) com problema, 16 dia(s) corrido(s) até 16/09.
Manutenção em 17/09 às 00:47 — técnico Jonathan Gonçalves. Anomalias: nenhuma anomalia marcada.
No dia da manutenção (17/09) o CFTV mostrava LARANJA (registro exibido à parte: não conta como antes nem depois).
Depois: 18/09 LARANJA, 21/09 LARANJA, 22/09 LARANJA, 23/09 LARANJA, 24/09 LARANJA.
Continuou com problema: CORREDOR 4 (câm 26).
Resultado: NÃO RESOLVIDO — o problema original permaneceu em todos os registros posteriores."
61334_2026-09-17,61334,2026-09-17,PARCIALMENTE RESOLVIDO,parte das câmeras com problema normalizou e parte não,NÃO,NÃO,"FRONTAL (câm 21), FRENTE (câm 22), CORREDOR 1 (câm 23), CORREDOR 2 (câm 24), CORREDOR 3 (câm 25), CORREDOR 4 (câm 26)","FRONTAL (câm 21), FRENTE (câm 22), CORREDOR 1 (câm 23), CORREDOR 2 (câm 24), CORREDOR 3 (câm 25), CORREDOR 4 (câm 26)",2026-09-01,10.0,16.0,NÃO,,,,,,,,,,,"Antes: último registro em 16/09 — VERMELHO. Problema: FRONTAL (câm 21) OFFLINE; FRENTE (câm 22) OFFLINE; CORREDOR 1 (câm 23) OFFLINE; CORREDOR 2 (câm 24) OFFLINE; CORREDOR 3 (câm 25) OFFLINE; CORREDOR 4 (câm 26) OFFLINE.
O problema aparece desde 01/09 (já existia no primeiro registro disponível): 10 registro(s) com problema, 16 dia(s) corrido(s) até 16/09.
Manutenção em 17/09 às 02:53 — técnico Jonathan Gonçalves. Anomalias: FRONTAL (câm 21): Switch apresentando falha; FRENTE (câm 22): Switch apresentando falha; CORREDOR 1 (câm 23): Switch apresentando falha; CORREDOR 2 (câm 24): Switch apresentando falha; CORREDOR 3 (câm 25): Switch apresentando falha; CORREDOR 4 (câm 26): Switch apresentando falha.
No dia da manutenção (17/09) o CFTV mostrava VERMELHO (registro exibido à parte: não conta como antes nem depois).
Depois: 18/09 VERMELHO, 21/09 VERMELHO, 22/09 VERMELHO, 23/09 VERMELHO, 24/09 VERMELHO.
Normalizou só em parte: FRONTAL (câm 21) normalizou em 18/09; FRENTE (câm 22) normalizou em 18/09; CORREDOR 1 (câm 23) normalizou em 18/09; CORREDOR 2 (câm 24) normalizou em 18/09; CORREDOR 3 (câm 25) normalizou em 18/09.
Continuou com problema: CORREDOR 4 (câm 26).
Resultado: PARCIALMENTE RESOLVIDO — parte das câmeras com problema normalizou e parte não."
61571_2026-09-17,61571,2026-09-17,RESOLVIDO,o problema original desapareceu e não voltou nos registros posteriores,NÃO,NÃO,"FRONTAL (câm 21), FRENTE (câm 22), CORREDOR 1 (câm 23), CORREDOR 2 (câm 24), CORREDOR 3 (câm 25), CORREDOR 4 (câm 26)","FRONTAL (câm 21), FRENTE (câm 22), CORREDOR 1 (câm 23), CORREDOR 2 (câm 24), CORREDOR 3 (câm 25), CORREDOR 4 (câm 26)",2026-09-01,10.0,16.0,SIM,2026-09-18,1.0,1.0,5.0,7.0,NÃO,,,,,"Antes: último registro em 16/09 — VERMELHO. Problema: FRONTAL (câm 21) OFFLINE; FRENTE (câm 22) OFFLINE; CORREDOR 1 (câm 23) OFFLINE; CORREDOR 2 (câm 24) OFFLINE; CORREDOR 3 (câm 25) OFFLINE; CORREDOR 4 (câm 26) OFFLINE.
O problema aparece desde 01/09 (já existia no primeiro registro disponível): 10 registro(s) com problema, 16 dia(s) corrido(s) até 16/09.
Manutenção em 17/09 às 00:17 — técnico Jonathan Gonçalves. Anomalias: FRONTAL (câm 21): Falha na conexão dos cabos, Conexões do switch incorretas, Câmera mal reposicionada; FRENTE (câm 22): Falha na conexão dos cabos, Conexões do switch incorretas; CORREDOR 1 (câm 23): Falha na conexão dos cabos, Conexões do switch incorretas; CORREDOR 2 (câm 24): Falha na conexão dos cabos, Conexões do switch incorretas; CORREDOR 3 (câm 25): Falha na conexão dos cabos, Conexões do switch incorretas; CORREDOR 4 (câm 26): Cabeamento rompido/danificado, Falha na conexão dos cabos, Conexões do switch incorretas.
No dia da manutenção (17/09) o CFTV mostrava VERDE (registro exibido à parte: não conta como antes nem depois).
Depois: 18/09 VERDE, 21/09 VERDE, 22/09 VERDE, 23/09 VERDE, 24/09 VERDE.
Normalizou no 1º registro após a manutenção (18/09), 1 dia(s) corrido(s) depois.
Permaneceu normal por 5 registro(s) (7 dia(s) corrido(s)) até o último registro disponível (24/09).
Resultado: RESOLVIDO — o problema original desapareceu e não voltou nos registros posteriores."
68639_2026-09-17,68639,2026-09-17,SEM DADOS PARA VALIDAR,sem registro CFTV anterior à manutenção,NÃO,NÃO,,"FRONTAL (câm 21), FRENTE (câm 22)",,,,,,,,,,,,,,,"Antes: não há registro CFTV anterior à manutenção.
Manutenção em 17/09 às 04:18 — técnico Rafael Menezes Rocha. Anomalias: FRONTAL (câm 21): Câmera inoperante, Câmera travada, Câmera mal reposicionada, Configuração incorreta da câmera.
Não há registro CFTV no dia da manutenção (17/09).
Depois: 21/09 VERMELHO, 22/09 VERMELHO, 23/09 VERMELHO, 24/09 VERMELHO.
Resultado: SEM DADOS PARA VALIDAR — sem registro CFTV anterior à manutenção."
68640_2026-09-17,68640,2026-09-17,SEM DADOS PARA VALIDAR,sem registro CFTV anterior à manutenção,NÃO,NÃO,,FRONTAL (câm 21),,,,,,,,,,,,,,,"Antes: não há registro CFTV anterior à manutenção.
Manutenção em 17/09 às 05:12 — técnico Rafael Menezes Rocha. Anomalias: FRONTAL (câm 21): Câmera travada, Configuração incorreta da câmera.
Não há registro CFTV no dia da manutenção (17/09).
Depois: 21/09 VERMELHO, 22/09 VERMELHO, 23/09 VERMELHO, 24/09 VERMELHO.
Resultado: SEM DADOS PARA VALIDAR — sem registro CFTV anterior à manutenção."
68657_2026-09-17,68657,2026-09-17,SEM DADOS PARA VALIDAR,sem registro CFTV anterior à manutenção,NÃO,NÃO,,"FRONTAL (câm 21), FRENTE (câm 22)",,,,,,,,,,,,,,,"Antes: não há registro CFTV anterior à manutenção.
Manutenção em 17/09 às 04:44 — técnico Rafael Menezes Rocha. Anomalias: FRONTAL (câm 21): Câmera inoperante, Câmera travada, Configuração incorreta da câmera; FRENTE (câm 22): Câmera inoperante, RJ45 crimpado incorretamente, Câmera mal reposicionada, Configuração incorreta da câmera.
Não há registro CFTV no dia da manutenção (17/09).
Depois: 21/09 VERMELHO, 22/09 VERMELHO, 23/09 VERMELHO, 24/09 VERMELHO.
Resultado: SEM DADOS PARA VALIDAR — sem registro CFTV anterior à manutenção."
73203_2026-09-17,73203,2026-09-17,RESOLVIDO,o problema original desapareceu e não voltou nos registros posteriores,NÃO,NÃO,FRONTAL (câm 21),"FRONTAL (câm 21), FRENTE (câm 22), CORREDOR 1 (câm 23)",2026-09-01,10.0,16.0,SIM,2026-09-18,1.0,1.0,5.0,7.0,NÃO,,,,,"Antes: último registro em 16/09 — VERMELHO. Problema: FRONTAL (câm 21) OFFLINE.
O problema aparece desde 01/09 (já existia no primeiro registro disponível): 10 registro(s) com problema, 16 dia(s) corrido(s) até 16/09.
Manutenção em 17/09 às 00:08 — técnico John Lima. Anomalias: FRONTAL (câm 21): Câmera inoperante, Cabeamento rompido/danificado; FRENTE (câm 22): Câmera mal reposicionada; CORREDOR 1 (câm 23): Câmera mal reposicionada.
No dia da manutenção (17/09) o CFTV mostrava VERDE (registro exibido à parte: não conta como antes nem depois).
Depois: 18/09 VERDE, 21/09 VERDE, 22/09 VERDE, 23/09 VERDE, 24/09 VERDE.
Normalizou no 1º registro após a manutenção (18/09), 1 dia(s) corrido(s) depois.
Permaneceu normal por 5 registro(s) (7 dia(s) corrido(s)) até o último registro disponível (24/09).
Resultado: RESOLVIDO — o problema original desapareceu e não voltou nos registros posteriores."
73357_2026-09-17,73357,2026-09-17,SEM DADOS PARA VALIDAR,sem registro CFTV posterior à manutenção,NÃO,NÃO,"FRONTAL (câm 21), FRENTE (câm 22), CORREDOR 1 (câm 23)","FRONTAL (câm 21), FRENTE (câm 22)",2026-09-10,2.0,2.0,,,,,,,,,,,,"Antes: último registro em 11/09 — VERMELHO. Problema: FRONTAL (câm 21) OFFLINE; FRENTE (câm 22) OFFLINE; CORREDOR 1 (câm 23) OFFLINE.
O problema aparece desde 10/09: 2 registro(s) com problema, 2 dia(s) corrido(s) até 11/09.
Manutenção em 17/09 às 03:44 — técnico John Lima. Anomalias: FRONTAL (câm 21): Câmera inoperante, Cabeamento rompido/danificado; FRENTE (câm 22): Câmera mal reposicionada.
Não há registro CFTV no dia da manutenção (17/09).
Resultado: SEM DADOS PARA VALIDAR — sem registro CFTV posterior à manutenção."
31094_2026-09-18,31094,2026-09-18,NÃO RESOLVIDO,o problema original permaneceu em todos os registros posteriores,NÃO,NÃO,"FRONTAL (câm 21), FRENTE (câm 22), CORREDOR 1 (câm 23), CORREDOR 2 (câm 24), CORREDOR 3 (câm 25), CORREDOR 4 (câm 26)","FRONTAL (câm 21), FRENTE (câm 22), CORREDOR 1 (câm 23), CORREDOR 2 (câm 24), CORREDOR 3 (câm 25), CORREDOR 4 (câm 26)",2026-09-01,11.0,17.0,NÃO,,,,,,,,,,,"Antes: último registro em 17/09 — VERMELHO. Problema: FRONTAL (câm 21) OFFLINE; FRENTE (câm 22) OFFLINE; CORREDOR 1 (câm 23) OFFLINE; CORREDOR 2 (câm 24) OFFLINE; CORREDOR 3 (câm 25) OFFLINE; CORREDOR 4 (câm 26) OFFLINE.
O problema aparece desde 01/09 (já existia no primeiro registro disponível): 11 registro(s) com problema, 17 dia(s) corrido(s) até 17/09.
Manutenção em 18/09 às 14:54 — técnico Luiz Rodrigo. Anomalias: FRONTAL (câm 21): Câmera inoperante, Sem gravação de imagens, Cabeamento rompido/danificado, Falha na conexão dos cabos, Câmera mal reposicionada, Configuração incorreta da câmera, Câmera desligada manualmente; FRENTE (câm 22): Sem gravação de imagens; CORREDOR 1 (câm 23): Sem gravação de imagens, Câmera mal reposicionada, Configuração incorreta da câmera; CORREDOR 3 (câm 25): Câmera inoperante, Sem gravação de imagens, Falha na conexão dos cabos, Câmera mal reposicionada, Configuração incorreta da câmera.
No dia da manutenção (18/09) o CFTV mostrava VERMELHO (registro exibido à parte: não conta como antes nem depois).
Depois: 21/09 VERMELHO, 22/09 VERMELHO, 23/09 VERMELHO, 24/09 VERMELHO.
Continuou com problema: FRONTAL (câm 21), FRENTE (câm 22), CORREDOR 1 (câm 23), CORREDOR 2 (câm 24), CORREDOR 3 (câm 25), CORREDOR 4 (câm 26).
Resultado: NÃO RESOLVIDO — o problema original permaneceu em todos os registros posteriores."
31262_2026-09-18,31262,2026-09-18,NÃO RESOLVIDO,o problema original permaneceu em todos os registros posteriores,NÃO,NÃO,CORREDOR 2 (câm 24),CORREDOR 2 (câm 24),2026-09-01,11.0,17.0,NÃO,,,,,,,,,,,"Antes: último registro em 17/09 — VERMELHO. Problema: CORREDOR 2 (câm 24) OFFLINE.
O problema aparece desde 01/09 (já existia no primeiro registro disponível): 11 registro(s) com problema, 17 dia(s) corrido(s) até 17/09.
Manutenção em 18/09 às 13:43 — técnico Lui. Anomalias: CORREDOR 2 (câm 24): Câmera inoperante, Câmera travada.
No dia da manutenção (18/09) o CFTV mostrava VERMELHO (registro exibido à parte: não conta como antes nem depois).
Depois: 21/09 VERMELHO, 22/09 VERMELHO, 23/09 VERMELHO, 24/09 VERMELHO.
Continuou com problema: CORREDOR 2 (câm 24).
Resultado: NÃO RESOLVIDO — o problema original permaneceu em todos os registros posteriores."
31593_2026-09-18,31593,2026-09-18,SEM DADOS PARA VALIDAR,sem problema no CFTV antes da manutenção (não há o que validar),NÃO,SIM,,"FRONTAL (câm 21), FRENTE (câm 22), CORREDOR 1 (câm 23), CORREDOR 2 (câm 24), CORREDOR 3 (câm 25), CORREDOR 4 (câm 26)",,,,,,,,,,,,,,,"Antes: último registro em 17/09 — VERDE. Todas as câmeras ONLINE sem erro.
Manutenção em 18/09 às 11:23 — técnico Luiz Rodrigo. Anomalias: FRONTAL (câm 21): Sem gravação de imagens, Câmera mal reposicionada, Configuração incorreta da câmera; FRENTE (câm 22): Sem gravação de imagens, Câmera mal reposicionada, Configuração incorreta da câmera; CORREDOR 1 (câm 23): Sem gravação de imagens, Configuração incorreta da câmera; CORREDOR 2 (câm 24): Sem gravação de imagens, Câmera mal reposicionada, Configuração incorreta da câmera; CORREDOR 3 (câm 25): Sem gravação de imagens, Câmera mal reposicionada, Configuração incorreta da câmera; CORREDOR 4 (câm 26): Sem gravação de imagens, Configuração incorreta da câmera.
No dia da manutenção (18/09) o CFTV mostrava VERDE (registro exibido à parte: não conta como antes nem depois).
Depois: 21/09 VERDE, 22/09 VERDE, 23/09 VERDE, 24/09 VERDE.
Veículo já estava normal antes da manutenção.
Continuou normal em todos os registros posteriores disponíveis.
Resultado: SEM DADOS PARA VALIDAR — sem problema no CFTV antes da manutenção (não há o que validar)."
31664_2026-09-18,31664,2026-09-18,NÃO RESOLVIDO,o problema original permaneceu em todos os registros posteriores,NÃO,NÃO,FRONTAL (câm 21),"FRONTAL (câm 21), FRENTE (câm 22), CORREDOR 1 (câm 23)",2026-09-01,11.0,17.0,NÃO,,,,,,,,,,,"Antes: último registro em 17/09 — VERMELHO. Problema: FRONTAL (câm 21) OFFLINE.
O problema aparece desde 01/09 (já existia no primeiro registro disponível): 11 registro(s) com problema, 17 dia(s) corrido(s) até 17/09.
Manutenção em 18/09 às 12:18 — técnico Luiz Rodrigo. Anomalias: FRONTAL (câm 21): Câmera inoperante, Falha na conexão dos cabos; FRENTE (câm 22): Sem gravação de imagens, Configuração incorreta da câmera.
No dia da manutenção (18/09) o CFTV mostrava VERMELHO (registro exibido à parte: não conta como antes nem depois).
Depois: 21/09 VERMELHO, 22/09 VERMELHO, 23/09 VERMELHO, 24/09 VERMELHO.
Continuou com problema: FRONTAL (câm 21).
Resultado: NÃO RESOLVIDO — o problema original permaneceu em todos os registros posteriores."
31771_2026-09-18,31771,2026-09-18,SEM DADOS PARA VALIDAR,sem problema no CFTV antes da manutenção (não há o que validar),NÃO,SIM,,"FRONTAL (câm 21), FRENTE (câm 22), CORREDOR 1 (câm 23)",,,,,,,,,,,,,,,"Antes: último registro em 17/09 — VERDE. Todas as câmeras ONLINE sem erro.
Manutenção em 18/09 às 14:07 — técnico Luiz Rodrigo. Anomalias: FRONTAL (câm 21): Câmera mal reposicionada.
No dia da manutenção (18/09) o CFTV mostrava VERDE (registro exibido à parte: não conta como antes nem depois).
Depois: 21/09 VERDE, 22/09 VERDE, 23/09 VERDE, 24/09 VERDE.
Veículo já estava normal antes da manutenção.
Continuou normal em todos os registros posteriores disponíveis.
Resultado: SEM DADOS PARA VALIDAR — sem problema no CFTV antes da manutenção (não há o que validar)."
31823_2026-09-18,31823,2026-09-18,SEM DADOS PARA VALIDAR,sem problema no CFTV antes da manutenção (não há o que validar),NÃO,SIM,,"FRONTAL (câm 21), FRENTE (câm 22), CORREDOR 1 (câm 23), CORREDOR 2 (câm 24), CORREDOR 3 (câm 25), CORREDOR 4 (câm 26)",,,,,,,,,,,,,,,"Antes: último registro em 17/09 — VERDE. Todas as câmeras ONLINE sem erro.
Manutenção em 18/09 às 11:45 — técnico Luiz Rodrigo. Anomalias: FRENTE (câm 22): Câmera mal reposicionada.
No dia da manutenção (18/09) o CFTV mostrava VERDE (registro exibido à parte: não conta como antes nem depois).
Depois: 21/09 VERDE, 22/09 VERDE, 23/09 VERDE, 24/09 VERDE.
Veículo já estava normal antes da manutenção.
Continuou normal em todos os registros posteriores disponíveis.
Resultado: SEM DADOS PARA VALIDAR — sem problema no CFTV antes da manutenção (não há o que validar)."
51573_2026-09-18,51573,2026-09-18,SEM DADOS PARA VALIDAR,sem problema no CFTV antes da manutenção (não há o que validar),NÃO,SIM,,,,,,,,,,,,,,,,,"Antes: último registro em 17/09 — VERDE. Todas as câmeras ONLINE sem erro.
Manutenção em 18/09 às 23:29 — técnico FELIX SECURITY GABRIEL. Anomalias: nenhuma anomalia marcada.
Manutenção em 18/09 às 23:45 — técnico FELIX SECURITY GABRIEL. Anomalias: nenhuma anomalia marcada.
No dia da manutenção (18/09) o CFTV mostrava VERDE (registro exibido à parte: não conta como antes nem depois).
Depois: 21/09 VERDE, 22/09 VERDE, 23/09 VERDE, 24/09 VERDE.
Veículo já estava normal antes da manutenção.
Continuou normal em todos os registros posteriores disponíveis.
Resultado: SEM DADOS PARA VALIDAR — sem problema no CFTV antes da manutenção (não há o que validar)."
52104_2026-09-18,52104,2026-09-18,NÃO RESOLVIDO,o problema original permaneceu em todos os registros posteriores,NÃO,NÃO,FRENTE (câm 22),,2026-09-01,11.0,17.0,NÃO,,,,,,,,,2026-09-22,FRONTAL (câm 21) OFFLINE; CORREDOR 1 (câm 23) OFFLINE; CORREDOR 3 (câm 25) OFFLINE,"Antes: último registro em 17/09 — LARANJA. Problema: FRENTE (câm 22) ONLINE COM ERRO (SD: error, Gravação: error).
O problema aparece desde 01/09 (já existia no primeiro registro disponível): 11 registro(s) com problema, 17 dia(s) corrido(s) até 17/09.
Manutenção em 18/09 às 22:46 — técnico FELIX SECURITY GABRIEL. Anomalias: nenhuma anomalia marcada.
No dia da manutenção (18/09) o CFTV mostrava LARANJA (registro exibido à parte: não conta como antes nem depois).
Depois: 21/09 LARANJA, 22/09 VERMELHO, 23/09 LARANJA, 24/09 LARANJA.
Continuou com problema: FRENTE (câm 22).
Novo problema identificado em outra câmera em 22/09: FRONTAL (câm 21) OFFLINE; CORREDOR 1 (câm 23) OFFLINE; CORREDOR 3 (câm 25) OFFLINE (não é recorrência).
Resultado: NÃO RESOLVIDO — o problema original permaneceu em todos os registros posteriores."
52115_2026-09-18,52115,2026-09-18,SEM DADOS PARA VALIDAR,sem problema no CFTV antes da manutenção (não há o que validar),NÃO,SIM,,,,,,,,,,,,,,,,,"Antes: último registro em 17/09 — VERDE. Todas as câmeras ONLINE sem erro.
Manutenção em 18/09 às 23:40 — técnico FELIX SECURITY GABRIEL. Anomalias: nenhuma anomalia marcada.
No dia da manutenção (18/09) o CFTV mostrava VERDE (registro exibido à parte: não conta como antes nem depois).
Depois: 21/09 VERDE, 22/09 VERDE, 23/09 VERDE, 24/09 VERDE.
Veículo já estava normal antes da manutenção.
Continuou normal em todos os registros posteriores disponíveis.
Resultado: SEM DADOS PARA VALIDAR — sem problema no CFTV antes da manutenção (não há o que validar)."
52749_2026-09-18,52749,2026-09-18,PARCIALMENTE RESOLVIDO,parte das câmeras com problema normalizou e parte não,NÃO,NÃO,"FRENTE (câm 22), CORREDOR 2 (câm 24)",,2026-09-01,11.0,17.0,NÃO,,,,,,SIM,2026-09-23,CORREDOR 2 (câm 24),,,"Antes: último registro em 17/09 — VERMELHO. Problema: FRENTE (câm 22) ONLINE COM ERRO (SD: error, Gravação: error); CORREDOR 2 (câm 24) OFFLINE.
O problema aparece desde 01/09 (já existia no primeiro registro disponível): 11 registro(s) com problema, 17 dia(s) corrido(s) até 17/09.
Manutenção em 18/09 às 23:22 — técnico FELIX SECURITY GABRIEL. Anomalias: nenhuma anomalia marcada.
No dia da manutenção (18/09) o CFTV mostrava VERMELHO (registro exibido à parte: não conta como antes nem depois).
Depois: 21/09 LARANJA, 22/09 VERMELHO, 23/09 VERMELHO, 24/09 VERMELHO.
Normalizou só em parte: CORREDOR 2 (câm 24) normalizou em 21/09.
Continuou com problema: FRENTE (câm 22).
A mesma câmera voltou a falhar em 23/09: CORREDOR 2 (câm 24) OFFLINE.
Resultado: PARCIALMENTE RESOLVIDO — parte das câmeras com problema normalizou e parte não."
52754_2026-09-18,52754,2026-09-18,SEM DADOS PARA VALIDAR,sem problema no CFTV antes da manutenção (não há o que validar),NÃO,SIM,,,,,,,,,,,,,,,,,"Antes: último registro em 17/09 — VERDE. Todas as câmeras ONLINE sem erro.
Manutenção em 18/09 às 23:36 — técnico FELIX SECURITY GABRIEL. Anomalias: nenhuma anomalia marcada.
No dia da manutenção (18/09) o CFTV mostrava VERDE (registro exibido à parte: não conta como antes nem depois).
Depois: 21/09 VERDE, 22/09 VERDE, 23/09 VERDE, 24/09 VERDE.
Veículo já estava normal antes da manutenção.
Continuou normal em todos os registros posteriores disponíveis.
Resultado: SEM DADOS PARA VALIDAR — sem problema no CFTV antes da manutenção (não há o que validar)."
52775_2026-09-18,52775,2026-09-18,NÃO RESOLVIDO,o problema original permaneceu em todos os registros posteriores,NÃO,NÃO,"FRONTAL (câm 21), FRENTE (câm 22)",,2026-09-01,11.0,17.0,NÃO,,,,,,,,,,,"Antes: último registro em 17/09 — LARANJA. Problema: FRONTAL (câm 21) ONLINE COM ERRO (SD: error, Gravação: error); FRENTE (câm 22) ONLINE COM ERRO (SD: error, Gravação: error).
O problema aparece desde 01/09 (já existia no primeiro registro disponível): 11 registro(s) com problema, 17 dia(s) corrido(s) até 17/09.
Manutenção em 18/09 às 22:56 — técnico FELIX SECURITY GABRIEL. Anomalias: nenhuma anomalia marcada.
No dia da manutenção (18/09) o CFTV mostrava LARANJA (registro exibido à parte: não conta como antes nem depois).
Depois: 21/09 LARANJA, 22/09 LARANJA, 23/09 LARANJA, 24/09 LARANJA.
Continuou com problema: FRONTAL (câm 21), FRENTE (câm 22).
Resultado: NÃO RESOLVIDO — o problema original permaneceu em todos os registros posteriores."
52796_2026-09-18,52796,2026-09-18,RESOLVIDO COM RECORRÊNCIA,"normalizou, mas a mesma câmera voltou a apresentar problema",NÃO,NÃO,CORREDOR 1 (câm 23),,2026-09-15,3.0,3.0,SIM,2026-09-21,1.0,3.0,3.0,3.0,SIM,2026-09-24,CORREDOR 1 (câm 23),2026-09-24,"FRENTE (câm 22) ONLINE COM ERRO (SD: error, Gravação: error)","Antes: último registro em 17/09 — VERMELHO. Problema: CORREDOR 1 (câm 23) OFFLINE.
O problema aparece desde 15/09: 3 registro(s) com problema, 3 dia(s) corrido(s) até 17/09.
Manutenção em 18/09 às 23:05 — técnico FELIX SECURITY GABRIEL. Anomalias: nenhuma anomalia marcada.
No dia da manutenção (18/09) o CFTV mostrava VERMELHO (registro exibido à parte: não conta como antes nem depois).
Depois: 21/09 VERDE, 22/09 VERDE, 23/09 VERDE, 24/09 VERMELHO.
Normalizou no 1º registro após a manutenção (21/09), 3 dia(s) corrido(s) depois.
Permaneceu normal por 3 registro(s) (3 dia(s) corrido(s)), até 23/09.
O problema voltou em 24/09 na mesma câmera: CORREDOR 1 (câm 23) OFFLINE.
Problema original normalizado. Novo problema identificado em outra câmera em 24/09: FRENTE (câm 22) ONLINE COM ERRO (SD: error, Gravação: error) (não é recorrência).
Resultado: RESOLVIDO COM RECORRÊNCIA — normalizou, mas a mesma câmera voltou a apresentar problema."
52834_2026-09-18,52834,2026-09-18,SEM DADOS PARA VALIDAR,sem problema no CFTV antes da manutenção (não há o que validar),NÃO,SIM,,,,,,,,,,,,,,,,,"Antes: último registro em 17/09 — VERDE. Todas as câmeras ONLINE sem erro.
Manutenção em 18/09 às 23:13 — técnico FELIX SECURITY GABRIEL. Anomalias: nenhuma anomalia marcada.
No dia da manutenção (18/09) o CFTV mostrava VERDE (registro exibido à parte: não conta como antes nem depois).
Depois: 21/09 VERDE, 22/09 VERDE, 23/09 VERDE, 24/09 VERDE.
Veículo já estava normal antes da manutenção.
Continuou normal em todos os registros posteriores disponíveis.
Resultado: SEM DADOS PARA VALIDAR — sem problema no CFTV antes da manutenção (não há o que validar)."
52843_2026-09-18,52843,2026-09-18,SEM DADOS PARA VALIDAR,sem problema no CFTV antes da manutenção (não há o que validar),NÃO,SIM,,,,,,,,,,,,,,,,,"Antes: último registro em 17/09 — VERDE. Todas as câmeras ONLINE sem erro.
Manutenção em 18/09 às 22:53 — técnico FELIX SECURITY GABRIEL. Anomalias: nenhuma anomalia marcada.
No dia da manutenção (18/09) o CFTV mostrava VERDE (registro exibido à parte: não conta como antes nem depois).
Depois: 21/09 VERDE, 22/09 VERDE, 23/09 VERDE, 24/09 VERDE.
Veículo já estava normal antes da manutenção.
Continuou normal em todos os registros posteriores disponíveis.
Resultado: SEM DADOS PARA VALIDAR — sem problema no CFTV antes da manutenção (não há o que validar)."
61414_2026-09-18,61414,2026-09-18,SEM DADOS PARA VALIDAR,sem problema no CFTV antes da manutenção (não há o que validar),NÃO,SIM,,FRONTAL (câm 21),,,,,,,,,,,,,,,"Antes: último registro em 17/09 — VERDE. Todas as câmeras ONLINE sem erro.
Manutenção em 18/09 às 23:39 — técnico Jonathan Gonçalves. Anomalias: FRONTAL (câm 21): Câmera mal reposicionada.
No dia da manutenção (18/09) o CFTV mostrava VERDE (registro exibido à parte: não conta como antes nem depois).
Depois: 21/09 VERDE, 22/09 VERDE, 23/09 VERDE, 24/09 VERDE.
Veículo já estava normal antes da manutenção.
Continuou normal em todos os registros posteriores disponíveis.
Resultado: SEM DADOS PARA VALIDAR — sem problema no CFTV antes da manutenção (não há o que validar)."
61654_2026-09-18,61654,2026-09-18,SEM DADOS PARA VALIDAR,sem problema no CFTV antes da manutenção (não há o que validar),NÃO,SIM,,"FRONTAL (câm 21), FRENTE (câm 22)",,,,,,,,,,,,,,,"Antes: último registro em 17/09 — VERDE. Todas as câmeras ONLINE sem erro.
Manutenção em 18/09 às 22:02 — técnico Jonathan Gonçalves. Anomalias: FRONTAL (câm 21): Câmera mal reposicionada; FRENTE (câm 22): Câmera mal reposicionada.
No dia da manutenção (18/09) o CFTV mostrava VERDE (registro exibido à parte: não conta como antes nem depois).
Depois: 21/09 VERDE, 22/09 VERDE, 23/09 VERDE, 24/09 VERDE.
Veículo já estava normal antes da manutenção.
Continuou normal em todos os registros posteriores disponíveis.
Resultado: SEM DADOS PARA VALIDAR — sem problema no CFTV antes da manutenção (não há o que validar)."
11103_2026-09-19,11103,2026-09-19,SEM DADOS PARA VALIDAR,sem problema no CFTV antes da manutenção (não há o que validar),NÃO,SIM,,CORREDOR 2 (câm 24),,,,,,,,,,,,,,,"Antes: último registro em 18/09 — VERDE. Todas as câmeras ONLINE sem erro.
Manutenção em 19/09 às 00:57 — técnico Leandro Resende. Anomalias: CORREDOR 2 (câm 24): Sem gravação de imagens.
Não há registro CFTV no dia da manutenção (19/09).
Depois: 21/09 VERDE, 22/09 VERDE, 23/09 VERDE, 24/09 VERDE.
Veículo já estava normal antes da manutenção.
Continuou normal em todos os registros posteriores disponíveis.
Resultado: SEM DADOS PARA VALIDAR — sem problema no CFTV antes da manutenção (não há o que validar)."
11435_2026-09-19,11435,2026-09-19,SEM DADOS PARA VALIDAR,prefixo inexistente no CFTV,NÃO,NÃO,,FRENTE (câm 22),,,,,,,,,,,,,,,"Este prefixo não aparece em nenhum Relatório CFTV.
Manutenção em 19/09 às 03:25 — técnico Leandro Resende. Anomalias: FRENTE (câm 22): Câmera mal reposicionada.
Não há registro CFTV no dia da manutenção (19/09).
Resultado: SEM DADOS PARA VALIDAR — prefixo inexistente no CFTV."
11738_2026-09-19,11738,2026-09-19,SEM DADOS PARA VALIDAR,sem problema no CFTV antes da manutenção (não há o que validar),NÃO,SIM,,FRENTE (câm 22),,,,,,,,,,,,,,,"Antes: último registro em 18/09 — VERDE. Todas as câmeras ONLINE sem erro.
Manutenção em 19/09 às 02:21 — técnico Leandro Resende. Anomalias: FRENTE (câm 22): Câmera mal reposicionada.
Não há registro CFTV no dia da manutenção (19/09).
Depois: 21/09 VERDE, 22/09 VERDE, 23/09 VERDE, 24/09 VERDE.
Veículo já estava normal antes da manutenção.
Continuou normal em todos os registros posteriores disponíveis.
Resultado: SEM DADOS PARA VALIDAR — sem problema no CFTV antes da manutenção (não há o que validar)."
11755_2026-09-19,11755,2026-09-19,RESOLVIDO,o problema original desapareceu e não voltou nos registros posteriores,SIM,NÃO,FRENTE (câm 22),FRENTE (câm 22),2026-09-01,11.0,18.0,SIM,2026-09-24,4.0,5.0,1.0,1.0,NÃO,,,,,"Antes: último registro em 18/09 — VERMELHO. Problema: FRENTE (câm 22) OFFLINE.
O problema aparece desde 01/09 (já existia no primeiro registro disponível): 11 registro(s) com problema, 18 dia(s) corrido(s) até 18/09.
Manutenção em 19/09 às 01:40 — técnico Leandro Resende. Anomalias: FRENTE (câm 22): Câmera inoperante.
Não há registro CFTV no dia da manutenção (19/09).
Depois: 21/09 VERMELHO, 22/09 VERMELHO, 23/09 VERMELHO, 24/09 VERDE.
Normalizou no 4º registro após a manutenção (24/09), 5 dia(s) corrido(s) depois.
Permaneceu normal por 1 registro(s) (1 dia(s) corrido(s)) até o último registro disponível (24/09).
Pendência registrada pelo técnico: Câmera 22 não liga, aguardando chegar câmera para substituição.
Resultado: RESOLVIDO — o problema original desapareceu e não voltou nos registros posteriores."
11759_2026-09-19,11759,2026-09-19,SEM DADOS PARA VALIDAR,sem problema no CFTV antes da manutenção (não há o que validar),NÃO,SIM,,FRENTE (câm 22),,,,,,,,,,,,,,,"Antes: último registro em 18/09 — VERDE. Todas as câmeras ONLINE sem erro.
Manutenção em 19/09 às 02:30 — técnico Leandro Resende. Anomalias: FRENTE (câm 22): Câmera mal reposicionada.
Não há registro CFTV no dia da manutenção (19/09).
Depois: 21/09 VERDE, 22/09 VERDE, 23/09 VERDE, 24/09 VERDE.
Veículo já estava normal antes da manutenção.
Continuou normal em todos os registros posteriores disponíveis.
Resultado: SEM DADOS PARA VALIDAR — sem problema no CFTV antes da manutenção (não há o que validar)."
11819_2026-09-19,11819,2026-09-19,NÃO RESOLVIDO,o problema original permaneceu em todos os registros posteriores,NÃO,NÃO,CORREDOR 1 (câm 23),"FRENTE (câm 22), CORREDOR 1 (câm 23)",2026-09-08,8.0,11.0,NÃO,,,,,,,,,,,"Antes: último registro em 18/09 — LARANJA. Problema: CORREDOR 1 (câm 23) ONLINE COM ERRO (SD: error, Gravação: error).
O problema aparece desde 08/09: 8 registro(s) com problema, 11 dia(s) corrido(s) até 18/09.
Manutenção em 19/09 às 02:11 — técnico Leandro Resende. Anomalias: FRENTE (câm 22): Câmera mal reposicionada; CORREDOR 1 (câm 23): Sem gravação de imagens.
Não há registro CFTV no dia da manutenção (19/09).
Depois: 21/09 LARANJA, 22/09 LARANJA, 23/09 LARANJA, 24/09 LARANJA.
Continuou com problema: CORREDOR 1 (câm 23).
Resultado: NÃO RESOLVIDO — o problema original permaneceu em todos os registros posteriores."
11884_2026-09-19,11884,2026-09-19,PARCIALMENTE RESOLVIDO,parte das câmeras com problema normalizou e parte não,NÃO,NÃO,"FRONTAL (câm 21), FRENTE (câm 22)","FRONTAL (câm 21), FRENTE (câm 22)",2026-09-15,4.0,4.0,NÃO,,,,,,,,,,,"Antes: último registro em 18/09 — VERMELHO. Problema: FRONTAL (câm 21) ONLINE COM ERRO (SD: error, Gravação: error); FRENTE (câm 22) OFFLINE.
O problema aparece desde 15/09: 4 registro(s) com problema, 4 dia(s) corrido(s) até 18/09.
Manutenção em 19/09 às 02:54 — técnico Leandro Resende. Anomalias: FRONTAL (câm 21): Sem gravação de imagens; FRENTE (câm 22): Câmera inoperante.
Não há registro CFTV no dia da manutenção (19/09).
Depois: 21/09 VERMELHO, 22/09 VERMELHO, 23/09 VERMELHO, 24/09 VERMELHO.
Normalizou só em parte: FRONTAL (câm 21) normalizou em 21/09.
Continuou com problema: FRENTE (câm 22).
Resultado: PARCIALMENTE RESOLVIDO — parte das câmeras com problema normalizou e parte não."
31136_2026-09-19,31136,2026-09-19,NÃO RESOLVIDO,o problema original permaneceu em todos os registros posteriores,NÃO,NÃO,FRENTE (câm 22),"FRONTAL (câm 21), FRENTE (câm 22), CORREDOR 1 (câm 23), CORREDOR 2 (câm 24), CORREDOR 3 (câm 25), CORREDOR 4 (câm 26)",2026-09-01,12.0,18.0,NÃO,,,,,,,,,,,"Antes: último registro em 18/09 — LARANJA. Problema: FRENTE (câm 22) ONLINE COM ERRO (SD: error, Gravação: error).
O problema aparece desde 01/09 (já existia no primeiro registro disponível): 12 registro(s) com problema, 18 dia(s) corrido(s) até 18/09.
Manutenção em 19/09 às 01:11 — técnico Joel. Anomalias: FRONTAL (câm 21): Configuração incorreta da câmera; FRENTE (câm 22): Sem gravação de imagens, Configuração incorreta da câmera, Câmera sem cartão de memória; CORREDOR 1 (câm 23): Configuração incorreta da câmera; CORREDOR 2 (câm 24): Configuração incorreta da câmera; CORREDOR 3 (câm 25): Configuração incorreta da câmera; CORREDOR 4 (câm 26): Configuração incorreta da câmera.
Não há registro CFTV no dia da manutenção (19/09).
Depois: 21/09 LARANJA, 22/09 LARANJA, 23/09 LARANJA, 24/09 LARANJA.
Continuou com problema: FRENTE (câm 22).
Resultado: NÃO RESOLVIDO — o problema original permaneceu em todos os registros posteriores."
31165_2026-09-19,31165,2026-09-19,NÃO RESOLVIDO,o problema original permaneceu em todos os registros posteriores,NÃO,NÃO,FRENTE (câm 22),"FRONTAL (câm 21), FRENTE (câm 22), CORREDOR 1 (câm 23), CORREDOR 2 (câm 24), CORREDOR 3 (câm 25), CORREDOR 4 (câm 26)",2026-09-01,12.0,18.0,NÃO,,,,,,,,,2026-09-21,"CORREDOR 2 (câm 24) ONLINE COM ERRO (SD: error, Gravação: error)","Antes: último registro em 18/09 — LARANJA. Problema: FRENTE (câm 22) ONLINE COM ERRO (SD: error, Gravação: error).
O problema aparece desde 01/09 (já existia no primeiro registro disponível): 12 registro(s) com problema, 18 dia(s) corrido(s) até 18/09.
Manutenção em 19/09 às 00:38 — técnico Joel. Anomalias: FRONTAL (câm 21): Sem gravação de imagens, Configuração incorreta da câmera, Câmera sem cartão de memória; FRENTE (câm 22): Configuração incorreta da câmera; CORREDOR 1 (câm 23): Configuração incorreta da câmera; CORREDOR 2 (câm 24): Configuração incorreta da câmera; CORREDOR 3 (câm 25): Configuração incorreta da câmera; CORREDOR 4 (câm 26): Configuração incorreta da câmera.
Não há registro CFTV no dia da manutenção (19/09).
Depois: 21/09 LARANJA, 22/09 VERMELHO, 23/09 LARANJA, 24/09 LARANJA.
Continuou com problema: FRENTE (câm 22).
Novo problema identificado em outra câmera em 21/09: CORREDOR 2 (câm 24) ONLINE COM ERRO (SD: error, Gravação: error) (não é recorrência).
Resultado: NÃO RESOLVIDO — o problema original permaneceu em todos os registros posteriores."
51060_2026-09-19,51060,2026-09-19,NÃO RESOLVIDO,o problema original permaneceu em todos os registros posteriores,NÃO,NÃO,FRONTAL (câm 21),,2026-09-01,12.0,18.0,NÃO,,,,,,,,,,,"Antes: último registro em 18/09 — VERMELHO. Problema: FRONTAL (câm 21) OFFLINE.
O problema aparece desde 01/09 (já existia no primeiro registro disponível): 12 registro(s) com problema, 18 dia(s) corrido(s) até 18/09.
Manutenção em 19/09 às 03:51 — técnico Anderson Silva. Anomalias: nenhuma anomalia marcada.
Manutenção em 19/09 às 04:07 — técnico Anderson Silva. Anomalias: nenhuma anomalia marcada.
Não há registro CFTV no dia da manutenção (19/09).
Depois: 21/09 VERMELHO, 22/09 VERMELHO, 23/09 VERMELHO, 24/09 VERMELHO.
Continuou com problema: FRONTAL (câm 21).
Resultado: NÃO RESOLVIDO — o problema original permaneceu em todos os registros posteriores."
51121_2026-09-19,51121,2026-09-19,RESOLVIDO,o problema original desapareceu e não voltou nos registros posteriores,NÃO,NÃO,CORREDOR 1 (câm 23),,2026-09-18,1.0,1.0,SIM,2026-09-21,1.0,2.0,4.0,4.0,NÃO,,,2026-09-21,"FRONTAL (câm 21) ONLINE COM ERRO (SD: error, Gravação: error)","Antes: último registro em 18/09 — VERMELHO. Problema: CORREDOR 1 (câm 23) OFFLINE.
O problema aparece desde 18/09: 1 registro(s) com problema, 1 dia(s) corrido(s) até 18/09.
Manutenção em 19/09 às 03:03 — técnico Anderson Silva. Anomalias: nenhuma anomalia marcada.
Não há registro CFTV no dia da manutenção (19/09).
Depois: 21/09 LARANJA, 22/09 LARANJA, 23/09 LARANJA, 24/09 LARANJA.
Normalizou no 1º registro após a manutenção (21/09), 2 dia(s) corrido(s) depois.
Permaneceu normal por 4 registro(s) (4 dia(s) corrido(s)) até o último registro disponível (24/09).
Problema original normalizado. Novo problema identificado em outra câmera em 21/09: FRONTAL (câm 21) ONLINE COM ERRO (SD: error, Gravação: error) (não é recorrência).
Resultado: RESOLVIDO — o problema original desapareceu e não voltou nos registros posteriores."
51122_2026-09-19,51122,2026-09-19,SEM DADOS PARA VALIDAR,sem problema no CFTV antes da manutenção (não há o que validar),NÃO,SIM,,,,,,,,,,,,,,,,,"Antes: último registro em 18/09 — VERDE. Todas as câmeras ONLINE sem erro.
Manutenção em 19/09 às 01:32 — técnico Anderson Silva. Anomalias: nenhuma anomalia marcada.
Não há registro CFTV no dia da manutenção (19/09).
Depois: 21/09 VERDE, 22/09 VERDE, 23/09 VERMELHO, 24/09 VERDE.
Veículo já estava normal antes da manutenção.
Surgiu problema depois, em 23/09: CORREDOR 1 (câm 23) OFFLINE.
Resultado: SEM DADOS PARA VALIDAR — sem problema no CFTV antes da manutenção (não há o que validar)."
51578_2026-09-19,51578,2026-09-19,NÃO RESOLVIDO,o problema original permaneceu em todos os registros posteriores,NÃO,NÃO,CORREDOR 2 (câm 24),,2026-09-01,12.0,18.0,NÃO,,,,,,,,,,,"Antes: último registro em 18/09 — LARANJA. Problema: CORREDOR 2 (câm 24) ONLINE COM ERRO (SD: error, Gravação: error).
O problema aparece desde 01/09 (já existia no primeiro registro disponível): 12 registro(s) com problema, 18 dia(s) corrido(s) até 18/09.
Manutenção em 19/09 às 01:37 — técnico Anderson Silva. Anomalias: nenhuma anomalia marcada.
Não há registro CFTV no dia da manutenção (19/09).
Depois: 21/09 LARANJA, 22/09 LARANJA, 23/09 LARANJA, 24/09 LARANJA.
Continuou com problema: CORREDOR 2 (câm 24).
Resultado: NÃO RESOLVIDO — o problema original permaneceu em todos os registros posteriores."
52014_2026-09-19,52014,2026-09-19,NÃO RESOLVIDO,o problema original permaneceu em todos os registros posteriores,NÃO,NÃO,"FRONTAL (câm 21), FRENTE (câm 22), CORREDOR 1 (câm 23)",,2026-09-01,12.0,18.0,NÃO,,,,,,,,,,,"Antes: último registro em 18/09 — VERMELHO. Problema: FRONTAL (câm 21) OFFLINE; FRENTE (câm 22) OFFLINE; CORREDOR 1 (câm 23) OFFLINE.
O problema aparece desde 01/09 (já existia no primeiro registro disponível): 12 registro(s) com problema, 18 dia(s) corrido(s) até 18/09.
Manutenção em 19/09 às 01:39 — técnico Anderson Silva. Anomalias: nenhuma anomalia marcada.
Não há registro CFTV no dia da manutenção (19/09).
Depois: 21/09 VERMELHO, 22/09 VERMELHO, 23/09 VERMELHO, 24/09 VERMELHO.
Continuou com problema: FRONTAL (câm 21), FRENTE (câm 22), CORREDOR 1 (câm 23).
Resultado: NÃO RESOLVIDO — o problema original permaneceu em todos os registros posteriores."
52021_2026-09-19,52021,2026-09-19,SEM DADOS PARA VALIDAR,sem problema no CFTV antes da manutenção (não há o que validar),NÃO,SIM,,,,,,,,,,,,,,,,,"Antes: último registro em 18/09 — VERDE. Todas as câmeras ONLINE sem erro.
Manutenção em 19/09 às 03:44 — técnico Anderson Silva. Anomalias: nenhuma anomalia marcada.
Não há registro CFTV no dia da manutenção (19/09).
Depois: 21/09 VERDE, 22/09 VERDE, 23/09 VERDE, 24/09 VERDE.
Veículo já estava normal antes da manutenção.
Continuou normal em todos os registros posteriores disponíveis.
Resultado: SEM DADOS PARA VALIDAR — sem problema no CFTV antes da manutenção (não há o que validar)."
52024_2026-09-19,52024,2026-09-19,SEM DADOS PARA VALIDAR,sem problema no CFTV antes da manutenção (não há o que validar),NÃO,SIM,,,,,,,,,,,,,,,,,"Antes: último registro em 18/09 — VERDE. Todas as câmeras ONLINE sem erro.
Manutenção em 19/09 às 03:49 — técnico Anderson Silva. Anomalias: nenhuma anomalia marcada.
Não há registro CFTV no dia da manutenção (19/09).
Depois: 21/09 VERDE, 22/09 VERDE, 23/09 VERDE, 24/09 VERDE.
Veículo já estava normal antes da manutenção.
Continuou normal em todos os registros posteriores disponíveis.
Resultado: SEM DADOS PARA VALIDAR — sem problema no CFTV antes da manutenção (não há o que validar)."
52119_2026-09-19,52119,2026-09-19,SEM DADOS PARA VALIDAR,sem problema no CFTV antes da manutenção (não há o que validar),NÃO,SIM,,,,,,,,,,,,,,,,,"Antes: último registro em 18/09 — VERDE. Todas as câmeras ONLINE sem erro.
Manutenção em 19/09 às 01:35 — técnico Anderson Silva. Anomalias: nenhuma anomalia marcada.
Não há registro CFTV no dia da manutenção (19/09).
Depois: 21/09 VERDE, 22/09 VERDE, 23/09 VERDE, 24/09 VERDE.
Veículo já estava normal antes da manutenção.
Continuou normal em todos os registros posteriores disponíveis.
Resultado: SEM DADOS PARA VALIDAR — sem problema no CFTV antes da manutenção (não há o que validar)."
52904_2026-09-19,52904,2026-09-19,NÃO RESOLVIDO,o problema original permaneceu em todos os registros posteriores,NÃO,NÃO,CORREDOR 4 (câm 26),,2026-09-01,12.0,18.0,NÃO,,,,,,,,,,,"Antes: último registro em 18/09 — VERMELHO. Problema: CORREDOR 4 (câm 26) OFFLINE.
O problema aparece desde 01/09 (já existia no primeiro registro disponível): 12 registro(s) com problema, 18 dia(s) corrido(s) até 18/09.
Manutenção em 19/09 às 01:26 — técnico Anderson Silva. Anomalias: nenhuma anomalia marcada.
Não há registro CFTV no dia da manutenção (19/09).
Depois: 21/09 VERMELHO, 22/09 VERMELHO, 23/09 VERMELHO, 24/09 VERMELHO.
Continuou com problema: CORREDOR 4 (câm 26).
Resultado: NÃO RESOLVIDO — o problema original permaneceu em todos os registros posteriores."
52906_2026-09-19,52906,2026-09-19,SEM DADOS PARA VALIDAR,sem problema no CFTV antes da manutenção (não há o que validar),NÃO,SIM,,,,,,,,,,,,,,,,,"Antes: último registro em 18/09 — VERDE. Todas as câmeras ONLINE sem erro.
Manutenção em 19/09 às 01:30 — técnico Anderson Silva. Anomalias: nenhuma anomalia marcada.
Não há registro CFTV no dia da manutenção (19/09).
Depois: 21/09 VERDE, 22/09 VERDE, 23/09 VERDE, 24/09 VERDE.
Veículo já estava normal antes da manutenção.
Continuou normal em todos os registros posteriores disponíveis.
Resultado: SEM DADOS PARA VALIDAR — sem problema no CFTV antes da manutenção (não há o que validar)."
61273_2026-09-19,61273,2026-09-19,SEM DADOS PARA VALIDAR,sem problema no CFTV antes da manutenção (não há o que validar),SIM,SIM,,CORREDOR 1 (câm 23),,,,,,,,,,,,,,,"Antes: último registro em 18/09 — VERDE. Todas as câmeras ONLINE sem erro.
Manutenção em 19/09 às 00:36 — técnico Jonathan Gonçalves. Anomalias: CORREDOR 1 (câm 23): Sem gravação de imagens, Câmera com infiltração.
Não há registro CFTV no dia da manutenção (19/09).
Depois: 21/09 VERDE, 22/09 VERDE, 23/09 VERDE, 24/09 VERDE.
Veículo já estava normal antes da manutenção.
Continuou normal em todos os registros posteriores disponíveis.
Pendência registrada pelo técnico: Necessário a substituição.
Resultado: SEM DADOS PARA VALIDAR — sem problema no CFTV antes da manutenção (não há o que validar)."
61282_2026-09-19,61282,2026-09-19,NÃO RESOLVIDO,o problema original permaneceu em todos os registros posteriores,SIM,NÃO,CORREDOR 1 (câm 23),CORREDOR 1 (câm 23),2026-09-01,12.0,18.0,NÃO,,,,,,,,,,,"Antes: último registro em 18/09 — LARANJA. Problema: CORREDOR 1 (câm 23) ONLINE COM ERRO (SD: error, Gravação: error).
O problema aparece desde 01/09 (já existia no primeiro registro disponível): 12 registro(s) com problema, 18 dia(s) corrido(s) até 18/09.
Manutenção em 19/09 às 00:18 — técnico Jonathan Gonçalves. Anomalias: CORREDOR 1 (câm 23): Sem gravação de imagens, Câmera sem cartão de memória, Câmera com infiltração.
Não há registro CFTV no dia da manutenção (19/09).
Depois: 21/09 LARANJA, 22/09 LARANJA, 23/09 LARANJA, 24/09 LARANJA.
Continuou com problema: CORREDOR 1 (câm 23).
Pendência registrada pelo técnico: Slot de cartão da câmera 23 não está funcionando, coloquei um novo cartão sd e não reconhece, necessário a substituição da câmera.
Resultado: NÃO RESOLVIDO — o problema original permaneceu em todos os registros posteriores."
61587_2026-09-19,61587,2026-09-19,SEM DADOS PARA VALIDAR,sem problema no CFTV antes da manutenção (não há o que validar),NÃO,SIM,,FRONTAL (câm 21),,,,,,,,,,,,,,,"Antes: último registro em 18/09 — VERDE. Todas as câmeras ONLINE sem erro.
Manutenção em 19/09 às 00:02 — técnico Jonathan Gonçalves. Anomalias: FRONTAL (câm 21): Câmera mal reposicionada.
Não há registro CFTV no dia da manutenção (19/09).
Depois: 21/09 VERDE, 22/09 VERDE, 23/09 VERDE, 24/09 VERDE.
Veículo já estava normal antes da manutenção.
Continuou normal em todos os registros posteriores disponíveis.
Resultado: SEM DADOS PARA VALIDAR — sem problema no CFTV antes da manutenção (não há o que validar)."
61766_2026-09-20,61766,2026-09-20,RESOLVIDO,o problema original desapareceu e não voltou nos registros posteriores,NÃO,NÃO,CORREDOR 4 (câm 26),CORREDOR 4 (câm 26),2026-09-08,8.0,11.0,SIM,2026-09-22,2.0,2.0,3.0,3.0,NÃO,,,2026-09-21,FRONTAL (câm 21) OFFLINE; FRENTE (câm 22) OFFLINE; CORREDOR 1 (câm 23) OFFLINE; CORREDOR 2 (câm 24) OFFLINE; CORREDOR 3 (câm 25) OFFLINE,"Antes: último registro em 18/09 — VERMELHO. Problema: CORREDOR 4 (câm 26) OFFLINE.
O problema aparece desde 08/09: 8 registro(s) com problema, 11 dia(s) corrido(s) até 18/09.
Manutenção em 20/09 às 22:01 — técnico Jonathan Gonçalves. Anomalias: CORREDOR 4 (câm 26): Cabeamento rompido/danificado.
Não há registro CFTV no dia da manutenção (20/09).
Depois: 21/09 VERMELHO, 22/09 VERDE, 23/09 VERDE, 24/09 VERDE.
Normalizou no 2º registro após a manutenção (22/09), 2 dia(s) corrido(s) depois.
Permaneceu normal por 3 registro(s) (3 dia(s) corrido(s)) até o último registro disponível (24/09).
Problema original normalizado. Novo problema identificado em outra câmera em 21/09: FRONTAL (câm 21) OFFLINE; FRENTE (câm 22) OFFLINE; CORREDOR 1 (câm 23) OFFLINE; CORREDOR 2 (câm 24) OFFLINE; CORREDOR 3 (câm 25) OFFLINE (não é recorrência).
Resultado: RESOLVIDO — o problema original desapareceu e não voltou nos registros posteriores."
31003_2026-09-21,31003,2026-09-21,SEM DADOS PARA VALIDAR,sem problema no CFTV antes da manutenção (não há o que validar),NÃO,SIM,,"FRONTAL (câm 21), FRENTE (câm 22), CORREDOR 1 (câm 23)",,,,,,,,,,,,,,,"Antes: último registro em 18/09 — VERDE. Todas as câmeras ONLINE sem erro.
Manutenção em 21/09 às 14:56 — técnico Luiz Rodrigo. Anomalias: FRENTE (câm 22): Sem gravação de imagens; CORREDOR 1 (câm 23): Sem gravação de imagens.
No dia da manutenção (21/09) o CFTV mostrava VERDE (registro exibido à parte: não conta como antes nem depois).
Depois: 22/09 VERDE, 23/09 VERDE, 24/09 VERDE.
Veículo já estava normal antes da manutenção.
Continuou normal em todos os registros posteriores disponíveis.
Resultado: SEM DADOS PARA VALIDAR — sem problema no CFTV antes da manutenção (não há o que validar)."
31014_2026-09-21,31014,2026-09-21,SEM DADOS PARA VALIDAR,sem problema no CFTV antes da manutenção (não há o que validar),NÃO,SIM,,"FRONTAL (câm 21), FRENTE (câm 22), CORREDOR 1 (câm 23), CORREDOR 2 (câm 24), CORREDOR 3 (câm 25), CORREDOR 4 (câm 26)",,,,,,,,,,,,,,,"Antes: último registro em 18/09 — VERDE. Todas as câmeras ONLINE sem erro.
Manutenção em 21/09 às 08:28 — técnico Luiz Rodrigo. Anomalias: FRONTAL (câm 21): Câmera mal reposicionada; CORREDOR 1 (câm 23): Câmera mal reposicionada; CORREDOR 2 (câm 24): Câmera mal reposicionada.
No dia da manutenção (21/09) o CFTV mostrava VERMELHO (registro exibido à parte: não conta como antes nem depois).
Depois: 22/09 VERMELHO, 23/09 VERMELHO, 24/09 VERDE.
Veículo já estava normal antes da manutenção.
Surgiu problema depois, em 22/09: FRENTE (câm 22) OFFLINE.
Resultado: SEM DADOS PARA VALIDAR — sem problema no CFTV antes da manutenção (não há o que validar)."
31120_2026-09-21,31120,2026-09-21,RESOLVIDO,o problema original desapareceu e não voltou nos registros posteriores,NÃO,NÃO,CORREDOR 2 (câm 24),"FRONTAL (câm 21), FRENTE (câm 22), CORREDOR 1 (câm 23), CORREDOR 2 (câm 24), CORREDOR 3 (câm 25), CORREDOR 4 (câm 26)",2026-09-11,5.0,8.0,SIM,2026-09-23,2.0,2.0,2.0,2.0,NÃO,,,,,"Antes: último registro em 18/09 — VERMELHO. Problema: CORREDOR 2 (câm 24) OFFLINE.
O problema aparece desde 11/09: 5 registro(s) com problema, 8 dia(s) corrido(s) até 18/09.
Manutenção em 21/09 às 23:09 — técnico Joel. Anomalias: FRONTAL (câm 21): Configuração incorreta da câmera; FRENTE (câm 22): Configuração incorreta da câmera; CORREDOR 1 (câm 23): Configuração incorreta da câmera; CORREDOR 2 (câm 24): Configuração incorreta da câmera; CORREDOR 3 (câm 25): Configuração incorreta da câmera; CORREDOR 4 (câm 26): Configuração incorreta da câmera.
No dia da manutenção (21/09) o CFTV mostrava VERMELHO (registro exibido à parte: não conta como antes nem depois).
Depois: 22/09 VERMELHO, 23/09 VERDE, 24/09 VERDE.
Normalizou no 2º registro após a manutenção (23/09), 2 dia(s) corrido(s) depois.
Permaneceu normal por 2 registro(s) (2 dia(s) corrido(s)) até o último registro disponível (24/09).
Resultado: RESOLVIDO — o problema original desapareceu e não voltou nos registros posteriores."
31245_2026-09-21,31245,2026-09-21,NÃO RESOLVIDO,o problema original permaneceu em todos os registros posteriores,NÃO,NÃO,"FRONTAL (câm 21), FRENTE (câm 22), CORREDOR 1 (câm 23), CORREDOR 2 (câm 24), CORREDOR 3 (câm 25), CORREDOR 4 (câm 26)","FRONTAL (câm 21), FRENTE (câm 22), CORREDOR 1 (câm 23), CORREDOR 2 (câm 24), CORREDOR 3 (câm 25), CORREDOR 4 (câm 26)",2026-09-01,12.0,18.0,NÃO,,,,,,,,,,,"Antes: último registro em 18/09 — VERMELHO. Problema: FRONTAL (câm 21) OFFLINE; FRENTE (câm 22) OFFLINE; CORREDOR 1 (câm 23) OFFLINE; CORREDOR 2 (câm 24) OFFLINE; CORREDOR 3 (câm 25) OFFLINE; CORREDOR 4 (câm 26) OFFLINE.
O problema aparece desde 01/09 (já existia no primeiro registro disponível): 12 registro(s) com problema, 18 dia(s) corrido(s) até 18/09.
Manutenção em 21/09 às 09:55 — técnico Luiz Rodrigo. Anomalias: FRONTAL (câm 21): Câmera com infiltração; FRENTE (câm 22): Switch apresentando falha, Câmera inoperante; CORREDOR 1 (câm 23): Switch apresentando falha, Câmera inoperante; CORREDOR 2 (câm 24): Sem gravação de imagens; CORREDOR 3 (câm 25): Sem gravação de imagens; CORREDOR 4 (câm 26): Sem gravação de imagens.
No dia da manutenção (21/09) o CFTV mostrava VERMELHO (registro exibido à parte: não conta como antes nem depois).
Depois: 22/09 VERMELHO, 23/09 VERMELHO, 24/09 VERMELHO.
Continuou com problema: FRONTAL (câm 21), FRENTE (câm 22), CORREDOR 1 (câm 23), CORREDOR 2 (câm 24), CORREDOR 3 (câm 25), CORREDOR 4 (câm 26).
Resultado: NÃO RESOLVIDO — o problema original permaneceu em todos os registros posteriores."
31667_2026-09-21,31667,2026-09-21,SEM DADOS PARA VALIDAR,sem problema no CFTV antes da manutenção (não há o que validar),NÃO,SIM,,"FRONTAL (câm 21), FRENTE (câm 22), CORREDOR 1 (câm 23)",,,,,,,,,,,,,,,"Antes: último registro em 18/09 — VERDE. Todas as câmeras ONLINE sem erro.
Manutenção em 21/09 às 13:05 — técnico Luiz Rodrigo. Anomalias: FRENTE (câm 22): Câmera mal reposicionada.
No dia da manutenção (21/09) o CFTV mostrava VERDE (registro exibido à parte: não conta como antes nem depois).
Depois: 22/09 VERDE, 23/09 VERDE, 24/09 VERDE.
Veículo já estava normal antes da manutenção.
Continuou normal em todos os registros posteriores disponíveis.
Resultado: SEM DADOS PARA VALIDAR — sem problema no CFTV antes da manutenção (não há o que validar)."
31673_2026-09-21,31673,2026-09-21,SEM DADOS PARA VALIDAR,sem problema no CFTV antes da manutenção (não há o que validar),NÃO,SIM,,"FRONTAL (câm 21), FRENTE (câm 22), CORREDOR 1 (câm 23)",,,,,,,,,,,,,,,"Antes: último registro em 18/09 — VERDE. Todas as câmeras ONLINE sem erro.
Manutenção em 21/09 às 11:43 — técnico Luiz Rodrigo. Anomalias: FRONTAL (câm 21): Sem gravação de imagens, Câmera mal reposicionada; FRENTE (câm 22): Sem gravação de imagens, Configuração incorreta da câmera; CORREDOR 1 (câm 23): Sem gravação de imagens, Configuração incorreta da câmera.
No dia da manutenção (21/09) o CFTV mostrava VERDE (registro exibido à parte: não conta como antes nem depois).
Depois: 22/09 VERDE, 23/09 VERDE, 24/09 VERDE.
Veículo já estava normal antes da manutenção.
Continuou normal em todos os registros posteriores disponíveis.
Resultado: SEM DADOS PARA VALIDAR — sem problema no CFTV antes da manutenção (não há o que validar)."
31859_2026-09-21,31859,2026-09-21,SEM DADOS PARA VALIDAR,sem problema no CFTV antes da manutenção (não há o que validar),NÃO,SIM,,"FRONTAL (câm 21), FRENTE (câm 22), CORREDOR 1 (câm 23), CORREDOR 2 (câm 24), CORREDOR 3 (câm 25), CORREDOR 4 (câm 26)",,,,,,,,,,,,,,,"Antes: último registro em 18/09 — VERDE. Todas as câmeras ONLINE sem erro.
Manutenção em 21/09 às 12:42 — técnico Luiz Rodrigo. Anomalias: FRONTAL (câm 21): Sem gravação de imagens; CORREDOR 2 (câm 24): Sem gravação de imagens; CORREDOR 3 (câm 25): Sem gravação de imagens; CORREDOR 4 (câm 26): Sem gravação de imagens.
No dia da manutenção (21/09) o CFTV mostrava VERDE (registro exibido à parte: não conta como antes nem depois).
Depois: 22/09 VERDE, 23/09 VERDE, 24/09 VERDE.
Veículo já estava normal antes da manutenção.
Continuou normal em todos os registros posteriores disponíveis.
Resultado: SEM DADOS PARA VALIDAR — sem problema no CFTV antes da manutenção (não há o que validar)."
52059_2026-09-21,52059,2026-09-21,SEM DADOS PARA VALIDAR,sem problema no CFTV antes da manutenção (não há o que validar),NÃO,SIM,,,,,,,,,,,,,,,,,"Antes: último registro em 18/09 — VERDE. Todas as câmeras ONLINE sem erro.
Manutenção em 21/09 às 22:17 — técnico Anderson Silva. Anomalias: nenhuma anomalia marcada.
No dia da manutenção (21/09) o CFTV mostrava VERDE (registro exibido à parte: não conta como antes nem depois).
Depois: 22/09 VERDE, 23/09 VERDE, 24/09 VERDE.
Veículo já estava normal antes da manutenção.
Continuou normal em todos os registros posteriores disponíveis.
Resultado: SEM DADOS PARA VALIDAR — sem problema no CFTV antes da manutenção (não há o que validar)."
52133_2026-09-21,52133,2026-09-21,NÃO RESOLVIDO,o problema original permaneceu em todos os registros posteriores,SIM,NÃO,CORREDOR 4 (câm 26),CORREDOR 4 (câm 26),2026-09-01,12.0,18.0,NÃO,,,,,,,,,,,"Antes: último registro em 18/09 — LARANJA. Problema: CORREDOR 4 (câm 26) ONLINE COM ERRO (SD: error, Gravação: error).
O problema aparece desde 01/09 (já existia no primeiro registro disponível): 12 registro(s) com problema, 18 dia(s) corrido(s) até 18/09.
Manutenção em 21/09 às 22:59 — técnico Gustavo Nunes. Anomalias: nenhuma anomalia marcada.
No dia da manutenção (21/09) o CFTV mostrava LARANJA (registro exibido à parte: não conta como antes nem depois).
Depois: 22/09 VERMELHO, 23/09 VERMELHO, 24/09 VERMELHO.
Continuou com problema: CORREDOR 4 (câm 26).
Pendência registrada pelo técnico: PENDENTE | Necessário trocar SD câmera 26, necessário reposição de cartões
Resultado: NÃO RESOLVIDO — o problema original permaneceu em todos os registros posteriores."
52734_2026-09-21,52734,2026-09-21,SEM DADOS PARA VALIDAR,sem registro CFTV posterior à manutenção,SIM,NÃO,"CORREDOR 2 (câm 24), CORREDOR 4 (câm 26)","FRONTAL (câm 21), FRENTE (câm 22), CORREDOR 1 (câm 23), CORREDOR 2 (câm 24), CORREDOR 3 (câm 25), CORREDOR 4 (câm 26)",2026-09-01,12.0,18.0,,,,,,,,,,,,"Antes: último registro em 18/09 — LARANJA. Problema: CORREDOR 2 (câm 24) ONLINE COM ERRO (SD: error, Gravação: error); CORREDOR 4 (câm 26) ONLINE COM ERRO (SD: error, Gravação: error).
O problema aparece desde 01/09 (já existia no primeiro registro disponível): 12 registro(s) com problema, 18 dia(s) corrido(s) até 18/09.
Manutenção em 21/09 às 23:44 — técnico Anderson Silva. Anomalias: FRONTAL (câm 21): Sem gravação de imagens, Configuração incorreta da câmera; FRENTE (câm 22): Sem gravação de imagens, Configuração incorreta da câmera; CORREDOR 1 (câm 23): Sem gravação de imagens, Configuração incorreta da câmera; CORREDOR 2 (câm 24): Sem gravação de imagens, Configuração incorreta da câmera; CORREDOR 3 (câm 25): Sem gravação de imagens, Configuração incorreta da câmera; CORREDOR 4 (câm 26): Sem gravação de imagens, Configuração incorreta da câmera.
No dia da manutenção (21/09) o CFTV mostrava LARANJA (registro exibido à parte: não conta como antes nem depois).
Pendência registrada pelo técnico: É necessário trocar o cartão SD da câmera 26
Resultado: SEM DADOS PARA VALIDAR — sem registro CFTV posterior à manutenção."
52744_2026-09-21,52744,2026-09-21,SEM DADOS PARA VALIDAR,sem problema no CFTV antes da manutenção (não há o que validar),NÃO,SIM,,,,,,,,,,,,,,,,,"Antes: último registro em 18/09 — VERDE. Todas as câmeras ONLINE sem erro.
Manutenção em 21/09 às 22:23 — técnico Anderson Silva. Anomalias: nenhuma anomalia marcada.
No dia da manutenção (21/09) o CFTV mostrava VERDE (registro exibido à parte: não conta como antes nem depois).
Depois: 22/09 VERDE, 23/09 VERDE, 24/09 VERDE.
Veículo já estava normal antes da manutenção.
Continuou normal em todos os registros posteriores disponíveis.
Resultado: SEM DADOS PARA VALIDAR — sem problema no CFTV antes da manutenção (não há o que validar)."
52763_2026-09-21,52763,2026-09-21,SEM DADOS PARA VALIDAR,sem registro CFTV posterior à manutenção,NÃO,NÃO,CORREDOR 4 (câm 26),,2026-09-01,12.0,18.0,,,,,,,,,,,,"Antes: último registro em 18/09 — LARANJA. Problema: CORREDOR 4 (câm 26) ONLINE COM ERRO (SD: error, Gravação: error).
O problema aparece desde 01/09 (já existia no primeiro registro disponível): 12 registro(s) com problema, 18 dia(s) corrido(s) até 18/09.
Manutenção em 21/09 às 22:20 — técnico Anderson Silva. Anomalias: nenhuma anomalia marcada.
No dia da manutenção (21/09) o CFTV mostrava LARANJA (registro exibido à parte: não conta como antes nem depois).
Resultado: SEM DADOS PARA VALIDAR — sem registro CFTV posterior à manutenção."
61070_2026-09-21,61070,2026-09-21,NÃO RESOLVIDO,o problema original permaneceu em todos os registros posteriores,NÃO,NÃO,CORREDOR 4 (câm 26),CORREDOR 4 (câm 26),2026-09-08,8.0,11.0,NÃO,,,,,,,,,,,"Antes: último registro em 18/09 — VERMELHO. Problema: CORREDOR 4 (câm 26) OFFLINE.
O problema aparece desde 08/09: 8 registro(s) com problema, 11 dia(s) corrido(s) até 18/09.
Manutenção em 21/09 às 02:32 — técnico Jonathan Gonçalves. Anomalias: CORREDOR 4 (câm 26): Cabeamento rompido/danificado.
No dia da manutenção (21/09) o CFTV mostrava VERMELHO (registro exibido à parte: não conta como antes nem depois).
Depois: 22/09 VERMELHO, 23/09 VERMELHO, 24/09 VERMELHO.
Continuou com problema: CORREDOR 4 (câm 26).
Resultado: NÃO RESOLVIDO — o problema original permaneceu em todos os registros posteriores."
61284_2026-09-21,61284,2026-09-21,SEM DADOS PARA VALIDAR,sem problema no CFTV antes da manutenção (não há o que validar),NÃO,SIM,,FRONTAL (câm 21),,,,,,,,,,,,,,,"Antes: último registro em 18/09 — VERDE. Todas as câmeras ONLINE sem erro.
Manutenção em 21/09 às 21:59 — técnico Jonathan Gonçalves. Anomalias: FRONTAL (câm 21): Câmera mal reposicionada.
No dia da manutenção (21/09) o CFTV mostrava VERDE (registro exibido à parte: não conta como antes nem depois).
Depois: 22/09 VERDE, 23/09 VERDE, 24/09 VERDE.
Veículo já estava normal antes da manutenção.
Continuou normal em todos os registros posteriores disponíveis.
Resultado: SEM DADOS PARA VALIDAR — sem problema no CFTV antes da manutenção (não há o que validar)."
61295_2026-09-21,61295,2026-09-21,SEM DADOS PARA VALIDAR,sem problema no CFTV antes da manutenção (não há o que validar),NÃO,SIM,,CORREDOR 1 (câm 23),,,,,,,,,,,,,,,"Antes: último registro em 18/09 — VERDE. Todas as câmeras ONLINE sem erro.
Manutenção em 21/09 às 22:15 — técnico Jonathan Gonçalves. Anomalias: CORREDOR 1 (câm 23): Câmera mal reposicionada.
No dia da manutenção (21/09) o CFTV mostrava VERDE (registro exibido à parte: não conta como antes nem depois).
Depois: 22/09 VERDE, 23/09 VERDE, 24/09 VERDE.
Veículo já estava normal antes da manutenção.
Continuou normal em todos os registros posteriores disponíveis.
Resultado: SEM DADOS PARA VALIDAR — sem problema no CFTV antes da manutenção (não há o que validar)."
61311_2026-09-21,61311,2026-09-21,SEM DADOS PARA VALIDAR,sem problema no CFTV antes da manutenção (não há o que validar),NÃO,SIM,,CORREDOR 1 (câm 23),,,,,,,,,,,,,,,"Antes: último registro em 18/09 — VERDE. Todas as câmeras ONLINE sem erro.
Manutenção em 21/09 às 01:26 — técnico Jonathan Gonçalves. Anomalias: nenhuma anomalia marcada.
No dia da manutenção (21/09) o CFTV mostrava VERMELHO (registro exibido à parte: não conta como antes nem depois).
Depois: 22/09 VERMELHO, 23/09 VERMELHO, 24/09 VERDE.
Veículo já estava normal antes da manutenção.
Surgiu problema depois, em 22/09: FRONTAL (câm 21) OFFLINE; CORREDOR 3 (câm 25) OFFLINE; CORREDOR 4 (câm 26) OFFLINE.
Resultado: SEM DADOS PARA VALIDAR — sem problema no CFTV antes da manutenção (não há o que validar)."
61589_2026-09-21,61589,2026-09-21,NÃO RESOLVIDO,o problema original permaneceu em todos os registros posteriores,NÃO,NÃO,FRONTAL (câm 21),FRENTE (câm 22),2026-09-17,2.0,2.0,NÃO,,,,,,,,,2026-09-22,CORREDOR 2 (câm 24) OFFLINE,"Antes: último registro em 18/09 — LARANJA. Problema: FRONTAL (câm 21) ONLINE COM ERRO (SD: error, Gravação: error).
O problema aparece desde 17/09: 2 registro(s) com problema, 2 dia(s) corrido(s) até 18/09.
Manutenção em 21/09 às 23:31 — técnico Jonathan Gonçalves. Anomalias: FRENTE (câm 22): Câmera mal reposicionada.
No dia da manutenção (21/09) o CFTV mostrava LARANJA (registro exibido à parte: não conta como antes nem depois).
Depois: 22/09 VERMELHO, 23/09 LARANJA, 24/09 LARANJA.
Continuou com problema: FRONTAL (câm 21).
Novo problema identificado em outra câmera em 22/09: CORREDOR 2 (câm 24) OFFLINE (não é recorrência).
Resultado: NÃO RESOLVIDO — o problema original permaneceu em todos os registros posteriores."
61793_2026-09-21,61793,2026-09-21,PARCIALMENTE RESOLVIDO,parte das câmeras com problema normalizou e parte não,SIM,NÃO,"FRONTAL (câm 21), FRENTE (câm 22), CORREDOR 1 (câm 23), CORREDOR 2 (câm 24), CORREDOR 3 (câm 25), CORREDOR 4 (câm 26)","FRENTE (câm 22), CORREDOR 1 (câm 23), CORREDOR 4 (câm 26)",2026-09-01,12.0,18.0,NÃO,,,,,,,,,,,"Antes: último registro em 18/09 — VERMELHO. Problema: FRONTAL (câm 21) OFFLINE; FRENTE (câm 22) OFFLINE; CORREDOR 1 (câm 23) OFFLINE; CORREDOR 2 (câm 24) OFFLINE; CORREDOR 3 (câm 25) OFFLINE; CORREDOR 4 (câm 26) OFFLINE.
O problema aparece desde 01/09 (já existia no primeiro registro disponível): 12 registro(s) com problema, 18 dia(s) corrido(s) até 18/09.
Manutenção em 21/09 às 00:49 — técnico Jonathan Gonçalves. Anomalias: FRENTE (câm 22): Conexões do switch incorretas; CORREDOR 1 (câm 23): Câmera inoperante, Câmera com infiltração; CORREDOR 4 (câm 26): Conexões do switch incorretas.
No dia da manutenção (21/09) o CFTV mostrava VERMELHO (registro exibido à parte: não conta como antes nem depois).
Depois: 22/09 VERMELHO, 23/09 VERMELHO, 24/09 VERMELHO.
Normalizou só em parte: FRONTAL (câm 21) normalizou em 23/09; FRENTE (câm 22) normalizou em 23/09; CORREDOR 2 (câm 24) normalizou em 23/09; CORREDOR 3 (câm 25) normalizou em 23/09.
Continuou com problema: CORREDOR 1 (câm 23), CORREDOR 4 (câm 26).
Pendência registrada pelo técnico: Necessário a substituição da câmera 23, com o filtração.
Resultado: PARCIALMENTE RESOLVIDO — parte das câmeras com problema normalizou e parte não."
11072_2026-09-22,11072,2026-09-22,RESOLVIDO,o problema original desapareceu e não voltou nos registros posteriores,NÃO,NÃO,"FRONTAL (câm 21), FRENTE (câm 22), CORREDOR 1 (câm 23), CORREDOR 2 (câm 24), CORREDOR 3 (câm 25), CORREDOR 4 (câm 26)","FRONTAL (câm 21), FRENTE (câm 22), CORREDOR 1 (câm 23), CORREDOR 2 (câm 24), CORREDOR 3 (câm 25), CORREDOR 4 (câm 26)",2026-09-01,12.0,21.0,SIM,2026-09-23,1.0,1.0,2.0,2.0,NÃO,,,,,"Antes: último registro em 21/09 — VERMELHO. Problema: FRONTAL (câm 21) OFFLINE; FRENTE (câm 22) OFFLINE; CORREDOR 1 (câm 23) OFFLINE; CORREDOR 2 (câm 24) OFFLINE; CORREDOR 3 (câm 25) OFFLINE; CORREDOR 4 (câm 26) OFFLINE.
O problema aparece desde 01/09 (já existia no primeiro registro disponível): 12 registro(s) com problema, 21 dia(s) corrido(s) até 21/09.
Manutenção em 22/09 às 02:52 — técnico Leandro Resende. Anomalias: FRONTAL (câm 21): Câmera inoperante, Câmera mal reposicionada; FRENTE (câm 22): Câmera inoperante, Sem gravação de imagens; CORREDOR 1 (câm 23): Câmera inoperante, Sem gravação de imagens; CORREDOR 2 (câm 24): Câmera inoperante; CORREDOR 3 (câm 25): Câmera inoperante, Sem gravação de imagens; CORREDOR 4 (câm 26): Câmera inoperante, Sem gravação de imagens.
No dia da manutenção (22/09) o CFTV mostrava VERDE (registro exibido à parte: não conta como antes nem depois).
Depois: 23/09 VERDE, 24/09 VERDE.
Normalizou no 1º registro após a manutenção (23/09), 1 dia(s) corrido(s) depois.
Permaneceu normal por 2 registro(s) (2 dia(s) corrido(s)) até o último registro disponível (24/09).
Resultado: RESOLVIDO — o problema original desapareceu e não voltou nos registros posteriores."
11796_2026-09-22,11796,2026-09-22,RESOLVIDO,o problema original desapareceu e não voltou nos registros posteriores,NÃO,NÃO,"FRONTAL (câm 21), FRENTE (câm 22), CORREDOR 1 (câm 23)","FRONTAL (câm 21), FRENTE (câm 22), CORREDOR 1 (câm 23)",2026-09-01,12.0,21.0,SIM,2026-09-23,1.0,1.0,2.0,2.0,NÃO,,,,,"Antes: último registro em 21/09 — VERMELHO. Problema: FRONTAL (câm 21) OFFLINE; FRENTE (câm 22) OFFLINE; CORREDOR 1 (câm 23) OFFLINE.
O problema aparece desde 01/09 (já existia no primeiro registro disponível): 12 registro(s) com problema, 21 dia(s) corrido(s) até 21/09.
Manutenção em 22/09 às 03:42 — técnico Leandro Resende. Anomalias: FRONTAL (câm 21): Switch apresentando falha; FRENTE (câm 22): Switch apresentando falha; CORREDOR 1 (câm 23): Switch apresentando falha.
No dia da manutenção (22/09) o CFTV mostrava VERDE (registro exibido à parte: não conta como antes nem depois).
Depois: 23/09 VERDE, 24/09 VERDE.
Normalizou no 1º registro após a manutenção (23/09), 1 dia(s) corrido(s) depois.
Permaneceu normal por 2 registro(s) (2 dia(s) corrido(s)) até o último registro disponível (24/09).
Resultado: RESOLVIDO — o problema original desapareceu e não voltou nos registros posteriores."
31157_2026-09-22,31157,2026-09-22,RESOLVIDO,o problema original desapareceu e não voltou nos registros posteriores,SIM,NÃO,FRENTE (câm 22),"FRONTAL (câm 21), FRENTE (câm 22), CORREDOR 1 (câm 23), CORREDOR 2 (câm 24), CORREDOR 3 (câm 25), CORREDOR 4 (câm 26)",2026-09-03,11.0,19.0,SIM,2026-09-23,1.0,1.0,2.0,2.0,NÃO,,,,,"Antes: último registro em 21/09 — VERMELHO. Problema: FRENTE (câm 22) OFFLINE.
O problema aparece desde 03/09: 11 registro(s) com problema, 19 dia(s) corrido(s) até 21/09.
Manutenção em 22/09 às 02:58 — técnico Joel. Anomalias: FRONTAL (câm 21): Sem gravação de imagens, RJ45 crimpado incorretamente, Configuração incorreta da câmera; FRENTE (câm 22): Sem gravação de imagens, Configuração incorreta da câmera; CORREDOR 1 (câm 23): Sem gravação de imagens, Configuração incorreta da câmera.
No dia da manutenção (22/09) o CFTV mostrava VERDE (registro exibido à parte: não conta como antes nem depois).
Depois: 23/09 VERDE, 24/09 VERDE.
Normalizou no 1º registro após a manutenção (23/09), 1 dia(s) corrido(s) depois.
Permaneceu normal por 2 registro(s) (2 dia(s) corrido(s)) até o último registro disponível (24/09).
Pendência registrada pelo técnico: Não foi possível acessar as condições, porém as câmeras seguem gravando e operando normalmente
Resultado: RESOLVIDO — o problema original desapareceu e não voltou nos registros posteriores."
31260_2026-09-22,31260,2026-09-22,RESOLVIDO,o problema original desapareceu e não voltou nos registros posteriores,NÃO,NÃO,"FRONTAL (câm 21), FRENTE (câm 22), CORREDOR 1 (câm 23), CORREDOR 2 (câm 24), CORREDOR 3 (câm 25), CORREDOR 4 (câm 26)","FRONTAL (câm 21), FRENTE (câm 22), CORREDOR 1 (câm 23), CORREDOR 2 (câm 24), CORREDOR 3 (câm 25), CORREDOR 4 (câm 26)",2026-09-01,13.0,21.0,SIM,2026-09-23,1.0,1.0,2.0,2.0,NÃO,,,,,"Antes: último registro em 21/09 — VERMELHO. Problema: FRONTAL (câm 21) OFFLINE; FRENTE (câm 22) OFFLINE; CORREDOR 1 (câm 23) OFFLINE; CORREDOR 2 (câm 24) OFFLINE; CORREDOR 3 (câm 25) OFFLINE; CORREDOR 4 (câm 26) OFFLINE.
O problema aparece desde 01/09 (já existia no primeiro registro disponível): 13 registro(s) com problema, 21 dia(s) corrido(s) até 21/09.
Manutenção em 22/09 às 22:31 — técnico Rafael Diniz. Anomalias: FRONTAL (câm 21): Sem gravação de imagens, RJ45 crimpado incorretamente, Conexões do switch incorretas; FRENTE (câm 22): Sem gravação de imagens, RJ45 crimpado incorretamente, Conexões do switch incorretas; CORREDOR 1 (câm 23): Sem gravação de imagens, RJ45 crimpado incorretamente, Conexões do switch incorretas; CORREDOR 2 (câm 24): Sem gravação de imagens, RJ45 crimpado incorretamente, Conexões do switch incorretas; CORREDOR 3 (câm 25): Sem gravação de imagens, RJ45 crimpado incorretamente, Conexões do switch incorretas; CORREDOR 4 (câm 26): Sem gravação de imagens, RJ45 crimpado incorretamente, Conexões do switch incorretas.
No dia da manutenção (22/09) o CFTV mostrava VERMELHO (registro exibido à parte: não conta como antes nem depois).
Depois: 23/09 VERDE, 24/09 VERDE.
Normalizou no 1º registro após a manutenção (23/09), 1 dia(s) corrido(s) depois.
Permaneceu normal por 2 registro(s) (2 dia(s) corrido(s)) até o último registro disponível (24/09).
Resultado: RESOLVIDO — o problema original desapareceu e não voltou nos registros posteriores."
31656_2026-09-22,31656,2026-09-22,SEM DADOS PARA VALIDAR,sem problema no CFTV antes da manutenção (não há o que validar),NÃO,SIM,,"FRONTAL (câm 21), FRENTE (câm 22), CORREDOR 1 (câm 23)",,,,,,,,,,,,,,,"Antes: último registro em 21/09 — VERDE. Todas as câmeras ONLINE sem erro.
Manutenção em 22/09 às 23:31 — técnico Gesnei souza. Anomalias: FRONTAL (câm 21): Sem gravação de imagens; FRENTE (câm 22): Sem gravação de imagens; CORREDOR 1 (câm 23): Sem gravação de imagens.
No dia da manutenção (22/09) o CFTV mostrava LARANJA (registro exibido à parte: não conta como antes nem depois).
Depois: 23/09 VERMELHO, 24/09 VERDE.
Veículo já estava normal antes da manutenção.
Surgiu problema depois, em 23/09: CORREDOR 1 (câm 23) OFFLINE.
Resultado: SEM DADOS PARA VALIDAR — sem problema no CFTV antes da manutenção (não há o que validar)."
31787_2026-09-22,31787,2026-09-22,RESOLVIDO,o problema original desapareceu e não voltou nos registros posteriores,NÃO,NÃO,CORREDOR 1 (câm 23),"FRONTAL (câm 21), FRENTE (câm 22), CORREDOR 1 (câm 23)",2026-09-01,13.0,21.0,SIM,2026-09-23,1.0,1.0,2.0,2.0,NÃO,,,,,"Antes: último registro em 21/09 — LARANJA. Problema: CORREDOR 1 (câm 23) ONLINE COM ERRO (SD: error, Gravação: error).
O problema aparece desde 01/09 (já existia no primeiro registro disponível): 13 registro(s) com problema, 21 dia(s) corrido(s) até 21/09.
Manutenção em 22/09 às 00:38 — técnico Joel. Anomalias: FRONTAL (câm 21): Configuração incorreta da câmera; FRENTE (câm 22): Configuração incorreta da câmera; CORREDOR 1 (câm 23): Sem gravação de imagens, Configuração incorreta da câmera.
No dia da manutenção (22/09) o CFTV mostrava VERDE (registro exibido à parte: não conta como antes nem depois).
Depois: 23/09 VERDE, 24/09 VERDE.
Normalizou no 1º registro após a manutenção (23/09), 1 dia(s) corrido(s) depois.
Permaneceu normal por 2 registro(s) (2 dia(s) corrido(s)) até o último registro disponível (24/09).
Resultado: RESOLVIDO — o problema original desapareceu e não voltou nos registros posteriores."
31927_2026-09-22,31927,2026-09-22,NÃO RESOLVIDO,o problema original permaneceu em todos os registros posteriores,NÃO,NÃO,FRONTAL (câm 21),"FRONTAL (câm 21), FRENTE (câm 22), CORREDOR 1 (câm 23), CORREDOR 2 (câm 24), CORREDOR 3 (câm 25), CORREDOR 4 (câm 26)",2026-09-01,13.0,21.0,NÃO,,,,,,,,,2026-09-23,"CORREDOR 3 (câm 25) ONLINE COM ERRO (SD: error, Gravação: error); CORREDOR 4 (câm 26) ONLINE COM ERRO (SD: error, Gravação: error)","Antes: último registro em 21/09 — VERMELHO. Problema: FRONTAL (câm 21) OFFLINE.
O problema aparece desde 01/09 (já existia no primeiro registro disponível): 13 registro(s) com problema, 21 dia(s) corrido(s) até 21/09.
Manutenção em 22/09 às 04:26 — técnico Joel. Anomalias: FRONTAL (câm 21): Sem gravação de imagens, RJ45 crimpado incorretamente, Configuração incorreta da câmera; FRENTE (câm 22): Configuração incorreta da câmera; CORREDOR 1 (câm 23): Configuração incorreta da câmera; CORREDOR 2 (câm 24): Configuração incorreta da câmera; CORREDOR 3 (câm 25): Configuração incorreta da câmera; CORREDOR 4 (câm 26): Configuração incorreta da câmera.
No dia da manutenção (22/09) o CFTV mostrava LARANJA (registro exibido à parte: não conta como antes nem depois).
Depois: 23/09 LARANJA, 24/09 LARANJA.
Continuou com problema: FRONTAL (câm 21).
Novo problema identificado em outra câmera em 23/09: CORREDOR 3 (câm 25) ONLINE COM ERRO (SD: error, Gravação: error); CORREDOR 4 (câm 26) ONLINE COM ERRO (SD: error, Gravação: error) (não é recorrência).
Resultado: NÃO RESOLVIDO — o problema original permaneceu em todos os registros posteriores."
52782_2026-09-22,52782,2026-09-22,RESOLVIDO,o problema original desapareceu e não voltou nos registros posteriores,NÃO,NÃO,CORREDOR 3 (câm 25),CORREDOR 3 (câm 25),2026-09-01,13.0,21.0,SIM,2026-09-23,1.0,1.0,2.0,2.0,NÃO,,,,,"Antes: último registro em 21/09 — LARANJA. Problema: CORREDOR 3 (câm 25) ONLINE COM ERRO (SD: error, Gravação: error).
O problema aparece desde 01/09 (já existia no primeiro registro disponível): 13 registro(s) com problema, 21 dia(s) corrido(s) até 21/09.
Manutenção em 22/09 às 21:13 — técnico Gustavo Nunes. Anomalias: nenhuma anomalia marcada.
No dia da manutenção (22/09) o CFTV mostrava LARANJA (registro exibido à parte: não conta como antes nem depois).
Depois: 23/09 VERDE, 24/09 VERDE.
Normalizou no 1º registro após a manutenção (23/09), 1 dia(s) corrido(s) depois.
Permaneceu normal por 2 registro(s) (2 dia(s) corrido(s)) até o último registro disponível (24/09).
Resultado: RESOLVIDO — o problema original desapareceu e não voltou nos registros posteriores."
52943_2026-09-22,52943,2026-09-22,SEM DADOS PARA VALIDAR,sem problema no CFTV antes da manutenção (não há o que validar),NÃO,SIM,,,,,,,,,,,,,,,,,"Antes: último registro em 21/09 — VERDE. Todas as câmeras ONLINE sem erro.
Manutenção em 22/09 às 23:42 — técnico FELIX SECURITY GABRIEL. Anomalias: nenhuma anomalia marcada.
No dia da manutenção (22/09) o CFTV mostrava VERDE (registro exibido à parte: não conta como antes nem depois).
Depois: 23/09 VERDE, 24/09 VERDE.
Veículo já estava normal antes da manutenção.
Continuou normal em todos os registros posteriores disponíveis.
Resultado: SEM DADOS PARA VALIDAR — sem problema no CFTV antes da manutenção (não há o que validar)."
61454_2026-09-22,61454,2026-09-22,RESOLVIDO,o problema original desapareceu e não voltou nos registros posteriores,NÃO,NÃO,CORREDOR 1 (câm 23),CORREDOR 1 (câm 23),2026-09-01,13.0,21.0,SIM,2026-09-23,1.0,1.0,2.0,2.0,NÃO,,,,,"Antes: último registro em 21/09 — VERMELHO. Problema: CORREDOR 1 (câm 23) OFFLINE.
O problema aparece desde 01/09 (já existia no primeiro registro disponível): 13 registro(s) com problema, 21 dia(s) corrido(s) até 21/09.
Manutenção em 22/09 às 22:08 — técnico Jonathan Gonçalves. Anomalias: CORREDOR 1 (câm 23): Câmera travada.
No dia da manutenção (22/09) o CFTV mostrava VERMELHO (registro exibido à parte: não conta como antes nem depois).
Depois: 23/09 VERDE, 24/09 VERDE.
Normalizou no 1º registro após a manutenção (23/09), 1 dia(s) corrido(s) depois.
Permaneceu normal por 2 registro(s) (2 dia(s) corrido(s)) até o último registro disponível (24/09).
Resultado: RESOLVIDO — o problema original desapareceu e não voltou nos registros posteriores."
61651_2026-09-22,61651,2026-09-22,RESOLVIDO,o problema original desapareceu e não voltou nos registros posteriores,NÃO,NÃO,CORREDOR 3 (câm 25),"FRONTAL (câm 21), CORREDOR 3 (câm 25)",2026-09-01,13.0,21.0,SIM,2026-09-23,1.0,1.0,2.0,2.0,NÃO,,,,,"Antes: último registro em 21/09 — VERMELHO. Problema: CORREDOR 3 (câm 25) OFFLINE.
O problema aparece desde 01/09 (já existia no primeiro registro disponível): 13 registro(s) com problema, 21 dia(s) corrido(s) até 21/09.
Manutenção em 22/09 às 00:37 — técnico Jonathan Gonçalves. Anomalias: FRONTAL (câm 21): Câmera mal reposicionada; CORREDOR 3 (câm 25): Cabeamento rompido/danificado.
No dia da manutenção (22/09) o CFTV mostrava VERDE (registro exibido à parte: não conta como antes nem depois).
Depois: 23/09 VERDE, 24/09 VERDE.
Normalizou no 1º registro após a manutenção (23/09), 1 dia(s) corrido(s) depois.
Permaneceu normal por 2 registro(s) (2 dia(s) corrido(s)) até o último registro disponível (24/09).
Resultado: RESOLVIDO — o problema original desapareceu e não voltou nos registros posteriores."
73004_2026-09-22,73004,2026-09-22,SEM DADOS PARA VALIDAR,sem problema no CFTV antes da manutenção (não há o que validar),NÃO,SIM,,CORREDOR 2 (câm 24),,,,,,,,,,,,,,,"Antes: último registro em 21/09 — VERDE. Todas as câmeras ONLINE sem erro.
Manutenção em 22/09 às 01:51 — técnico Abner Melo. Anomalias: CORREDOR 2 (câm 24): Câmera inoperante, Sem gravação de imagens, Conexões do switch incorretas, Configuração incorreta da câmera.
No dia da manutenção (22/09) o CFTV mostrava VERDE (registro exibido à parte: não conta como antes nem depois).
Depois: 23/09 VERDE, 24/09 VERDE.
Veículo já estava normal antes da manutenção.
Continuou normal em todos os registros posteriores disponíveis.
Resultado: SEM DADOS PARA VALIDAR — sem problema no CFTV antes da manutenção (não há o que validar)."
73775_2026-09-22,73775,2026-09-22,PARCIALMENTE RESOLVIDO,parte das câmeras com problema normalizou e parte não,NÃO,NÃO,"CORREDOR 1 (câm 23), CORREDOR 2 (câm 24), CORREDOR 3 (câm 25), CORREDOR 4 (câm 26)","CORREDOR 3 (câm 25), CORREDOR 4 (câm 26)",2026-09-01,13.0,21.0,NÃO,,,,,,,,,,,"Antes: último registro em 21/09 — VERMELHO. Problema: CORREDOR 1 (câm 23) ONLINE COM ERRO (SD: error, Gravação: error); CORREDOR 2 (câm 24) ONLINE COM ERRO (SD: error, Gravação: error); CORREDOR 3 (câm 25) OFFLINE; CORREDOR 4 (câm 26) OFFLINE.
O problema aparece desde 01/09 (já existia no primeiro registro disponível): 13 registro(s) com problema, 21 dia(s) corrido(s) até 21/09.
Manutenção em 22/09 às 00:20 — técnico Abner Melo. Anomalias: CORREDOR 3 (câm 25): Câmera inoperante, Sem gravação de imagens, Câmera sem cartão de memória; CORREDOR 4 (câm 26): Câmera inoperante, Sem gravação de imagens, Configuração incorreta da câmera, Câmera sem cartão de memória.
No dia da manutenção (22/09) o CFTV mostrava LARANJA (registro exibido à parte: não conta como antes nem depois).
Depois: 23/09 LARANJA, 24/09 LARANJA.
Normalizou só em parte: CORREDOR 1 (câm 23) normalizou em 23/09; CORREDOR 3 (câm 25) normalizou em 23/09; CORREDOR 4 (câm 26) normalizou em 23/09.
Continuou com problema: CORREDOR 2 (câm 24).
Resultado: PARCIALMENTE RESOLVIDO — parte das câmeras com problema normalizou e parte não."
73840_2026-09-22,73840,2026-09-22,PARCIALMENTE RESOLVIDO,parte das câmeras com problema normalizou e parte não,NÃO,NÃO,"FRONTAL (câm 21), CORREDOR 3 (câm 25)",FRONTAL (câm 21),2026-09-01,13.0,21.0,NÃO,,,,,,,,,,,"Antes: último registro em 21/09 — VERMELHO. Problema: FRONTAL (câm 21) OFFLINE; CORREDOR 3 (câm 25) ONLINE COM ERRO (SD: error, Gravação: error).
O problema aparece desde 01/09 (já existia no primeiro registro disponível): 13 registro(s) com problema, 21 dia(s) corrido(s) até 21/09.
Manutenção em 22/09 às 01:39 — técnico Abner Melo. Anomalias: FRONTAL (câm 21): Câmera inoperante, Sem gravação de imagens, Cabeamento rompido/danificado, RJ45 crimpado incorretamente, Câmera não fixada corretamente, Câmera removida por terceiros, Câmera sem cartão de memória, Câmera com infiltração.
No dia da manutenção (22/09) o CFTV mostrava LARANJA (registro exibido à parte: não conta como antes nem depois).
Depois: 23/09 LARANJA, 24/09 LARANJA.
Normalizou só em parte: FRONTAL (câm 21) normalizou em 23/09.
Continuou com problema: CORREDOR 3 (câm 25).
Resultado: PARCIALMENTE RESOLVIDO — parte das câmeras com problema normalizou e parte não."
73864_2026-09-22,73864,2026-09-22,PARCIALMENTE RESOLVIDO,parte das câmeras com problema normalizou e parte não,NÃO,NÃO,"CORREDOR 3 (câm 25), CORREDOR 4 (câm 26)","CORREDOR 3 (câm 25), CORREDOR 4 (câm 26)",2026-09-01,13.0,21.0,NÃO,,,,,,,,,,,"Antes: último registro em 21/09 — VERMELHO. Problema: CORREDOR 3 (câm 25) OFFLINE; CORREDOR 4 (câm 26) OFFLINE.
O problema aparece desde 01/09 (já existia no primeiro registro disponível): 13 registro(s) com problema, 21 dia(s) corrido(s) até 21/09.
Manutenção em 22/09 às 00:55 — técnico Abner Melo. Anomalias: CORREDOR 3 (câm 25): Câmera inoperante, Sem gravação de imagens; CORREDOR 4 (câm 26): Câmera inoperante, Sem gravação de imagens, Configuração incorreta da câmera.
No dia da manutenção (22/09) o CFTV mostrava VERDE (registro exibido à parte: não conta como antes nem depois).
Depois: 23/09 VERMELHO, 24/09 VERMELHO.
Normalizou só em parte: CORREDOR 3 (câm 25) normalizou em 23/09.
Continuou com problema: CORREDOR 4 (câm 26).
Resultado: PARCIALMENTE RESOLVIDO — parte das câmeras com problema normalizou e parte não."
31269_2026-09-23,31269,2026-09-23,RESOLVIDO,o problema original desapareceu e não voltou nos registros posteriores,NÃO,NÃO,CORREDOR 1 (câm 23),"FRONTAL (câm 21), FRENTE (câm 22), CORREDOR 1 (câm 23), CORREDOR 2 (câm 24), CORREDOR 3 (câm 25), CORREDOR 4 (câm 26)",2026-09-01,12.0,22.0,SIM,2026-09-24,1.0,1.0,1.0,1.0,NÃO,,,,,"Antes: último registro em 22/09 — LARANJA. Problema: CORREDOR 1 (câm 23) ONLINE COM ERRO (SD: error, Gravação: error).
O problema aparece desde 01/09 (já existia no primeiro registro disponível): 12 registro(s) com problema, 22 dia(s) corrido(s) até 22/09.
Manutenção em 23/09 às 23:28 — técnico Joel. Anomalias: FRONTAL (câm 21): Sem gravação de imagens, Configuração incorreta da câmera; FRENTE (câm 22): Sem gravação de imagens, Configuração incorreta da câmera; CORREDOR 1 (câm 23): Sem gravação de imagens, Configuração incorreta da câmera; CORREDOR 2 (câm 24): Sem gravação de imagens, Configuração incorreta da câmera; CORREDOR 3 (câm 25): Sem gravação de imagens, Configuração incorreta da câmera; CORREDOR 4 (câm 26): Sem gravação de imagens, Configuração incorreta da câmera.
No dia da manutenção (23/09) o CFTV mostrava LARANJA (registro exibido à parte: não conta como antes nem depois).
Depois: 24/09 VERDE.
Normalizou no 1º registro após a manutenção (24/09), 1 dia(s) corrido(s) depois.
Permaneceu normal por 1 registro(s) (1 dia(s) corrido(s)) até o último registro disponível (24/09).
Resultado: RESOLVIDO — o problema original desapareceu e não voltou nos registros posteriores."
31738_2026-09-23,31738,2026-09-23,NÃO RESOLVIDO,o problema original permaneceu em todos os registros posteriores,NÃO,NÃO,FRONTAL (câm 21),"FRONTAL (câm 21), FRENTE (câm 22), CORREDOR 1 (câm 23)",2026-09-01,14.0,22.0,NÃO,,,,,,,,,,,"Antes: último registro em 22/09 — LARANJA. Problema: FRONTAL (câm 21) ONLINE COM ERRO (SD: error, Gravação: error).
O problema aparece desde 01/09 (já existia no primeiro registro disponível): 14 registro(s) com problema, 22 dia(s) corrido(s) até 22/09.
Manutenção em 23/09 às 02:38 — técnico Joel. Anomalias: FRONTAL (câm 21): Sem gravação de imagens, Configuração incorreta da câmera; FRENTE (câm 22): Sem gravação de imagens, Configuração incorreta da câmera, Câmera sem cartão de memória; CORREDOR 1 (câm 23): Sem gravação de imagens, Configuração incorreta da câmera.
No dia da manutenção (23/09) o CFTV mostrava LARANJA (registro exibido à parte: não conta como antes nem depois).
Depois: 24/09 LARANJA.
Continuou com problema: FRONTAL (câm 21).
Resultado: NÃO RESOLVIDO — o problema original permaneceu em todos os registros posteriores."
31750_2026-09-23,31750,2026-09-23,NÃO RESOLVIDO,o problema original permaneceu em todos os registros posteriores,NÃO,NÃO,"FRONTAL (câm 21), CORREDOR 1 (câm 23)","FRONTAL (câm 21), FRENTE (câm 22), CORREDOR 1 (câm 23)",2026-09-04,11.0,19.0,NÃO,,,,,,,,,,,"Antes: último registro em 22/09 — LARANJA. Problema: FRONTAL (câm 21) ONLINE COM ERRO (SD: error, Gravação: error); CORREDOR 1 (câm 23) ONLINE COM ERRO (SD: error, Gravação: error).
O problema aparece desde 04/09: 11 registro(s) com problema, 19 dia(s) corrido(s) até 22/09.
Manutenção em 23/09 às 03:10 — técnico Joel. Anomalias: FRONTAL (câm 21): Sem gravação de imagens, Configuração incorreta da câmera; FRENTE (câm 22): Sem gravação de imagens, Configuração incorreta da câmera; CORREDOR 1 (câm 23): Sem gravação de imagens, Configuração incorreta da câmera.
No dia da manutenção (23/09) o CFTV mostrava LARANJA (registro exibido à parte: não conta como antes nem depois).
Depois: 24/09 LARANJA.
Continuou com problema: FRONTAL (câm 21), CORREDOR 1 (câm 23).
Resultado: NÃO RESOLVIDO — o problema original permaneceu em todos os registros posteriores."
31753_2026-09-23,31753,2026-09-23,RESOLVIDO,o problema original desapareceu e não voltou nos registros posteriores,NÃO,NÃO,FRENTE (câm 22),FRONTAL (câm 21),2026-09-15,6.0,8.0,SIM,2026-09-24,1.0,1.0,1.0,1.0,NÃO,,,,,"Antes: último registro em 22/09 — LARANJA. Problema: FRENTE (câm 22) ONLINE COM ERRO (SD: error, Gravação: error).
O problema aparece desde 15/09: 6 registro(s) com problema, 8 dia(s) corrido(s) até 22/09.
Manutenção em 23/09 às 00:06 — técnico Gesnei souza. Anomalias: FRONTAL (câm 21): Sem gravação de imagens.
No dia da manutenção (23/09) o CFTV mostrava VERDE (registro exibido à parte: não conta como antes nem depois).
Depois: 24/09 VERDE.
Normalizou no 1º registro após a manutenção (24/09), 1 dia(s) corrido(s) depois.
Permaneceu normal por 1 registro(s) (1 dia(s) corrido(s)) até o último registro disponível (24/09).
Resultado: RESOLVIDO — o problema original desapareceu e não voltou nos registros posteriores."
31760_2026-09-23,31760,2026-09-23,NÃO RESOLVIDO,o problema original permaneceu em todos os registros posteriores,NÃO,NÃO,FRENTE (câm 22),FRENTE (câm 22),2026-09-01,14.0,22.0,NÃO,,,,,,,,,,,"Antes: último registro em 22/09 — LARANJA. Problema: FRENTE (câm 22) ONLINE COM ERRO (SD: error, Gravação: error).
O problema aparece desde 01/09 (já existia no primeiro registro disponível): 14 registro(s) com problema, 22 dia(s) corrido(s) até 22/09.
Manutenção em 23/09 às 00:43 — técnico Gesnei souza. Anomalias: FRENTE (câm 22): Câmera travada.
No dia da manutenção (23/09) o CFTV mostrava LARANJA (registro exibido à parte: não conta como antes nem depois).
Depois: 24/09 LARANJA.
Continuou com problema: FRENTE (câm 22).
Resultado: NÃO RESOLVIDO — o problema original permaneceu em todos os registros posteriores."
31762_2026-09-23,31762,2026-09-23,RESOLVIDO,o problema original desapareceu e não voltou nos registros posteriores,NÃO,NÃO,FRENTE (câm 22),"FRONTAL (câm 21), FRENTE (câm 22), CORREDOR 1 (câm 23)",2026-09-15,6.0,8.0,SIM,2026-09-24,1.0,1.0,1.0,1.0,NÃO,,,,,"Antes: último registro em 22/09 — LARANJA. Problema: FRENTE (câm 22) ONLINE COM ERRO (SD: error, Gravação: error).
O problema aparece desde 15/09: 6 registro(s) com problema, 8 dia(s) corrido(s) até 22/09.
Manutenção em 23/09 às 01:46 — técnico Joel. Anomalias: FRONTAL (câm 21): Sem gravação de imagens, Configuração incorreta da câmera; FRENTE (câm 22): Sem gravação de imagens, Configuração incorreta da câmera; CORREDOR 1 (câm 23): Sem gravação de imagens, Configuração incorreta da câmera.
No dia da manutenção (23/09) o CFTV mostrava VERDE (registro exibido à parte: não conta como antes nem depois).
Depois: 24/09 VERDE.
Normalizou no 1º registro após a manutenção (24/09), 1 dia(s) corrido(s) depois.
Permaneceu normal por 1 registro(s) (1 dia(s) corrido(s)) até o último registro disponível (24/09).
Resultado: RESOLVIDO — o problema original desapareceu e não voltou nos registros posteriores."
31763_2026-09-23,31763,2026-09-23,RESOLVIDO,o problema original desapareceu e não voltou nos registros posteriores,NÃO,NÃO,FRONTAL (câm 21),"FRONTAL (câm 21), FRENTE (câm 22), CORREDOR 1 (câm 23)",2026-09-01,14.0,22.0,SIM,2026-09-24,1.0,1.0,1.0,1.0,NÃO,,,,,"Antes: último registro em 22/09 — LARANJA. Problema: FRONTAL (câm 21) ONLINE COM ERRO (SD: error, Gravação: error).
O problema aparece desde 01/09 (já existia no primeiro registro disponível): 14 registro(s) com problema, 22 dia(s) corrido(s) até 22/09.
Manutenção em 23/09 às 03:30 — técnico Joel. Anomalias: FRONTAL (câm 21): Sem gravação de imagens, Configuração incorreta da câmera; FRENTE (câm 22): Sem gravação de imagens, Configuração incorreta da câmera; CORREDOR 1 (câm 23): Sem gravação de imagens, Configuração incorreta da câmera.
No dia da manutenção (23/09) o CFTV mostrava VERDE (registro exibido à parte: não conta como antes nem depois).
Depois: 24/09 VERDE.
Normalizou no 1º registro após a manutenção (24/09), 1 dia(s) corrido(s) depois.
Permaneceu normal por 1 registro(s) (1 dia(s) corrido(s)) até o último registro disponível (24/09).
Resultado: RESOLVIDO — o problema original desapareceu e não voltou nos registros posteriores."
31795_2026-09-23,31795,2026-09-23,NÃO RESOLVIDO,o problema original permaneceu em todos os registros posteriores,SIM,NÃO,CORREDOR 1 (câm 23),"FRONTAL (câm 21), FRENTE (câm 22), CORREDOR 1 (câm 23)",2026-09-01,11.0,22.0,NÃO,,,,,,,,,,,"Antes: último registro em 22/09 — LARANJA. Problema: CORREDOR 1 (câm 23) ONLINE COM ERRO (SD: error, Gravação: error).
O problema aparece desde 01/09 (já existia no primeiro registro disponível): 11 registro(s) com problema, 22 dia(s) corrido(s) até 22/09.
Manutenção em 23/09 às 00:14 — técnico Joel. Anomalias: FRONTAL (câm 21): Sem gravação de imagens, Configuração incorreta da câmera; FRENTE (câm 22): Sem gravação de imagens, Configuração incorreta da câmera; CORREDOR 1 (câm 23): Sem gravação de imagens, Configuração incorreta da câmera.
No dia da manutenção (23/09) o CFTV mostrava LARANJA (registro exibido à parte: não conta como antes nem depois).
Depois: 24/09 LARANJA.
Continuou com problema: CORREDOR 1 (câm 23).
Pendência registrada pelo técnico: Câmara 23 cartão de memória apresentando falha , não foi possível deixar câmera 23 gravando
Resultado: NÃO RESOLVIDO — o problema original permaneceu em todos os registros posteriores."
51218_2026-09-23,51218,2026-09-23,NÃO RESOLVIDO,o problema original permaneceu em todos os registros posteriores,NÃO,NÃO,"FRONTAL (câm 21), CORREDOR 2 (câm 24), CORREDOR 4 (câm 26)",,2026-09-01,14.0,22.0,NÃO,,,,,,,,,,,"Antes: último registro em 22/09 — LARANJA. Problema: FRONTAL (câm 21) ONLINE COM ERRO (SD: error, Gravação: error); CORREDOR 2 (câm 24) ONLINE COM ERRO (SD: error, Gravação: error); CORREDOR 4 (câm 26) ONLINE COM ERRO (SD: error, Gravação: error).
O problema aparece desde 01/09 (já existia no primeiro registro disponível): 14 registro(s) com problema, 22 dia(s) corrido(s) até 22/09.
Manutenção em 23/09 às 00:49 — técnico FELIX SECURITY GABRIEL. Anomalias: nenhuma anomalia marcada.
No dia da manutenção (23/09) o CFTV mostrava LARANJA (registro exibido à parte: não conta como antes nem depois).
Depois: 24/09 LARANJA.
Continuou com problema: FRONTAL (câm 21), CORREDOR 2 (câm 24), CORREDOR 4 (câm 26).
Resultado: NÃO RESOLVIDO — o problema original permaneceu em todos os registros posteriores."
52126_2026-09-23,52126,2026-09-23,SEM DADOS PARA VALIDAR,sem problema no CFTV antes da manutenção (não há o que validar),NÃO,SIM,,,,,,,,,,,,,,,,,"Antes: último registro em 22/09 — VERDE. Todas as câmeras ONLINE sem erro.
Manutenção em 23/09 às 02:12 — técnico FELIX SECURITY GABRIEL. Anomalias: nenhuma anomalia marcada.
No dia da manutenção (23/09) o CFTV mostrava VERDE (registro exibido à parte: não conta como antes nem depois).
Depois: 24/09 VERDE.
Veículo já estava normal antes da manutenção.
Continuou normal em todos os registros posteriores disponíveis.
Resultado: SEM DADOS PARA VALIDAR — sem problema no CFTV antes da manutenção (não há o que validar)."
52139_2026-09-23,52139,2026-09-23,NÃO RESOLVIDO,o problema original permaneceu em todos os registros posteriores,NÃO,NÃO,"FRONTAL (câm 21), CORREDOR 2 (câm 24)","FRONTAL (câm 21), FRENTE (câm 22), CORREDOR 1 (câm 23), CORREDOR 2 (câm 24), CORREDOR 3 (câm 25), CORREDOR 4 (câm 26)",2026-09-01,14.0,22.0,NÃO,,,,,,,,,,,"Antes: último registro em 22/09 — VERMELHO. Problema: FRONTAL (câm 21) OFFLINE; CORREDOR 2 (câm 24) OFFLINE.
O problema aparece desde 01/09 (já existia no primeiro registro disponível): 14 registro(s) com problema, 22 dia(s) corrido(s) até 22/09.
Manutenção em 23/09 às 01:06 — técnico Anderson Silva. Anomalias: FRONTAL (câm 21): Switch apresentando falha; FRENTE (câm 22): Sem gravação de imagens, Configuração incorreta da câmera; CORREDOR 1 (câm 23): Sem gravação de imagens, Configuração incorreta da câmera; CORREDOR 2 (câm 24): Switch apresentando falha; CORREDOR 3 (câm 25): Sem gravação de imagens, Configuração incorreta da câmera; CORREDOR 4 (câm 26): Sem gravação de imagens, Configuração incorreta da câmera.
No dia da manutenção (23/09) o CFTV mostrava VERMELHO (registro exibido à parte: não conta como antes nem depois).
Depois: 24/09 VERMELHO.
Continuou com problema: FRONTAL (câm 21), CORREDOR 2 (câm 24).
Resultado: NÃO RESOLVIDO — o problema original permaneceu em todos os registros posteriores."
52718_2026-09-23,52718,2026-09-23,SEM DADOS PARA VALIDAR,sem registro CFTV posterior à manutenção,NÃO,NÃO,,,,,,,,,,,,,,,,,"Antes: último registro em 21/09 — VERDE. Todas as câmeras ONLINE sem erro.
Manutenção em 23/09 às 00:32 — técnico FELIX SECURITY GABRIEL. Anomalias: nenhuma anomalia marcada.
Não há registro CFTV no dia da manutenção (23/09).
Resultado: SEM DADOS PARA VALIDAR — sem registro CFTV posterior à manutenção."
52752_2026-09-23,52752,2026-09-23,RESOLVIDO,o problema original desapareceu e não voltou nos registros posteriores,SIM,NÃO,CORREDOR 4 (câm 26),"FRENTE (câm 22), CORREDOR 4 (câm 26)",2026-09-01,14.0,22.0,SIM,2026-09-24,1.0,1.0,1.0,1.0,NÃO,,,,,"Antes: último registro em 22/09 — VERMELHO. Problema: CORREDOR 4 (câm 26) OFFLINE.
O problema aparece desde 01/09 (já existia no primeiro registro disponível): 14 registro(s) com problema, 22 dia(s) corrido(s) até 22/09.
Manutenção em 23/09 às 03:13 — técnico Anderson Silva. Anomalias: FRENTE (câm 22): Sem gravação de imagens; CORREDOR 4 (câm 26): Cabeamento rompido/danificado.
Manutenção em 23/09 às 23:22 — técnico Anderson Silva. Anomalias: FRENTE (câm 22): Câmera travada; CORREDOR 4 (câm 26): Cabeamento rompido/danificado.
No dia da manutenção (23/09) o CFTV mostrava VERMELHO (registro exibido à parte: não conta como antes nem depois).
Depois: 24/09 VERDE.
Normalizou no 1º registro após a manutenção (24/09), 1 dia(s) corrido(s) depois.
Permaneceu normal por 1 registro(s) (1 dia(s) corrido(s)) até o último registro disponível (24/09).
Pendência registrada pelo técnico: Não foi possível trocar a câmera 22, o motorista entrou no ônibus enquanto eu estava indo buscar a câmera na elétrica. | FRENTE (câm 22): Câmera encaminhada para manutenção
Resultado: RESOLVIDO — o problema original desapareceu e não voltou nos registros posteriores."
52828_2026-09-23,52828,2026-09-23,PARCIALMENTE RESOLVIDO,parte das câmeras com problema normalizou e parte não,NÃO,NÃO,"FRONTAL (câm 21), FRENTE (câm 22)","FRONTAL (câm 21), FRENTE (câm 22)",2026-09-01,14.0,22.0,NÃO,,,,,,,,,,,"Antes: último registro em 22/09 — VERMELHO. Problema: FRONTAL (câm 21) ONLINE COM ERRO (SD: error, Gravação: error); FRENTE (câm 22) OFFLINE.
O problema aparece desde 01/09 (já existia no primeiro registro disponível): 14 registro(s) com problema, 22 dia(s) corrido(s) até 22/09.
Manutenção em 23/09 às 04:04 — técnico Gustavo Nunes. Anomalias: FRONTAL (câm 21): Sem gravação de imagens; FRENTE (câm 22): RJ45 crimpado incorretamente.
No dia da manutenção (23/09) o CFTV mostrava LARANJA (registro exibido à parte: não conta como antes nem depois).
Depois: 24/09 LARANJA.
Normalizou só em parte: FRENTE (câm 22) normalizou em 24/09.
Continuou com problema: FRONTAL (câm 21).
Resultado: PARCIALMENTE RESOLVIDO — parte das câmeras com problema normalizou e parte não."
52868_2026-09-23,52868,2026-09-23,NÃO RESOLVIDO,o problema original permaneceu em todos os registros posteriores,NÃO,NÃO,CORREDOR 4 (câm 26),FRONTAL (câm 21),2026-09-04,11.0,19.0,NÃO,,,,,,,,,,,"Antes: último registro em 22/09 — VERMELHO. Problema: CORREDOR 4 (câm 26) OFFLINE.
O problema aparece desde 04/09: 11 registro(s) com problema, 19 dia(s) corrido(s) até 22/09.
Manutenção em 23/09 às 03:55 — técnico Gustavo Nunes. Anomalias: FRONTAL (câm 21): Sem gravação de imagens.
No dia da manutenção (23/09) o CFTV mostrava VERMELHO (registro exibido à parte: não conta como antes nem depois).
Depois: 24/09 VERMELHO.
Continuou com problema: CORREDOR 4 (câm 26).
Resultado: NÃO RESOLVIDO — o problema original permaneceu em todos os registros posteriores."
52903_2026-09-23,52903,2026-09-23,SEM DADOS PARA VALIDAR,sem problema no CFTV antes da manutenção (não há o que validar),NÃO,SIM,,,,,,,,,,,,,,,,,"Antes: último registro em 22/09 — VERDE. Todas as câmeras ONLINE sem erro.
Manutenção em 23/09 às 02:02 — técnico FELIX SECURITY GABRIEL. Anomalias: nenhuma anomalia marcada.
No dia da manutenção (23/09) o CFTV mostrava VERDE (registro exibido à parte: não conta como antes nem depois).
Depois: 24/09 VERDE.
Veículo já estava normal antes da manutenção.
Continuou normal em todos os registros posteriores disponíveis.
Resultado: SEM DADOS PARA VALIDAR — sem problema no CFTV antes da manutenção (não há o que validar)."
52911_2026-09-23,52911,2026-09-23,NÃO RESOLVIDO,o problema original permaneceu em todos os registros posteriores,NÃO,NÃO,"FRONTAL (câm 21), FRENTE (câm 22), CORREDOR 2 (câm 24), CORREDOR 3 (câm 25), CORREDOR 4 (câm 26)",,2026-09-01,14.0,22.0,NÃO,,,,,,,,,,,"Antes: último registro em 22/09 — LARANJA. Problema: FRONTAL (câm 21) ONLINE COM ERRO (SD: error, Gravação: error); FRENTE (câm 22) ONLINE COM ERRO (SD: error, Gravação: error); CORREDOR 2 (câm 24) ONLINE COM ERRO (SD: error, Gravação: error); CORREDOR 3 (câm 25) ONLINE COM ERRO (SD: error, Gravação: error); CORREDOR 4 (câm 26) ONLINE COM ERRO (SD: error, Gravação: error).
O problema aparece desde 01/09 (já existia no primeiro registro disponível): 14 registro(s) com problema, 22 dia(s) corrido(s) até 22/09.
Manutenção em 23/09 às 00:52 — técnico FELIX SECURITY GABRIEL. Anomalias: nenhuma anomalia marcada.
No dia da manutenção (23/09) o CFTV mostrava LARANJA (registro exibido à parte: não conta como antes nem depois).
Depois: 24/09 LARANJA.
Continuou com problema: FRONTAL (câm 21), FRENTE (câm 22), CORREDOR 2 (câm 24), CORREDOR 3 (câm 25), CORREDOR 4 (câm 26).
Resultado: NÃO RESOLVIDO — o problema original permaneceu em todos os registros posteriores."
52922_2026-09-23,52922,2026-09-23,SEM DADOS PARA VALIDAR,sem problema no CFTV antes da manutenção (não há o que validar),NÃO,SIM,,,,,,,,,,,,,,,,,"Antes: último registro em 22/09 — VERDE. Todas as câmeras ONLINE sem erro.
Manutenção em 23/09 às 01:51 — técnico FELIX SECURITY GABRIEL. Anomalias: nenhuma anomalia marcada.
No dia da manutenção (23/09) o CFTV mostrava VERDE (registro exibido à parte: não conta como antes nem depois).
Depois: 24/09 VERDE.
Veículo já estava normal antes da manutenção.
Continuou normal em todos os registros posteriores disponíveis.
Resultado: SEM DADOS PARA VALIDAR — sem problema no CFTV antes da manutenção (não há o que validar)."
52923_2026-09-23,52923,2026-09-23,NÃO RESOLVIDO,o problema original permaneceu em todos os registros posteriores,NÃO,NÃO,FRONTAL (câm 21),,2026-09-01,14.0,22.0,NÃO,,,,,,,,,,,"Antes: último registro em 22/09 — LARANJA. Problema: FRONTAL (câm 21) ONLINE COM ERRO (SD: error, Gravação: error).
O problema aparece desde 01/09 (já existia no primeiro registro disponível): 14 registro(s) com problema, 22 dia(s) corrido(s) até 22/09.
Manutenção em 23/09 às 00:56 — técnico FELIX SECURITY GABRIEL. Anomalias: nenhuma anomalia marcada.
No dia da manutenção (23/09) o CFTV mostrava LARANJA (registro exibido à parte: não conta como antes nem depois).
Depois: 24/09 LARANJA.
Continuou com problema: FRONTAL (câm 21).
Resultado: NÃO RESOLVIDO — o problema original permaneceu em todos os registros posteriores."
61350_2026-09-23,61350,2026-09-23,NÃO RESOLVIDO,o problema original permaneceu em todos os registros posteriores,SIM,NÃO,FRONTAL (câm 21),FRONTAL (câm 21),2026-09-01,14.0,22.0,NÃO,,,,,,,,,,,"Antes: último registro em 22/09 — VERMELHO. Problema: FRONTAL (câm 21) OFFLINE.
O problema aparece desde 01/09 (já existia no primeiro registro disponível): 14 registro(s) com problema, 22 dia(s) corrido(s) até 22/09.
Manutenção em 23/09 às 02:55 — técnico Jonathan Gonçalves. Anomalias: FRONTAL (câm 21): Câmera removida por terceiros, Câmera sem cartão de memória.
No dia da manutenção (23/09) o CFTV mostrava LARANJA (registro exibido à parte: não conta como antes nem depois).
Depois: 24/09 LARANJA.
Continuou com problema: FRONTAL (câm 21).
Pendência registrada pelo técnico: Ônibus estava sem a câmera 21, foi colocado uma nova câmera no local e configurado, câmera falta colocar um cartão sd.
Resultado: NÃO RESOLVIDO — o problema original permaneceu em todos os registros posteriores."
11471_2026-09-24,11471,2026-09-24,SEM DADOS PARA VALIDAR,sem registro CFTV posterior à manutenção,NÃO,NÃO,CORREDOR 1 (câm 23),"FRENTE (câm 22), CORREDOR 1 (câm 23)",2026-09-01,14.0,23.0,,,,,,,,,,,,"Antes: último registro em 23/09 — LARANJA. Problema: CORREDOR 1 (câm 23) ONLINE COM ERRO (SD: error, Gravação: error).
O problema aparece desde 01/09 (já existia no primeiro registro disponível): 14 registro(s) com problema, 23 dia(s) corrido(s) até 23/09.
Manutenção em 24/09 às 03:25 — técnico Leandro Resende. Anomalias: FRENTE (câm 22): Câmera mal reposicionada; CORREDOR 1 (câm 23): Câmera mal reposicionada.
No dia da manutenção (24/09) o CFTV mostrava VERDE (registro exibido à parte: não conta como antes nem depois).
Resultado: SEM DADOS PARA VALIDAR — sem registro CFTV posterior à manutenção."
11754_2026-09-24,11754,2026-09-24,SEM DADOS PARA VALIDAR,sem registro CFTV posterior à manutenção,NÃO,NÃO,,FRENTE (câm 22),,,,,,,,,,,,,,,"Antes: último registro em 23/09 — VERDE. Todas as câmeras ONLINE sem erro.
Manutenção em 24/09 às 02:24 — técnico Leandro Resende. Anomalias: FRENTE (câm 22): Câmera mal reposicionada.
No dia da manutenção (24/09) o CFTV mostrava VERDE (registro exibido à parte: não conta como antes nem depois).
Resultado: SEM DADOS PARA VALIDAR — sem registro CFTV posterior à manutenção."
11775_2026-09-24,11775,2026-09-24,SEM DADOS PARA VALIDAR,sem registro CFTV posterior à manutenção,NÃO,NÃO,,FRENTE (câm 22),,,,,,,,,,,,,,,"Antes: último registro em 23/09 — VERDE. Todas as câmeras ONLINE sem erro.
Manutenção em 24/09 às 03:00 — técnico Leandro Resende. Anomalias: FRENTE (câm 22): Câmera mal reposicionada.
No dia da manutenção (24/09) o CFTV mostrava VERDE (registro exibido à parte: não conta como antes nem depois).
Resultado: SEM DADOS PARA VALIDAR — sem registro CFTV posterior à manutenção."
11807_2026-09-24,11807,2026-09-24,SEM DADOS PARA VALIDAR,sem registro CFTV posterior à manutenção,NÃO,NÃO,,FRENTE (câm 22),,,,,,,,,,,,,,,"Antes: último registro em 23/09 — VERDE. Todas as câmeras ONLINE sem erro.
Manutenção em 24/09 às 02:09 — técnico Leandro Resende. Anomalias: FRENTE (câm 22): Câmera mal reposicionada.
No dia da manutenção (24/09) o CFTV mostrava VERDE (registro exibido à parte: não conta como antes nem depois).
Resultado: SEM DADOS PARA VALIDAR — sem registro CFTV posterior à manutenção."
11829_2026-09-24,11829,2026-09-24,SEM DADOS PARA VALIDAR,sem registro CFTV posterior à manutenção,NÃO,NÃO,,FRENTE (câm 22),,,,,,,,,,,,,,,"Antes: último registro em 23/09 — VERDE. Todas as câmeras ONLINE sem erro.
Manutenção em 24/09 às 02:39 — técnico Leandro Resende. Anomalias: FRENTE (câm 22): Câmera mal reposicionada.
No dia da manutenção (24/09) o CFTV mostrava VERDE (registro exibido à parte: não conta como antes nem depois).
Resultado: SEM DADOS PARA VALIDAR — sem registro CFTV posterior à manutenção."
11873_2026-09-24,11873,2026-09-24,SEM DADOS PARA VALIDAR,sem registro CFTV posterior à manutenção,NÃO,NÃO,,FRENTE (câm 22),,,,,,,,,,,,,,,"Antes: último registro em 23/09 — VERDE. Todas as câmeras ONLINE sem erro.
Manutenção em 24/09 às 00:54 — técnico Leandro Resende. Anomalias: FRENTE (câm 22): Câmera mal reposicionada.
No dia da manutenção (24/09) o CFTV mostrava VERDE (registro exibido à parte: não conta como antes nem depois).
Resultado: SEM DADOS PARA VALIDAR — sem registro CFTV posterior à manutenção."
11880_2026-09-24,11880,2026-09-24,SEM DADOS PARA VALIDAR,sem registro CFTV posterior à manutenção,NÃO,NÃO,FRONTAL (câm 21),"FRONTAL (câm 21), FRENTE (câm 22)",2026-09-01,14.0,23.0,,,,,,,,,,,,"Antes: último registro em 23/09 — LARANJA. Problema: FRONTAL (câm 21) ONLINE COM ERRO (SD: error, Gravação: error).
O problema aparece desde 01/09 (já existia no primeiro registro disponível): 14 registro(s) com problema, 23 dia(s) corrido(s) até 23/09.
Manutenção em 24/09 às 01:30 — técnico Leandro Resende. Anomalias: FRONTAL (câm 21): Sem gravação de imagens; FRENTE (câm 22): Câmera mal reposicionada.
No dia da manutenção (24/09) o CFTV mostrava LARANJA (registro exibido à parte: não conta como antes nem depois).
Resultado: SEM DADOS PARA VALIDAR — sem registro CFTV posterior à manutenção."
11903_2026-09-24,11903,2026-09-24,SEM DADOS PARA VALIDAR,sem registro CFTV posterior à manutenção,NÃO,NÃO,,FRENTE (câm 22),,,,,,,,,,,,,,,"Antes: último registro em 23/09 — VERDE. Todas as câmeras ONLINE sem erro.
Manutenção em 24/09 às 01:49 — técnico Leandro Resende. Anomalias: FRENTE (câm 22): Câmera mal reposicionada.
No dia da manutenção (24/09) o CFTV mostrava VERDE (registro exibido à parte: não conta como antes nem depois).
Resultado: SEM DADOS PARA VALIDAR — sem registro CFTV posterior à manutenção."
31635_2026-09-24,31635,2026-09-24,SEM DADOS PARA VALIDAR,sem registro CFTV posterior à manutenção,NÃO,NÃO,"FRONTAL (câm 21), FRENTE (câm 22)","FRONTAL (câm 21), FRENTE (câm 22), CORREDOR 1 (câm 23)",2026-09-01,11.0,23.0,,,,,,,,,,,,"Antes: último registro em 23/09 — LARANJA. Problema: FRONTAL (câm 21) ONLINE COM ERRO (SD: error, Gravação: error); FRENTE (câm 22) ONLINE COM ERRO (SD: error, Gravação: error).
O problema aparece desde 01/09 (já existia no primeiro registro disponível): 11 registro(s) com problema, 23 dia(s) corrido(s) até 23/09.
Manutenção em 24/09 às 09:19 — técnico Luiz Rodrigo. Anomalias: FRONTAL (câm 21): Sem gravação de imagens; FRENTE (câm 22): Sem gravação de imagens, Câmera mal reposicionada.
No dia da manutenção (24/09) o CFTV mostrava LARANJA (registro exibido à parte: não conta como antes nem depois).
Resultado: SEM DADOS PARA VALIDAR — sem registro CFTV posterior à manutenção."
31651_2026-09-24,31651,2026-09-24,SEM DADOS PARA VALIDAR,sem registro CFTV posterior à manutenção,NÃO,NÃO,"FRONTAL (câm 21), FRENTE (câm 22)",FRONTAL (câm 21),2026-09-01,15.0,23.0,,,,,,,,,,,,"Antes: último registro em 23/09 — LARANJA. Problema: FRONTAL (câm 21) ONLINE COM ERRO (SD: error, Gravação: error); FRENTE (câm 22) ONLINE COM ERRO (SD: error, Gravação: error).
O problema aparece desde 01/09 (já existia no primeiro registro disponível): 15 registro(s) com problema, 23 dia(s) corrido(s) até 23/09.
Manutenção em 24/09 às 00:24 — técnico Joel. Anomalias: FRONTAL (câm 21): Sem gravação de imagens, Configuração incorreta da câmera, Câmera sem cartão de memória.
No dia da manutenção (24/09) o CFTV mostrava VERDE (registro exibido à parte: não conta como antes nem depois).
Resultado: SEM DADOS PARA VALIDAR — sem registro CFTV posterior à manutenção."
31652_2026-09-24,31652,2026-09-24,SEM DADOS PARA VALIDAR,sem registro CFTV posterior à manutenção,NÃO,NÃO,"FRONTAL (câm 21), FRENTE (câm 22)","FRONTAL (câm 21), FRENTE (câm 22), CORREDOR 1 (câm 23)",2026-09-01,15.0,23.0,,,,,,,,,,,,"Antes: último registro em 23/09 — LARANJA. Problema: FRONTAL (câm 21) ONLINE COM ERRO (SD: error, Gravação: error); FRENTE (câm 22) ONLINE COM ERRO (SD: error, Gravação: error).
O problema aparece desde 01/09 (já existia no primeiro registro disponível): 15 registro(s) com problema, 23 dia(s) corrido(s) até 23/09.
Manutenção em 24/09 às 01:51 — técnico Joel. Anomalias: FRONTAL (câm 21): Sem gravação de imagens, Configuração incorreta da câmera; FRENTE (câm 22): Sem gravação de imagens, Configuração incorreta da câmera; CORREDOR 1 (câm 23): Configuração incorreta da câmera.
No dia da manutenção (24/09) o CFTV mostrava LARANJA (registro exibido à parte: não conta como antes nem depois).
Resultado: SEM DADOS PARA VALIDAR — sem registro CFTV posterior à manutenção."
31733_2026-09-24,31733,2026-09-24,SEM DADOS PARA VALIDAR,sem registro CFTV posterior à manutenção,NÃO,NÃO,FRENTE (câm 22),"FRONTAL (câm 21), FRENTE (câm 22), CORREDOR 1 (câm 23)",2026-09-01,15.0,23.0,,,,,,,,,,,,"Antes: último registro em 23/09 — VERMELHO. Problema: FRENTE (câm 22) OFFLINE.
O problema aparece desde 01/09 (já existia no primeiro registro disponível): 15 registro(s) com problema, 23 dia(s) corrido(s) até 23/09.
Manutenção em 24/09 às 02:17 — técnico Joel. Anomalias: FRONTAL (câm 21): Sem gravação de imagens, RJ45 crimpado incorretamente, Configuração incorreta da câmera; FRENTE (câm 22): Configuração incorreta da câmera; CORREDOR 1 (câm 23): Configuração incorreta da câmera.
No dia da manutenção (24/09) o CFTV mostrava VERDE (registro exibido à parte: não conta como antes nem depois).
Resultado: SEM DADOS PARA VALIDAR — sem registro CFTV posterior à manutenção."
31751_2026-09-24,31751,2026-09-24,SEM DADOS PARA VALIDAR,sem registro CFTV posterior à manutenção,NÃO,NÃO,FRONTAL (câm 21),"FRONTAL (câm 21), FRENTE (câm 22), CORREDOR 1 (câm 23)",2026-09-01,15.0,23.0,,,,,,,,,,,,"Antes: último registro em 23/09 — LARANJA. Problema: FRONTAL (câm 21) ONLINE COM ERRO (SD: error, Gravação: error).
O problema aparece desde 01/09 (já existia no primeiro registro disponível): 15 registro(s) com problema, 23 dia(s) corrido(s) até 23/09.
Manutenção em 24/09 às 01:07 — técnico Joel. Anomalias: FRONTAL (câm 21): Configuração incorreta da câmera, Câmera com sinal de vandalismo; FRENTE (câm 22): Sem gravação de imagens, Configuração incorreta da câmera; CORREDOR 1 (câm 23): Configuração incorreta da câmera.
No dia da manutenção (24/09) o CFTV mostrava VERDE (registro exibido à parte: não conta como antes nem depois).
Resultado: SEM DADOS PARA VALIDAR — sem registro CFTV posterior à manutenção."
31758_2026-09-24,31758,2026-09-24,SEM DADOS PARA VALIDAR,sem registro CFTV posterior à manutenção,NÃO,NÃO,,"FRONTAL (câm 21), FRENTE (câm 22), CORREDOR 1 (câm 23)",,,,,,,,,,,,,,,"Antes: último registro em 23/09 — VERDE. Todas as câmeras ONLINE sem erro.
Manutenção em 24/09 às 11:41 — técnico Luiz Rodrigo. Anomalias: FRONTAL (câm 21): Sem gravação de imagens, Câmera mal reposicionada; FRENTE (câm 22): Sem gravação de imagens, Configuração incorreta da câmera; CORREDOR 1 (câm 23): Sem gravação de imagens, Configuração incorreta da câmera.
No dia da manutenção (24/09) o CFTV mostrava VERDE (registro exibido à parte: não conta como antes nem depois).
Resultado: SEM DADOS PARA VALIDAR — sem registro CFTV posterior à manutenção."
31761_2026-09-24,31761,2026-09-24,SEM DADOS PARA VALIDAR,sem registro CFTV posterior à manutenção,NÃO,NÃO,FRONTAL (câm 21),"FRONTAL (câm 21), FRENTE (câm 22), CORREDOR 1 (câm 23)",2026-09-17,5.0,7.0,,,,,,,,,,,,"Antes: último registro em 23/09 — VERMELHO. Problema: FRONTAL (câm 21) OFFLINE.
O problema aparece desde 17/09: 5 registro(s) com problema, 7 dia(s) corrido(s) até 23/09.
Manutenção em 24/09 às 10:18 — técnico Luiz Rodrigo. Anomalias: FRONTAL (câm 21): Sem gravação de imagens, Câmera mal reposicionada; FRENTE (câm 22): Câmera inoperante, Sem gravação de imagens, Conexões do switch incorretas.
No dia da manutenção (24/09) o CFTV mostrava VERDE (registro exibido à parte: não conta como antes nem depois).
Resultado: SEM DADOS PARA VALIDAR — sem registro CFTV posterior à manutenção."
31786_2026-09-24,31786,2026-09-24,SEM DADOS PARA VALIDAR,sem registro CFTV posterior à manutenção,NÃO,NÃO,FRONTAL (câm 21),"FRONTAL (câm 21), FRENTE (câm 22), CORREDOR 1 (câm 23)",2026-09-01,14.0,23.0,,,,,,,,,,,,"Antes: último registro em 23/09 — LARANJA. Problema: FRONTAL (câm 21) ONLINE COM ERRO (SD: error, Gravação: error).
O problema aparece desde 01/09 (já existia no primeiro registro disponível): 14 registro(s) com problema, 23 dia(s) corrido(s) até 23/09.
Manutenção em 24/09 às 00:01 — técnico Joel. Anomalias: FRONTAL (câm 21): Configuração incorreta da câmera; FRENTE (câm 22): Sem gravação de imagens, Configuração incorreta da câmera; CORREDOR 1 (câm 23): Configuração incorreta da câmera.
No dia da manutenção (24/09) o CFTV mostrava VERDE (registro exibido à parte: não conta como antes nem depois).
Resultado: SEM DADOS PARA VALIDAR — sem registro CFTV posterior à manutenção."
51004_2026-09-24,51004,2026-09-24,SEM DADOS PARA VALIDAR,sem registro CFTV posterior à manutenção,NÃO,NÃO,"FRENTE (câm 22), CORREDOR 1 (câm 23)","FRONTAL (câm 21), FRENTE (câm 22)",2026-09-01,15.0,23.0,,,,,,,,,,,,"Antes: último registro em 23/09 — VERMELHO. Problema: FRENTE (câm 22) OFFLINE; CORREDOR 1 (câm 23) OFFLINE.
O problema aparece desde 01/09 (já existia no primeiro registro disponível): 15 registro(s) com problema, 23 dia(s) corrido(s) até 23/09.
Manutenção em 24/09 às 00:46 — técnico Gustavo Nunes. Anomalias: FRONTAL (câm 21): Sem gravação de imagens; FRENTE (câm 22): Sem gravação de imagens.
No dia da manutenção (24/09) o CFTV mostrava VERDE (registro exibido à parte: não conta como antes nem depois).
Resultado: SEM DADOS PARA VALIDAR — sem registro CFTV posterior à manutenção."
51574_2026-09-24,51574,2026-09-24,SEM DADOS PARA VALIDAR,sem registro CFTV posterior à manutenção,NÃO,NÃO,CORREDOR 4 (câm 26),CORREDOR 4 (câm 26),2026-09-01,13.0,23.0,,,,,,,,,,,,"Antes: último registro em 23/09 — LARANJA. Problema: CORREDOR 4 (câm 26) ONLINE COM ERRO (SD: error, Gravação: error).
O problema aparece desde 01/09 (já existia no primeiro registro disponível): 13 registro(s) com problema, 23 dia(s) corrido(s) até 23/09.
Manutenção em 24/09 às 00:44 — técnico Gustavo Nunes. Anomalias: CORREDOR 4 (câm 26): Sem gravação de imagens.
No dia da manutenção (24/09) o CFTV mostrava VERDE (registro exibido à parte: não conta como antes nem depois).
Resultado: SEM DADOS PARA VALIDAR — sem registro CFTV posterior à manutenção."
51579_2026-09-24,51579,2026-09-24,SEM DADOS PARA VALIDAR,sem registro CFTV posterior à manutenção,NÃO,NÃO,,,,,,,,,,,,,,,,,"Antes: último registro em 23/09 — VERDE. Todas as câmeras ONLINE sem erro.
Manutenção em 24/09 às 00:10 — técnico FELIX SECURITY GABRIEL. Anomalias: nenhuma anomalia marcada.
No dia da manutenção (24/09) o CFTV mostrava VERDE (registro exibido à parte: não conta como antes nem depois).
Resultado: SEM DADOS PARA VALIDAR — sem registro CFTV posterior à manutenção."
52111_2026-09-24,52111,2026-09-24,SEM DADOS PARA VALIDAR,sem registro CFTV posterior à manutenção,NÃO,NÃO,,,,,,,,,,,,,,,,,"Antes: último registro em 23/09 — VERDE. Todas as câmeras ONLINE sem erro.
Manutenção em 24/09 às 00:30 — técnico FELIX SECURITY GABRIEL. Anomalias: nenhuma anomalia marcada.
No dia da manutenção (24/09) o CFTV mostrava VERDE (registro exibido à parte: não conta como antes nem depois).
Resultado: SEM DADOS PARA VALIDAR — sem registro CFTV posterior à manutenção."
52113_2026-09-24,52113,2026-09-24,SEM DADOS PARA VALIDAR,sem registro CFTV posterior à manutenção,NÃO,NÃO,,,,,,,,,,,,,,,,,"Antes: último registro em 23/09 — VERDE. Todas as câmeras ONLINE sem erro.
Manutenção em 24/09 às 02:16 — técnico FELIX SECURITY GABRIEL. Anomalias: nenhuma anomalia marcada.
No dia da manutenção (24/09) o CFTV mostrava VERDE (registro exibido à parte: não conta como antes nem depois).
Resultado: SEM DADOS PARA VALIDAR — sem registro CFTV posterior à manutenção."
52127_2026-09-24,52127,2026-09-24,SEM DADOS PARA VALIDAR,sem registro CFTV posterior à manutenção,NÃO,NÃO,,,,,,,,,,,,,,,,,"Antes: último registro em 23/09 — VERDE. Todas as câmeras ONLINE sem erro.
Manutenção em 24/09 às 01:45 — técnico FELIX SECURITY GABRIEL. Anomalias: nenhuma anomalia marcada.
No dia da manutenção (24/09) o CFTV mostrava VERDE (registro exibido à parte: não conta como antes nem depois).
Resultado: SEM DADOS PARA VALIDAR — sem registro CFTV posterior à manutenção."
52132_2026-09-24,52132,2026-09-24,SEM DADOS PARA VALIDAR,sem registro CFTV posterior à manutenção,NÃO,NÃO,"FRONTAL (câm 21), FRENTE (câm 22)",,2026-09-01,15.0,23.0,,,,,,,,,,,,"Antes: último registro em 23/09 — LARANJA. Problema: FRONTAL (câm 21) ONLINE COM ERRO (SD: error, Gravação: error); FRENTE (câm 22) ONLINE COM ERRO (SD: error, Gravação: error).
O problema aparece desde 01/09 (já existia no primeiro registro disponível): 15 registro(s) com problema, 23 dia(s) corrido(s) até 23/09.
Manutenção em 24/09 às 02:05 — técnico FELIX SECURITY GABRIEL. Anomalias: nenhuma anomalia marcada.
No dia da manutenção (24/09) o CFTV mostrava LARANJA (registro exibido à parte: não conta como antes nem depois).
Resultado: SEM DADOS PARA VALIDAR — sem registro CFTV posterior à manutenção."
52145_2026-09-24,52145,2026-09-24,SEM DADOS PARA VALIDAR,sem registro CFTV posterior à manutenção,NÃO,NÃO,,,,,,,,,,,,,,,,,"Antes: último registro em 23/09 — VERDE. Todas as câmeras ONLINE sem erro.
Manutenção em 24/09 às 00:24 — técnico FELIX SECURITY GABRIEL. Anomalias: nenhuma anomalia marcada.
No dia da manutenção (24/09) o CFTV mostrava VERDE (registro exibido à parte: não conta como antes nem depois).
Resultado: SEM DADOS PARA VALIDAR — sem registro CFTV posterior à manutenção."
52712_2026-09-24,52712,2026-09-24,SEM DADOS PARA VALIDAR,sem registro CFTV posterior à manutenção,NÃO,NÃO,,,,,,,,,,,,,,,,,"Antes: último registro em 23/09 — VERDE. Todas as câmeras ONLINE sem erro.
Manutenção em 24/09 às 01:57 — técnico FELIX SECURITY GABRIEL. Anomalias: nenhuma anomalia marcada.
No dia da manutenção (24/09) o CFTV mostrava VERDE (registro exibido à parte: não conta como antes nem depois).
Resultado: SEM DADOS PARA VALIDAR — sem registro CFTV posterior à manutenção."
52748_2026-09-24,52748,2026-09-24,SEM DADOS PARA VALIDAR,sem registro CFTV posterior à manutenção,NÃO,NÃO,"FRONTAL (câm 21), FRENTE (câm 22)","FRONTAL (câm 21), FRENTE (câm 22)",2026-09-01,15.0,23.0,,,,,,,,,,,,"Antes: último registro em 23/09 — LARANJA. Problema: FRONTAL (câm 21) ONLINE COM ERRO (SD: error, Gravação: error); FRENTE (câm 22) ONLINE COM ERRO (SD: error, Gravação: error).
O problema aparece desde 01/09 (já existia no primeiro registro disponível): 15 registro(s) com problema, 23 dia(s) corrido(s) até 23/09.
Manutenção em 24/09 às 00:48 — técnico Gustavo Nunes. Anomalias: FRONTAL (câm 21): Sem gravação de imagens; FRENTE (câm 22): Sem gravação de imagens.
No dia da manutenção (24/09) o CFTV mostrava VERDE (registro exibido à parte: não conta como antes nem depois).
Resultado: SEM DADOS PARA VALIDAR — sem registro CFTV posterior à manutenção."
52767_2026-09-24,52767,2026-09-24,SEM DADOS PARA VALIDAR,sem registro CFTV posterior à manutenção,NÃO,NÃO,"FRONTAL (câm 21), FRENTE (câm 22), CORREDOR 2 (câm 24), CORREDOR 4 (câm 26)","FRONTAL (câm 21), FRENTE (câm 22), CORREDOR 2 (câm 24), CORREDOR 4 (câm 26)",2026-09-01,15.0,23.0,,,,,,,,,,,,"Antes: último registro em 23/09 — LARANJA. Problema: FRONTAL (câm 21) ONLINE COM ERRO (SD: error, Gravação: error); FRENTE (câm 22) ONLINE COM ERRO (SD: error, Gravação: error); CORREDOR 2 (câm 24) ONLINE COM ERRO (SD: error, Gravação: error); CORREDOR 4 (câm 26) ONLINE COM ERRO (SD: error, Gravação: error).
O problema aparece desde 01/09 (já existia no primeiro registro disponível): 15 registro(s) com problema, 23 dia(s) corrido(s) até 23/09.
Manutenção em 24/09 às 22:40 — técnico Anderson Silva. Anomalias: FRONTAL (câm 21): Sem gravação de imagens; FRENTE (câm 22): Sem gravação de imagens; CORREDOR 2 (câm 24): Sem gravação de imagens; CORREDOR 4 (câm 26): Sem gravação de imagens.
No dia da manutenção (24/09) o CFTV mostrava LARANJA (registro exibido à parte: não conta como antes nem depois).
Resultado: SEM DADOS PARA VALIDAR — sem registro CFTV posterior à manutenção."
52799_2026-09-24,52799,2026-09-24,SEM DADOS PARA VALIDAR,sem registro CFTV posterior à manutenção,NÃO,NÃO,,,,,,,,,,,,,,,,,"Antes: último registro em 23/09 — VERDE. Todas as câmeras ONLINE sem erro.
Manutenção em 24/09 às 00:07 — técnico FELIX SECURITY GABRIEL. Anomalias: nenhuma anomalia marcada.
No dia da manutenção (24/09) o CFTV mostrava VERDE (registro exibido à parte: não conta como antes nem depois).
Resultado: SEM DADOS PARA VALIDAR — sem registro CFTV posterior à manutenção."
52838_2026-09-24,52838,2026-09-24,SEM DADOS PARA VALIDAR,sem registro CFTV posterior à manutenção,NÃO,NÃO,,,,,,,,,,,,,,,,,"Antes: último registro em 23/09 — VERDE. Todas as câmeras ONLINE sem erro.
Manutenção em 24/09 às 00:15 — técnico FELIX SECURITY GABRIEL. Anomalias: nenhuma anomalia marcada.
No dia da manutenção (24/09) o CFTV mostrava VERDE (registro exibido à parte: não conta como antes nem depois).
Resultado: SEM DADOS PARA VALIDAR — sem registro CFTV posterior à manutenção."
52935_2026-09-24,52935,2026-09-24,SEM DADOS PARA VALIDAR,sem registro CFTV posterior à manutenção,NÃO,NÃO,,,,,,,,,,,,,,,,,"Antes: último registro em 23/09 — VERDE. Todas as câmeras ONLINE sem erro.
Manutenção em 24/09 às 00:20 — técnico FELIX SECURITY GABRIEL. Anomalias: nenhuma anomalia marcada.
No dia da manutenção (24/09) o CFTV mostrava VERDE (registro exibido à parte: não conta como antes nem depois).
Resultado: SEM DADOS PARA VALIDAR — sem registro CFTV posterior à manutenção."
68603_2026-09-24,68603,2026-09-24,SEM DADOS PARA VALIDAR,sem registro CFTV posterior à manutenção,NÃO,NÃO,FRONTAL (câm 21),"FRONTAL (câm 21), FRENTE (câm 22)",2026-09-21,3.0,3.0,,,,,,,,,,,,"Antes: último registro em 23/09 — VERMELHO. Problema: FRONTAL (câm 21) OFFLINE.
O problema aparece desde 21/09 (já existia no primeiro registro disponível): 3 registro(s) com problema, 3 dia(s) corrido(s) até 23/09.
Manutenção em 24/09 às 01:55 — técnico Rafael Menezes Rocha. Anomalias: FRONTAL (câm 21): Câmera inoperante, Câmera travada, Configuração incorreta da câmera; FRENTE (câm 22): Câmera inoperante, Câmera travada, Configuração incorreta da câmera.
No dia da manutenção (24/09) o CFTV mostrava VERDE (registro exibido à parte: não conta como antes nem depois).
Resultado: SEM DADOS PARA VALIDAR — sem registro CFTV posterior à manutenção."
68652_2026-09-24,68652,2026-09-24,SEM DADOS PARA VALIDAR,sem registro CFTV posterior à manutenção,NÃO,NÃO,,"FRONTAL (câm 21), FRENTE (câm 22)",,,,,,,,,,,,,,,"Antes: último registro em 23/09 — VERDE. Todas as câmeras ONLINE sem erro.
Manutenção em 24/09 às 02:35 — técnico Rafael Menezes Rocha. Anomalias: FRONTAL (câm 21): Câmera inoperante, Câmera travada, Configuração incorreta da câmera; FRENTE (câm 22): Câmera inoperante, Câmera travada, Configuração incorreta da câmera.
No dia da manutenção (24/09) o CFTV mostrava VERDE (registro exibido à parte: não conta como antes nem depois).
Resultado: SEM DADOS PARA VALIDAR — sem registro CFTV posterior à manutenção."
73219_2026-09-24,73219,2026-09-24,SEM DADOS PARA VALIDAR,sem registro CFTV posterior à manutenção,NÃO,NÃO,,"FRONTAL (câm 21), FRENTE (câm 22), CORREDOR 1 (câm 23)",,,,,,,,,,,,,,,"Antes: último registro em 23/09 — VERDE. Todas as câmeras ONLINE sem erro.
Manutenção em 24/09 às 03:22 — técnico John Lima. Anomalias: FRONTAL (câm 21): Câmera mal reposicionada, Configuração incorreta da câmera; FRENTE (câm 22): Configuração incorreta da câmera; CORREDOR 1 (câm 23): Configuração incorreta da câmera.
No dia da manutenção (24/09) o CFTV mostrava VERDE (registro exibido à parte: não conta como antes nem depois).
Resultado: SEM DADOS PARA VALIDAR — sem registro CFTV posterior à manutenção."
73612_2026-09-24,73612,2026-09-24,SEM DADOS PARA VALIDAR,sem registro CFTV posterior à manutenção,NÃO,NÃO,,"FRONTAL (câm 21), CORREDOR 3 (câm 25)",,,,,,,,,,,,,,,"Antes: último registro em 23/09 — VERDE. Todas as câmeras ONLINE sem erro.
Manutenção em 24/09 às 02:45 — técnico John Lima. Anomalias: FRONTAL (câm 21): Câmera mal reposicionada; CORREDOR 3 (câm 25): Câmera mal reposicionada.
No dia da manutenção (24/09) o CFTV mostrava VERDE (registro exibido à parte: não conta como antes nem depois).
Resultado: SEM DADOS PARA VALIDAR — sem registro CFTV posterior à manutenção."
73776_2026-09-24,73776,2026-09-24,SEM DADOS PARA VALIDAR,sem registro CFTV posterior à manutenção,NÃO,NÃO,"FRONTAL (câm 21), CORREDOR 1 (câm 23), CORREDOR 3 (câm 25), CORREDOR 4 (câm 26)",FRONTAL (câm 21),2026-09-01,12.0,23.0,,,,,,,,,,,,"Antes: último registro em 23/09 — VERMELHO. Problema: FRONTAL (câm 21) OFFLINE; CORREDOR 1 (câm 23) ONLINE COM ERRO (SD: error, Gravação: error); CORREDOR 3 (câm 25) ONLINE COM ERRO (SD: error, Gravação: error); CORREDOR 4 (câm 26) ONLINE COM ERRO (SD: error, Gravação: error).
O problema aparece desde 01/09 (já existia no primeiro registro disponível): 12 registro(s) com problema, 23 dia(s) corrido(s) até 23/09.
Manutenção em 24/09 às 01:50 — técnico Abner Melo. Anomalias: FRONTAL (câm 21): Câmera inoperante, Sem gravação de imagens, Cabeamento rompido/danificado, RJ45 crimpado incorretamente, Configuração incorreta da câmera, Câmera desligada manualmente.
No dia da manutenção (24/09) o CFTV mostrava VERMELHO (registro exibido à parte: não conta como antes nem depois).
Resultado: SEM DADOS PARA VALIDAR — sem registro CFTV posterior à manutenção."
73796_2026-09-24,73796,2026-09-24,SEM DADOS PARA VALIDAR,sem registro CFTV posterior à manutenção,NÃO,NÃO,FRONTAL (câm 21),FRONTAL (câm 21),2026-09-01,15.0,23.0,,,,,,,,,,,,"Antes: último registro em 23/09 — VERMELHO. Problema: FRONTAL (câm 21) OFFLINE.
O problema aparece desde 01/09 (já existia no primeiro registro disponível): 15 registro(s) com problema, 23 dia(s) corrido(s) até 23/09.
Manutenção em 24/09 às 01:25 — técnico Abner Melo. Anomalias: FRONTAL (câm 21): Câmera inoperante, Sem gravação de imagens, Cabeamento rompido/danificado, RJ45 crimpado incorretamente, Configuração incorreta da câmera.
No dia da manutenção (24/09) o CFTV mostrava VERDE (registro exibido à parte: não conta como antes nem depois).
Resultado: SEM DADOS PARA VALIDAR — sem registro CFTV posterior à manutenção."
73803_2026-09-24,73803,2026-09-24,SEM DADOS PARA VALIDAR,sem registro CFTV posterior à manutenção,NÃO,NÃO,FRONTAL (câm 21),FRONTAL (câm 21),2026-09-01,15.0,23.0,,,,,,,,,,,,"Antes: último registro em 23/09 — VERMELHO. Problema: FRONTAL (câm 21) OFFLINE.
O problema aparece desde 01/09 (já existia no primeiro registro disponível): 15 registro(s) com problema, 23 dia(s) corrido(s) até 23/09.
Manutenção em 24/09 às 00:37 — técnico Abner Melo. Anomalias: FRONTAL (câm 21): Câmera inoperante, Sem gravação de imagens, Câmera com infiltração.
No dia da manutenção (24/09) o CFTV mostrava VERDE (registro exibido à parte: não conta como antes nem depois).
Resultado: SEM DADOS PARA VALIDAR — sem registro CFTV posterior à manutenção."
11457_2026-09-25,11457,2026-09-25,SEM DADOS PARA VALIDAR,manutenção fora do período do CFTV (sem registros posteriores),NÃO,NÃO,CORREDOR 1 (câm 23),"FRENTE (câm 22), CORREDOR 1 (câm 23)",2026-09-01,15.0,24.0,,,,,,,,,,,,"Antes: último registro em 24/09 — LARANJA. Problema: CORREDOR 1 (câm 23) ONLINE COM ERRO (SD: error, Gravação: error).
O problema aparece desde 01/09 (já existia no primeiro registro disponível): 15 registro(s) com problema, 24 dia(s) corrido(s) até 24/09.
Manutenção em 25/09 às 03:10 — técnico Leandro Resende. Anomalias: FRENTE (câm 22): Câmera mal reposicionada; CORREDOR 1 (câm 23): Sem gravação de imagens.
Não há registro CFTV no dia da manutenção (25/09).
Resultado: SEM DADOS PARA VALIDAR — manutenção fora do período do CFTV (sem registros posteriores)."
11677_2026-09-25,11677,2026-09-25,SEM DADOS PARA VALIDAR,manutenção fora do período do CFTV (sem registros posteriores),NÃO,NÃO,,FRENTE (câm 22),,,,,,,,,,,,,,,"Antes: último registro em 24/09 — VERDE. Todas as câmeras ONLINE sem erro.
Manutenção em 25/09 às 03:50 — técnico Leandro Resende. Anomalias: FRENTE (câm 22): Câmera mal reposicionada.
Não há registro CFTV no dia da manutenção (25/09).
Resultado: SEM DADOS PARA VALIDAR — manutenção fora do período do CFTV (sem registros posteriores)."
11682_2026-09-25,11682,2026-09-25,SEM DADOS PARA VALIDAR,manutenção fora do período do CFTV (sem registros posteriores),NÃO,NÃO,,FRENTE (câm 22),,,,,,,,,,,,,,,"Antes: último registro em 24/09 — VERDE. Todas as câmeras ONLINE sem erro.
Manutenção em 25/09 às 04:02 — técnico Leandro Resende. Anomalias: FRENTE (câm 22): Câmera mal reposicionada.
Não há registro CFTV no dia da manutenção (25/09).
Resultado: SEM DADOS PARA VALIDAR — manutenção fora do período do CFTV (sem registros posteriores)."
11694_2026-09-25,11694,2026-09-25,SEM DADOS PARA VALIDAR,manutenção fora do período do CFTV (sem registros posteriores),NÃO,NÃO,,FRENTE (câm 22),,,,,,,,,,,,,,,"Antes: último registro em 24/09 — VERDE. Todas as câmeras ONLINE sem erro.
Manutenção em 25/09 às 03:43 — técnico Leandro Resende. Anomalias: FRENTE (câm 22): Câmera mal reposicionada.
Não há registro CFTV no dia da manutenção (25/09).
Resultado: SEM DADOS PARA VALIDAR — manutenção fora do período do CFTV (sem registros posteriores)."
11786_2026-09-25,11786,2026-09-25,SEM DADOS PARA VALIDAR,manutenção fora do período do CFTV (sem registros posteriores),NÃO,NÃO,CORREDOR 1 (câm 23),CORREDOR 1 (câm 23),2026-09-01,15.0,24.0,,,,,,,,,,,,"Antes: último registro em 24/09 — LARANJA. Problema: CORREDOR 1 (câm 23) ONLINE COM ERRO (SD: error, Gravação: error).
O problema aparece desde 01/09 (já existia no primeiro registro disponível): 15 registro(s) com problema, 24 dia(s) corrido(s) até 24/09.
Manutenção em 25/09 às 03:32 — técnico Leandro Resende. Anomalias: CORREDOR 1 (câm 23): Sem gravação de imagens.
Não há registro CFTV no dia da manutenção (25/09).
Resultado: SEM DADOS PARA VALIDAR — manutenção fora do período do CFTV (sem registros posteriores)."
11857_2026-09-25,11857,2026-09-25,SEM DADOS PARA VALIDAR,manutenção fora do período do CFTV (sem registros posteriores),NÃO,NÃO,,FRENTE (câm 22),,,,,,,,,,,,,,,"Antes: último registro em 24/09 — VERDE. Todas as câmeras ONLINE sem erro.
Manutenção em 25/09 às 03:19 — técnico Leandro Resende. Anomalias: FRENTE (câm 22): Câmera mal reposicionada.
Não há registro CFTV no dia da manutenção (25/09).
Resultado: SEM DADOS PARA VALIDAR — manutenção fora do período do CFTV (sem registros posteriores)."
11874_2026-09-25,11874,2026-09-25,SEM DADOS PARA VALIDAR,manutenção fora do período do CFTV (sem registros posteriores),NÃO,NÃO,,FRENTE (câm 22),,,,,,,,,,,,,,,"Antes: último registro em 24/09 — VERDE. Todas as câmeras ONLINE sem erro.
Manutenção em 25/09 às 02:28 — técnico Leandro Resende. Anomalias: FRENTE (câm 22): Câmera mal reposicionada.
Não há registro CFTV no dia da manutenção (25/09).
Resultado: SEM DADOS PARA VALIDAR — manutenção fora do período do CFTV (sem registros posteriores)."
11883_2026-09-25,11883,2026-09-25,SEM DADOS PARA VALIDAR,manutenção fora do período do CFTV (sem registros posteriores),NÃO,NÃO,,FRONTAL (câm 21),,,,,,,,,,,,,,,"Antes: último registro em 24/09 — VERDE. Todas as câmeras ONLINE sem erro.
Manutenção em 25/09 às 01:51 — técnico Leandro Resende. Anomalias: FRONTAL (câm 21): Sem gravação de imagens.
Não há registro CFTV no dia da manutenção (25/09).
Resultado: SEM DADOS PARA VALIDAR — manutenção fora do período do CFTV (sem registros posteriores)."
52714_2026-09-25,52714,2026-09-25,SEM DADOS PARA VALIDAR,manutenção fora do período do CFTV (sem registros posteriores),NÃO,NÃO,"FRENTE (câm 22), CORREDOR 2 (câm 24)","FRENTE (câm 22), CORREDOR 2 (câm 24)",2026-09-01,16.0,24.0,,,,,,,,,,,,"Antes: último registro em 24/09 — LARANJA. Problema: FRENTE (câm 22) ONLINE COM ERRO (SD: error, Gravação: error); CORREDOR 2 (câm 24) ONLINE COM ERRO (SD: error, Gravação: error).
O problema aparece desde 01/09 (já existia no primeiro registro disponível): 16 registro(s) com problema, 24 dia(s) corrido(s) até 24/09.
Manutenção em 25/09 às 04:23 — técnico Gustavo Nunes. Anomalias: FRENTE (câm 22): Sem gravação de imagens; CORREDOR 2 (câm 24): Câmera inoperante.
Não há registro CFTV no dia da manutenção (25/09).
Resultado: SEM DADOS PARA VALIDAR — manutenção fora do período do CFTV (sem registros posteriores)."
52907_2026-09-25,52907,2026-09-25,SEM DADOS PARA VALIDAR,manutenção fora do período do CFTV (sem registros posteriores),NÃO,NÃO,"CORREDOR 1 (câm 23), CORREDOR 2 (câm 24), CORREDOR 4 (câm 26)","FRONTAL (câm 21), FRENTE (câm 22), CORREDOR 1 (câm 23), CORREDOR 2 (câm 24), CORREDOR 4 (câm 26)",2026-09-01,16.0,24.0,,,,,,,,,,,,"Antes: último registro em 24/09 — VERMELHO. Problema: CORREDOR 1 (câm 23) ONLINE COM ERRO (SD: error, Gravação: error); CORREDOR 2 (câm 24) ONLINE COM ERRO (SD: error, Gravação: error); CORREDOR 4 (câm 26) OFFLINE.
O problema aparece desde 01/09 (já existia no primeiro registro disponível): 16 registro(s) com problema, 24 dia(s) corrido(s) até 24/09.
Manutenção em 25/09 às 01:49 — técnico Anderson Silva. Anomalias: CORREDOR 1 (câm 23): Sem gravação de imagens, Configuração incorreta da câmera; CORREDOR 2 (câm 24): Sem gravação de imagens, Configuração incorreta da câmera; CORREDOR 4 (câm 26): Sem gravação de imagens, Cabeamento rompido/danificado.
Não há registro CFTV no dia da manutenção (25/09).
Resultado: SEM DADOS PARA VALIDAR — manutenção fora do período do CFTV (sem registros posteriores)."
68508_2026-09-25,68508,2026-09-25,SEM DADOS PARA VALIDAR,manutenção fora do período do CFTV (sem registros posteriores),NÃO,NÃO,FRENTE (câm 22),"FRONTAL (câm 21), FRENTE (câm 22)",2026-09-01,16.0,24.0,,,,,,,,,,,,"Antes: último registro em 24/09 — LARANJA. Problema: FRENTE (câm 22) ONLINE COM ERRO (SD: error, Gravação: error).
O problema aparece desde 01/09 (já existia no primeiro registro disponível): 16 registro(s) com problema, 24 dia(s) corrido(s) até 24/09.
Manutenção em 25/09 às 02:50 — técnico Rafael Menezes Rocha. Anomalias: FRONTAL (câm 21): Câmera inoperante, Câmera travada, Configuração incorreta da câmera; FRENTE (câm 22): Câmera inoperante, Câmera travada, Falha na conexão dos cabos, Câmera mal reposicionada.
Não há registro CFTV no dia da manutenção (25/09).
Resultado: SEM DADOS PARA VALIDAR — manutenção fora do período do CFTV (sem registros posteriores)."
73381_2026-09-25,73381,2026-09-25,SEM DADOS PARA VALIDAR,manutenção fora do período do CFTV (sem registros posteriores),NÃO,NÃO,FRONTAL (câm 21),FRONTAL (câm 21),2026-09-01,16.0,24.0,,,,,,,,,,,,"Antes: último registro em 24/09 — VERMELHO. Problema: FRONTAL (câm 21) OFFLINE.
O problema aparece desde 01/09 (já existia no primeiro registro disponível): 16 registro(s) com problema, 24 dia(s) corrido(s) até 24/09.
Manutenção em 25/09 às 09:40 — técnico John Lima. Anomalias: FRONTAL (câm 21): Câmera inoperante, Cabeamento rompido/danificado.
Não há registro CFTV no dia da manutenção (25/09).
Resultado: SEM DADOS PARA VALIDAR — manutenção fora do período do CFTV (sem registros posteriores)."
73642_2026-09-25,73642,2026-09-25,SEM DADOS PARA VALIDAR,manutenção fora do período do CFTV (sem registros posteriores),NÃO,NÃO,CORREDOR 4 (câm 26),CORREDOR 4 (câm 26),2026-09-01,16.0,24.0,,,,,,,,,,,,"Antes: último registro em 24/09 — VERMELHO. Problema: CORREDOR 4 (câm 26) OFFLINE.
O problema aparece desde 01/09 (já existia no primeiro registro disponível): 16 registro(s) com problema, 24 dia(s) corrido(s) até 24/09.
Manutenção em 25/09 às 01:18 — técnico John Lima. Anomalias: CORREDOR 4 (câm 26): Câmera inoperante, Cabeamento rompido/danificado.
Não há registro CFTV no dia da manutenção (25/09).
Resultado: SEM DADOS PARA VALIDAR — manutenção fora do período do CFTV (sem registros posteriores)."
