Prefixo,empresas,dias_com_registro,primeiro_dia,ultimo_dia,tem_manutencao
10001,SANTA BRIGIDA,15,2026-09-01,2026-09-24,False
10002,SANTA BRIGIDA,15,2026-09-01,2026-09-24,False
10003,SANTA BRIGIDA,15,2026-09-01,2026-09-24,False
10004,SANTA BRIGIDA,15,2026-09-01,2026-09-24,False
10005,SANTA BRIGIDA,15,2026-09-01,2026-09-24,False
10006,SANTA BRIGIDA,15,2026-09-01,2026-09-24,False
10007,SANTA BRIGIDA,15,2026-09-01,2026-09-24,False
10008,SANTA BRIGIDA,15,2026-09-01,2026-09-24,False
10009,SANTA BRIGIDA,15,2026-09-01,2026-09-24,False
10010,SANTA BRIGIDA,15,2026-09-01,2026-09-24,False
10201,SANTA BRIGIDA,15,2026-09-01,2026-09-24,False
10202,SANTA BRIGIDA,15,2026-09-01,2026-09-24,False
10203,SANTA BRIGIDA,15,2026-09-01,2026-09-24,False
10204,SANTA BRIGIDA,15,2026-09-01,2026-09-24,False
10205,SANTA BRIGIDA,15,2026-09-01,2026-09-24,False
10206,SANTA BRIGIDA,15,2026-09-01,2026-09-24,False
10207,SANTA BRIGIDA,15,2026-09-01,2026-09-24,False
10208,SANTA BRIGIDA,15,2026-09-01,2026-09-24,False
10209,SANTA BRIGIDA,15,2026-09-01,2026-09-24,False
10210,SANTA BRIGIDA,15,2026-09-01,2026-09-24,False
10211,SANTA BRIGIDA,15,2026-09-01,2026-09-24,False
10212,SANTA BRIGIDA,15,2026-09-01,2026-09-24,False
10213,SANTA BRIGIDA,15,2026-09-01,2026-09-24,False
10214,SANTA BRIGIDA,15,2026-09-01,2026-09-24,False
10215,SANTA BRIGIDA,15,2026-09-01,2026-09-24,False
10216,SANTA BRIGIDA,15,2026-09-01,2026-09-24,False
10217,SANTA BRIGIDA,15,2026-09-01,2026-09-24,False
10218,SANTA BRIGIDA,15,2026-09-01,2026-09-24,False
10219,SANTA BRIGIDA,15,2026-09-01,2026-09-24,False
10220,SANTA BRIGIDA,15,2026-09-01,2026-09-24,False
10221,SANTA BRIGIDA,15,2026-09-01,2026-09-24,False
10222,SANTA BRIGIDA,15,2026-09-01,2026-09-24,False
10223,SANTA BRIGIDA,15,2026-09-01,2026-09-24,False
10224,SANTA BRIGIDA,15,2026-09-01,2026-09-24,False
10225,SANTA BRIGIDA,15,2026-09-01,2026-09-24,False
10226,SANTA BRIGIDA,15,2026-09-01,2026-09-24,False
10227,SANTA BRIGIDA,15,2026-09-01,2026-09-24,False
10228,SANTA BRIGIDA,15,2026-09-01,2026-09-24,False
10229,SANTA BRIGIDA,15,2026-09-01,2026-09-24,False
10230,SANTA BRIGIDA,15,2026-09-01,2026-09-24,False
10401,SANTA BRIGIDA,15,2026-09-01,2026-09-24,False
10402,SANTA BRIGIDA,15,2026-09-01,2026-09-24,False
10403,SANTA BRIGIDA,15,2026-09-01,2026-09-24,False
10404,SANTA BRIGIDA,15,2026-09-01,2026-09-24,False
10405,SANTA BRIGIDA,15,2026-09-01,2026-09-24,False
10406,SANTA BRIGIDA,15,2026-09-01,2026-09-24,False
10407,SANTA BRIGIDA,15,2026-09-01,2026-09-24,False
10408,SANTA BRIGIDA,12,2026-09-01,2026-09-22,False
10409,SANTA BRIGIDA,15,2026-09-01,2026-09-24,False
10410,SANTA BRIGIDA,15,2026-09-01,2026-09-24,False
10411,SANTA BRIGIDA,15,2026-09-01,2026-09-24,False
10412,SANTA BRIGIDA,15,2026-09-01,2026-09-24,False
10413,SANTA BRIGIDA,15,2026-09-01,2026-09-24,False
10414,SANTA BRIGIDA,15,2026-09-01,2026-09-24,False
10415,SANTA BRIGIDA,14,2026-09-01,2026-09-24,False
10416,SANTA BRIGIDA,15,2026-09-01,2026-09-24,False
10417,SANTA BRIGIDA,15,2026-09-01,2026-09-24,False
10418,SANTA BRIGIDA,15,2026-09-01,2026-09-24,False
10419,SANTA BRIGIDA,15,2026-09-01,2026-09-24,False
10420,SANTA BRIGIDA,15,2026-09-01,2026-09-24,False
10421,SANTA BRIGIDA,15,2026-09-01,2026-09-24,False
10422,SANTA BRIGIDA,15,2026-09-01,2026-09-24,False
10423,SANTA BRIGIDA,15,2026-09-01,2026-09-24,False
10424,SANTA BRIGIDA,15,2026-09-01,2026-09-24,False
10425,SANTA BRIGIDA,15,2026-09-01,2026-09-24,False
10426,SANTA BRIGIDA,15,2026-09-01,2026-09-24,False
10427,SANTA BRIGIDA,12,2026-09-01,2026-09-24,False
10428,SANTA BRIGIDA,14,2026-09-01,2026-09-23,False
10429,SANTA BRIGIDA,15,2026-09-01,2026-09-24,False
10430,SANTA BRIGIDA,15,2026-09-01,2026-09-24,False
10431,SANTA BRIGIDA,15,2026-09-01,2026-09-24,False
10432,SANTA BRIGIDA,15,2026-09-01,2026-09-24,False
10433,SANTA BRIGIDA,15,2026-09-01,2026-09-24,False
10434,SANTA BRIGIDA,15,2026-09-01,2026-09-24,False
10435,SANTA BRIGIDA,15,2026-09-01,2026-09-24,False
10436,SANTA BRIGIDA,15,2026-09-01,2026-09-24,False
10437,SANTA BRIGIDA,15,2026-09-01,2026-09-24,False
10481,SANTA BRIGIDA,15,2026-09-01,2026-09-24,False
10482,SANTA BRIGIDA,9,2026-09-01,2026-09-24,False
10483,SANTA BRIGIDA,15,2026-09-01,2026-09-24,False
10484,SANTA BRIGIDA,15,2026-09-01,2026-09-24,False
10486,SANTA BRIGIDA,15,2026-09-01,2026-09-24,False
10487,SANTA BRIGIDA,15,2026-09-01,2026-09-24,False
10488,SANTA BRIGIDA,14,2026-09-01,2026-09-24,False
10489,SANTA BRIGIDA,15,2026-09-01,2026-09-24,False
10490,SANTA BRIGIDA,15,2026-09-01,2026-09-24,False
10491,SANTA BRIGIDA,15,2026-09-01,2026-09-24,False
10492,SANTA BRIGIDA,15,2026-09-01,2026-09-24,False
10493,SANTA BRIGIDA,15,2026-09-01,2026-09-24,False
10494,SANTA BRIGIDA,15,2026-09-01,2026-09-24,False
10495,SANTA BRIGIDA,15,2026-09-01,2026-09-24,False
10496,SANTA BRIGIDA,15,2026-09-01,2026-09-24,False
10497,SANTA BRIGIDA,15,2026-09-01,2026-09-24,False
10498,SANTA BRIGIDA,15,2026-09-01,2026-09-24,False
10499,SANTA BRIGIDA,15,2026-09-01,2026-09-24,False
10500,SANTA BRIGIDA,15,2026-09-01,2026-09-24,False
10541,SANTA BRIGIDA,15,2026-09-01,2026-09-24,False
10542,SANTA BRIGIDA,15,2026-09-01,2026-09-24,False
10543,SANTA BRIGIDA,15,2026-09-01,2026-09-24,False
10544,SANTA BRIGIDA,14,2026-09-01,2026-09-24,False
10545,SANTA BRIGIDA,15,2026-09-01,2026-09-24,False
10546,SANTA BRIGIDA,15,2026-09-01,2026-09-24,False
10547,SANTA BRIGIDA,15,2026-09-01,2026-09-24,False
10548,SANTA BRIGIDA,15,2026-09-01,2026-09-24,False
10549,SANTA BRIGIDA,15,2026-09-01,2026-09-24,False
10550,SANTA BRIGIDA,15,2026-09-01,2026-09-24,False
10551,SANTA BRIGIDA,15,2026-09-01,2026-09-24,False
10552,SANTA BRIGIDA,13,2026-09-03,2026-09-24,False
10553,SANTA BRIGIDA,15,2026-09-01,2026-09-24,False
10554,SANTA BRIGIDA,15,2026-09-01,2026-09-24,False
10555,SANTA BRIGIDA,15,2026-09-01,2026-09-24,False
10556,SANTA BRIGIDA,15,2026-09-01,2026-09-24,False
10557,SANTA BRIGIDA,15,2026-09-01,2026-09-24,False
10558,SANTA BRIGIDA,15,2026-09-01,2026-09-24,False
10559,SANTA BRIGIDA,15,2026-09-01,2026-09-24,False
10560,SANTA BRIGIDA,15,2026-09-01,2026-09-24,False
10581,SANTA BRIGIDA,15,2026-09-01,2026-09-24,False
10582,SANTA BRIGIDA,15,2026-09-01,2026-09-24,False
10583,SANTA BRIGIDA,15,2026-09-01,2026-09-24,False
10584,SANTA BRIGIDA,15,2026-09-01,2026-09-24,False
10585,SANTA BRIGIDA,15,2026-09-01,2026-09-24,False
10586,SANTA BRIGIDA,15,2026-09-01,2026-09-24,False
10587,SANTA BRIGIDA,15,2026-09-01,2026-09-24,False
10588,SANTA BRIGIDA,15,2026-09-01,2026-09-24,False
10589,SANTA BRIGIDA,15,2026-09-01,2026-09-24,False
10590,SANTA BRIGIDA,15,2026-09-01,2026-09-24,False
10591,SANTA BRIGIDA,15,2026-09-01,2026-09-24,False
10592,SANTA BRIGIDA,15,2026-09-01,2026-09-24,False
10593,SANTA BRIGIDA,15,2026-09-01,2026-09-24,False
10594,SANTA BRIGIDA,15,2026-09-01,2026-09-24,False
10595,SANTA BRIGIDA,15,2026-09-01,2026-09-24,False
10596,SANTA BRIGIDA,15,2026-09-01,2026-09-24,False
10597,SANTA BRIGIDA,15,2026-09-01,2026-09-24,False
10598,SANTA BRIGIDA,15,2026-09-01,2026-09-24,False
10599,SANTA BRIGIDA,15,2026-09-01,2026-09-24,False
10600,SANTA BRIGIDA,15,2026-09-01,2026-09-24,False
10601,SANTA BRIGIDA,15,2026-09-01,2026-09-24,False
10602,SANTA BRIGIDA,15,2026-09-01,2026-09-24,False
10603,SANTA BRIGIDA,15,2026-09-01,2026-09-24,False
10604,SANTA BRIGIDA,15,2026-09-01,2026-09-24,False
10605,SANTA BRIGIDA,15,2026-09-01,2026-09-24,False
10606,SANTA BRIGIDA,15,2026-09-01,2026-09-24,False
10607,SANTA BRIGIDA,15,2026-09-01,2026-09-24,False
10608,SANTA BRIGIDA,15,2026-09-01,2026-09-24,False
10609,SANTA BRIGIDA,15,2026-09-01,2026-09-24,False
10610,SANTA BRIGIDA,15,2026-09-01,2026-09-24,False
10651,SANTA BRIGIDA,15,2026-09-01,2026-09-24,False
10652,SANTA BRIGIDA,15,2026-09-01,2026-09-24,False
10653,SANTA BRIGIDA,15,2026-09-01,2026-09-24,False
10654,SANTA BRIGIDA,15,2026-09-01,2026-09-24,False
10655,SANTA BRIGIDA,15,2026-09-01,2026-09-24,False
10656,SANTA BRIGIDA,15,2026-09-01,2026-09-24,False
10657,SANTA BRIGIDA,15,2026-09-01,2026-09-24,False
10658,SANTA BRIGIDA,15,2026-09-01,2026-09-24,False
10659,SANTA BRIGIDA,15,2026-09-01,2026-09-24,False
10660,SANTA BRIGIDA,15,2026-09-01,2026-09-24,False
11012,SANTA BRIGIDA,15,2026-09-01,2026-09-24,False
11013,SANTA BRIGIDA,14,2026-09-01,2026-09-24,False
11014,SANTA BRIGIDA,11,2026-09-01,2026-09-18,False
11015,SANTA BRIGIDA,15,2026-09-01,2026-09-24,False
11016,SANTA BRIGIDA,15,2026-09-01,2026-09-24,False
11017,SANTA BRIGIDA,15,2026-09-01,2026-09-24,False
11018,SANTA BRIGIDA,15,2026-09-01,2026-09-24,False
11019,SANTA BRIGIDA,15,2026-09-01,2026-09-24,False
11020,SANTA BRIGIDA,15,2026-09-01,2026-09-24,False
11021,SANTA BRIGIDA,15,2026-09-01,2026-09-24,False
11022,SANTA BRIGIDA,15,2026-09-01,2026-09-24,False
11023,SANTA BRIGIDA,15,2026-09-01,2026-09-24,False
11024,SANTA BRIGIDA,15,2026-09-01,2026-09-24,False
11025,SANTA BRIGIDA,15,2026-09-01,2026-09-24,False
11026,SANTA BRIGIDA,15,2026-09-01,2026-09-24,False
11027,SANTA BRIGIDA,15,2026-09-01,2026-09-24,False
11028,SANTA BRIGIDA,15,2026-09-01,2026-09-24,False
11029,SANTA BRIGIDA,15,2026-09-01,2026-09-24,False
11030,SANTA BRIGIDA,15,2026-09-01,2026-09-24,False
11031,SANTA BRIGIDA,15,2026-09-01,2026-09-24,False
11032,SANTA BRIGIDA,15,2026-09-01,2026-09-24,False
11033,SANTA BRIGIDA,15,2026-09-01,2026-09-24,False
11034,SANTA BRIGIDA,15,2026-09-01,2026-09-24,False
11035,SANTA BRIGIDA,15,2026-09-01,2026-09-24,False
11036,SANTA BRIGIDA,15,2026-09-01,2026-09-24,False
11037,SANTA BRIGIDA,15,2026-09-01,2026-09-24,False
11038,SANTA BRIGIDA,15,2026-09-01,2026-09-24,True
11039,SANTA BRIGIDA,15,2026-09-01,2026-09-24,False
11040,SANTA BRIGIDA,15,2026-09-01,2026-09-24,False
11042,SANTA BRIGIDA,14,2026-09-01,2026-09-24,False
11043,SANTA BRIGIDA,15,2026-09-01,2026-09-24,False
11044,SANTA BRIGIDA,15,2026-09-01,2026-09-24,True
11045,SANTA BRIGIDA,15,2026-09-01,2026-09-24,False
11046,SANTA BRIGIDA,15,2026-09-01,2026-09-24,False
11047,SANTA BRIGIDA,15,2026-09-01,2026-09-24,False
11048,SANTA BRIGIDA,15,2026-09-01,2026-09-24,False
11049,SANTA BRIGIDA,13,2026-09-01,2026-09-22,False
11050,SANTA BRIGIDA,15,2026-09-01,2026-09-24,False
11051,SANTA BRIGIDA,15,2026-09-01,2026-09-24,False
11052,SANTA BRIGIDA,15,2026-09-01,2026-09-24,True
11053,SANTA BRIGIDA,15,2026-09-01,2026-09-24,True
11054,SANTA BRIGIDA,15,2026-09-01,2026-09-24,False
11055,SANTA BRIGIDA,15,2026-09-01,2026-09-24,True
11056,SANTA BRIGIDA,15,2026-09-01,2026-09-24,False
11057,SANTA BRIGIDA,15,2026-09-01,2026-09-24,False
11058,SANTA BRIGIDA,15,2026-09-01,2026-09-24,False
11059,SANTA BRIGIDA,15,2026-09-01,2026-09-24,False
11060,SANTA BRIGIDA,15,2026-09-01,2026-09-24,False
11061,SANTA BRIGIDA,15,2026-09-01,2026-09-24,True
11062,SANTA BRIGIDA,15,2026-09-01,2026-09-24,False
11063,SANTA BRIGIDA,15,2026-09-01,2026-09-24,False
11064,SANTA BRIGIDA,15,2026-09-01,2026-09-24,True
11066,SANTA BRIGIDA,15,2026-09-01,2026-09-24,False
11067,SANTA BRIGIDA,15,2026-09-01,2026-09-24,True
11068,SANTA BRIGIDA,15,2026-09-01,2026-09-24,True
11069,SANTA BRIGIDA,15,2026-09-01,2026-09-24,False
11070,SANTA BRIGIDA,15,2026-09-01,2026-09-24,False
11071,SANTA BRIGIDA,15,2026-09-01,2026-09-24,False
11072,SANTA BRIGIDA,15,2026-09-01,2026-09-24,True
11073,SANTA BRIGIDA,15,2026-09-01,2026-09-24,False
11074,SANTA BRIGIDA,15,2026-09-01,2026-09-24,False
11075,SANTA BRIGIDA,15,2026-09-01,2026-09-24,False
11076,SANTA BRIGIDA,15,2026-09-01,2026-09-24,False
11077,SANTA BRIGIDA,15,2026-09-01,2026-09-24,False
11078,SANTA BRIGIDA,15,2026-09-01,2026-09-24,True
11079,SANTA BRIGIDA,15,2026-09-01,2026-09-24,False
11080,SANTA BRIGIDA,15,2026-09-01,2026-09-24,False
11081,SANTA BRIGIDA,15,2026-09-01,2026-09-24,False
11082,SANTA BRIGIDA,15,2026-09-01,2026-09-24,False
11083,SANTA BRIGIDA,15,2026-09-01,2026-09-24,False
11084,SANTA BRIGIDA,15,2026-09-01,2026-09-24,False
11085,SANTA BRIGIDA,15,2026-09-01,2026-09-24,False
11086,SANTA BRIGIDA,15,2026-09-01,2026-09-24,True
11087,SANTA BRIGIDA,15,2026-09-01,2026-09-24,False
11088,SANTA BRIGIDA,15,2026-09-01,2026-09-24,True
11089,SANTA BRIGIDA,15,2026-09-01,2026-09-24,False
11090,SANTA BRIGIDA,15,2026-09-01,2026-09-24,False
11091,SANTA BRIGIDA,15,2026-09-01,2026-09-24,False
11092,SANTA BRIGIDA,15,2026-09-01,2026-09-24,False
11093,SANTA BRIGIDA,15,2026-09-01,2026-09-24,False
11094,SANTA BRIGIDA,15,2026-09-01,2026-09-24,False
11095,SANTA BRIGIDA,15,2026-09-01,2026-09-24,False
11096,SANTA BRIGIDA,15,2026-09-01,2026-09-24,False
11097,SANTA BRIGIDA,15,2026-09-01,2026-09-24,True
11098,SANTA BRIGIDA,15,2026-09-01,2026-09-24,False
11099,SANTA BRIGIDA,15,2026-09-01,2026-09-24,False
11100,SANTA BRIGIDA,15,2026-09-01,2026-09-24,True
11101,SANTA BRIGIDA,15,2026-09-01,2026-09-24,True
11102,SANTA BRIGIDA,15,2026-09-01,2026-09-24,False
11103,SANTA BRIGIDA,15,2026-09-01,2026-09-24,True
11104,SANTA BRIGIDA,15,2026-09-01,2026-09-24,False
11105,SANTA BRIGIDA,15,2026-09-01,2026-09-24,False
11106,SANTA BRIGIDA,15,2026-09-01,2026-09-24,False
11107,SANTA BRIGIDA,15,2026-09-01,2026-09-24,False
11108,SANTA BRIGIDA,15,2026-09-01,2026-09-24,False
11109,SANTA BRIGIDA,15,2026-09-01,2026-09-24,True
11110,SANTA BRIGIDA,15,2026-09-01,2026-09-24,False
11111,SANTA BRIGIDA,15,2026-09-01,2026-09-24,True
11112,SANTA BRIGIDA,15,2026-09-01,2026-09-24,False
11113,SANTA BRIGIDA,15,2026-09-01,2026-09-24,False
11114,SANTA BRIGIDA,15,2026-09-01,2026-09-24,False
11115,SANTA BRIGIDA,15,2026-09-01,2026-09-24,False
11299,SANTA BRIGIDA,7,2026-09-01,2026-09-11,False
11438,SANTA BRIGIDA,15,2026-09-01,2026-09-24,False
11439,SANTA BRIGIDA,15,2026-09-01,2026-09-24,False
11440,SANTA BRIGIDA,15,2026-09-01,2026-09-24,False
11441,SANTA BRIGIDA,15,2026-09-01,2026-09-24,False
11442,SANTA BRIGIDA,14,2026-09-01,2026-09-24,False
11443,SANTA BRIGIDA,15,2026-09-01,2026-09-24,False
11444,SANTA BRIGIDA,15,2026-09-01,2026-09-24,False
11445,SANTA BRIGIDA,15,2026-09-01,2026-09-24,False
11446,SANTA BRIGIDA,15,2026-09-01,2026-09-24,False
11447,SANTA BRIGIDA,15,2026-09-01,2026-09-24,False
11448,SANTA BRIGIDA,15,2026-09-01,2026-09-24,False
11449,SANTA BRIGIDA,15,2026-09-01,2026-09-24,False
11450,SANTA BRIGIDA,15,2026-09-01,2026-09-24,False
11451,SANTA BRIGIDA,15,2026-09-01,2026-09-24,False
11452,SANTA BRIGIDA,15,2026-09-01,2026-09-24,True
11453,SANTA BRIGIDA,15,2026-09-01,2026-09-24,False
11454,SANTA BRIGIDA,15,2026-09-01,2026-09-24,False
11455,SANTA BRIGIDA,15,2026-09-01,2026-09-24,False
11456,SANTA BRIGIDA,15,2026-09-01,2026-09-24,False
11457,SANTA BRIGIDA,15,2026-09-01,2026-09-24,True
11458,SANTA BRIGIDA,15,2026-09-01,2026-09-24,False
11459,SANTA BRIGIDA,15,2026-09-01,2026-09-24,False
11460,SANTA BRIGIDA,15,2026-09-01,2026-09-24,False
11461,SANTA BRIGIDA,15,2026-09-01,2026-09-24,False
11462,SANTA BRIGIDA,15,2026-09-01,2026-09-24,False
11463,SANTA BRIGIDA,15,2026-09-01,2026-09-24,False
11464,SANTA BRIGIDA,12,2026-09-01,2026-09-24,False
11465,SANTA BRIGIDA,15,2026-09-01,2026-09-24,False
11466,SANTA BRIGIDA,15,2026-09-01,2026-09-24,False
11467,SANTA BRIGIDA,15,2026-09-01,2026-09-24,False
11468,SANTA BRIGIDA,15,2026-09-01,2026-09-24,False
11469,SANTA BRIGIDA,15,2026-09-01,2026-09-24,False
11470,SANTA BRIGIDA,15,2026-09-01,2026-09-24,False
11471,SANTA BRIGIDA,15,2026-09-01,2026-09-24,True
11472,SANTA BRIGIDA,13,2026-09-01,2026-09-22,False
11473,SANTA BRIGIDA,15,2026-09-01,2026-09-24,False
11474,SANTA BRIGIDA,15,2026-09-01,2026-09-24,False
11475,SANTA BRIGIDA,15,2026-09-01,2026-09-24,False
11476,SANTA BRIGIDA,15,2026-09-01,2026-09-24,False
11477,SANTA BRIGIDA,15,2026-09-01,2026-09-24,False
11478,SANTA BRIGIDA,15,2026-09-01,2026-09-24,False
11479,SANTA BRIGIDA,15,2026-09-01,2026-09-24,False
11480,SANTA BRIGIDA,15,2026-09-01,2026-09-24,False
11501,SANTA BRIGIDA,15,2026-09-01,2026-09-24,False
11502,SANTA BRIGIDA,15,2026-09-01,2026-09-24,False
11503,SANTA BRIGIDA,15,2026-09-01,2026-09-24,False
11504,SANTA BRIGIDA,14,2026-09-01,2026-09-24,False
11505,SANTA BRIGIDA,15,2026-09-01,2026-09-24,False
11506,SANTA BRIGIDA,15,2026-09-01,2026-09-24,False
11507,SANTA BRIGIDA,15,2026-09-01,2026-09-24,False
11508,SANTA BRIGIDA,15,2026-09-01,2026-09-24,False
11509,SANTA BRIGIDA,15,2026-09-01,2026-09-24,False
11510,SANTA BRIGIDA,15,2026-09-01,2026-09-24,False
11511,SANTA BRIGIDA,15,2026-09-01,2026-09-24,False
11512,SANTA BRIGIDA,15,2026-09-01,2026-09-24,False
11513,SANTA BRIGIDA,15,2026-09-01,2026-09-24,False
11514,SANTA BRIGIDA,15,2026-09-01,2026-09-24,False
11515,SANTA BRIGIDA,15,2026-09-01,2026-09-24,False
11516,SANTA BRIGIDA,15,2026-09-01,2026-09-24,False
11517,SANTA BRIGIDA,15,2026-09-01,2026-09-24,False
11518,SANTA BRIGIDA,15,2026-09-01,2026-09-24,False
11519,SANTA BRIGIDA,15,2026-09-01,2026-09-24,False
11520,SANTA BRIGIDA,15,2026-09-01,2026-09-24,False
11521,SANTA BRIGIDA,13,2026-09-01,2026-09-24,False
11522,SANTA BRIGIDA,15,2026-09-01,2026-09-24,False
11523,SANTA BRIGIDA,15,2026-09-01,2026-09-24,False
11524,SANTA BRIGIDA,15,2026-09-01,2026-09-24,False
11525,SANTA BRIGIDA,15,2026-09-01,2026-09-24,False
11526,SANTA BRIGIDA,15,2026-09-01,2026-09-24,False
11527,SANTA BRIGIDA,15,2026-09-01,2026-09-24,False
11528,SANTA BRIGIDA,15,2026-09-01,2026-09-24,False
11529,SANTA BRIGIDA,15,2026-09-01,2026-09-24,False
11530,SANTA BRIGIDA,15,2026-09-01,2026-09-24,False
11531,SANTA BRIGIDA,15,2026-09-01,2026-09-24,False
11532,SANTA BRIGIDA,15,2026-09-01,2026-09-24,False
11533,SANTA BRIGIDA,15,2026-09-01,2026-09-24,False
11534,SANTA BRIGIDA,15,2026-09-01,2026-09-24,False
11535,SANTA BRIGIDA,15,2026-09-01,2026-09-24,False
11536,SANTA BRIGIDA,15,2026-09-01,2026-09-24,True
11537,SANTA BRIGIDA,15,2026-09-01,2026-09-24,False
11538,SANTA BRIGIDA,15,2026-09-01,2026-09-24,False
11539,SANTA BRIGIDA,15,2026-09-01,2026-09-24,False
11540,SANTA BRIGIDA,15,2026-09-01,2026-09-24,False
11561,SANTA BRIGIDA,15,2026-09-01,2026-09-24,False
11562,SANTA BRIGIDA,15,2026-09-01,2026-09-24,False
11563,SANTA BRIGIDA,15,2026-09-01,2026-09-24,False
11564,SANTA BRIGIDA,15,2026-09-01,2026-09-24,False
11565,SANTA BRIGIDA,15,2026-09-01,2026-09-24,False
11566,SANTA BRIGIDA,15,2026-09-01,2026-09-24,False
11567,SANTA BRIGIDA,15,2026-09-01,2026-09-24,False
11568,SANTA BRIGIDA,15,2026-09-01,2026-09-24,False
11569,SANTA BRIGIDA,15,2026-09-01,2026-09-24,False
11570,SANTA BRIGIDA,15,2026-09-01,2026-09-24,False
11571,SANTA BRIGIDA,15,2026-09-01,2026-09-24,False
11572,SANTA BRIGIDA,15,2026-09-01,2026-09-24,False
11573,SANTA BRIGIDA,15,2026-09-01,2026-09-24,False
11574,SANTA BRIGIDA,15,2026-09-01,2026-09-24,False
11575,SANTA BRIGIDA,15,2026-09-01,2026-09-24,False
11576,SANTA BRIGIDA,15,2026-09-01,2026-09-24,False
11577,SANTA BRIGIDA,15,2026-09-01,2026-09-24,False
11578,SANTA BRIGIDA,15,2026-09-01,2026-09-24,False
11579,SANTA BRIGIDA,15,2026-09-01,2026-09-24,False
11580,SANTA BRIGIDA,15,2026-09-01,2026-09-24,False
11661,SANTA BRIGIDA,15,2026-09-01,2026-09-24,True
11662,SANTA BRIGIDA,15,2026-09-01,2026-09-24,False
11663,SANTA BRIGIDA,15,2026-09-01,2026-09-24,False
11664,SANTA BRIGIDA,15,2026-09-01,2026-09-24,False
11665,SANTA BRIGIDA,15,2026-09-01,2026-09-24,False
11666,SANTA BRIGIDA,15,2026-09-01,2026-09-24,False
11667,SANTA BRIGIDA,15,2026-09-01,2026-09-24,False
11668,SANTA BRIGIDA,15,2026-09-01,2026-09-24,False
11669,SANTA BRIGIDA,15,2026-09-01,2026-09-24,True
11670,SANTA BRIGIDA,15,2026-09-01,2026-09-24,False
11671,SANTA BRIGIDA,15,2026-09-01,2026-09-24,False
11672,SANTA BRIGIDA,15,2026-09-01,2026-09-24,False
11673,SANTA BRIGIDA,15,2026-09-01,2026-09-24,False
11674,SANTA BRIGIDA,15,2026-09-01,2026-09-24,False
11675,SANTA BRIGIDA,15,2026-09-01,2026-09-24,False
11676,SANTA BRIGIDA,15,2026-09-01,2026-09-24,False
11677,SANTA BRIGIDA,15,2026-09-01,2026-09-24,True
11678,SANTA BRIGIDA,15,2026-09-01,2026-09-24,False
11679,SANTA BRIGIDA,15,2026-09-01,2026-09-24,False
11680,SANTA BRIGIDA,15,2026-09-01,2026-09-24,False
11681,SANTA BRIGIDA,15,2026-09-01,2026-09-24,False
11682,SANTA BRIGIDA,15,2026-09-01,2026-09-24,True
11683,SANTA BRIGIDA,15,2026-09-01,2026-09-24,False
11684,SANTA BRIGIDA,15,2026-09-01,2026-09-24,False
11685,SANTA BRIGIDA,15,2026-09-01,2026-09-24,False
11686,SANTA BRIGIDA,15,2026-09-01,2026-09-24,False
11687,SANTA BRIGIDA,15,2026-09-01,2026-09-24,False
11688,SANTA BRIGIDA,15,2026-09-01,2026-09-24,False
11689,SANTA BRIGIDA,15,2026-09-01,2026-09-24,True
11690,SANTA BRIGIDA,15,2026-09-01,2026-09-24,False
11691,SANTA BRIGIDA,15,2026-09-01,2026-09-24,True
11692,SANTA BRIGIDA,15,2026-09-01,2026-09-24,False
11693,SANTA BRIGIDA,15,2026-09-01,2026-09-24,False
11694,SANTA BRIGIDA,15,2026-09-01,2026-09-24,True
11695,SANTA BRIGIDA,15,2026-09-01,2026-09-24,True
11696,SANTA BRIGIDA,15,2026-09-01,2026-09-24,False
11697,SANTA BRIGIDA,15,2026-09-01,2026-09-24,False
11698,SANTA BRIGIDA,15,2026-09-01,2026-09-24,False
11699,SANTA BRIGIDA,12,2026-09-03,2026-09-24,False
11700,SANTA BRIGIDA,15,2026-09-01,2026-09-24,False
11701,SANTA BRIGIDA,15,2026-09-01,2026-09-24,False
11702,SANTA BRIGIDA,15,2026-09-01,2026-09-24,False
11703,SANTA BRIGIDA,15,2026-09-01,2026-09-24,False
11704,SANTA BRIGIDA,15,2026-09-01,2026-09-24,False
11705,SANTA BRIGIDA,15,2026-09-01,2026-09-24,False
11706,SANTA BRIGIDA,15,2026-09-01,2026-09-24,False
11707,SANTA BRIGIDA,15,2026-09-01,2026-09-24,False
11708,SANTA BRIGIDA,15,2026-09-01,2026-09-24,False
11709,SANTA BRIGIDA,15,2026-09-01,2026-09-24,False
11710,SANTA BRIGIDA,15,2026-09-01,2026-09-24,False
11711,SANTA BRIGIDA,15,2026-09-01,2026-09-24,False
11712,SANTA BRIGIDA,15,2026-09-01,2026-09-24,False
11713,SANTA BRIGIDA,15,2026-09-01,2026-09-24,False
11714,SANTA BRIGIDA,15,2026-09-01,2026-09-24,True
11715,SANTA BRIGIDA,15,2026-09-01,2026-09-24,False
11716,SANTA BRIGIDA,15,2026-09-01,2026-09-24,False
11717,SANTA BRIGIDA,15,2026-09-01,2026-09-24,False
11718,SANTA BRIGIDA,15,2026-09-01,2026-09-24,False
11719,SANTA BRIGIDA,15,2026-09-01,2026-09-24,False
11720,SANTA BRIGIDA,15,2026-09-01,2026-09-24,False
11721,SANTA BRIGIDA,15,2026-09-01,2026-09-24,False
11722,SANTA BRIGIDA,15,2026-09-01,2026-09-24,False
11723,SANTA BRIGIDA,15,2026-09-01,2026-09-24,False
11724,SANTA BRIGIDA,15,2026-09-01,2026-09-24,False
11725,SANTA BRIGIDA,15,2026-09-01,2026-09-24,True
11726,SANTA BRIGIDA,13,2026-09-03,2026-09-24,False
11727,SANTA BRIGIDA,15,2026-09-01,2026-09-24,False
11728,SANTA BRIGIDA,15,2026-09-01,2026-09-24,False
11729,SANTA BRIGIDA,15,2026-09-01,2026-09-24,False
11730,SANTA BRIGIDA,14,2026-09-01,2026-09-24,False
11731,SANTA BRIGIDA,15,2026-09-01,2026-09-24,False
11733,SANTA BRIGIDA,15,2026-09-01,2026-09-24,False
11734,SANTA BRIGIDA,15,2026-09-01,2026-09-24,False
11735,SANTA BRIGIDA,15,2026-09-01,2026-09-24,False
11736,SANTA BRIGIDA,15,2026-09-01,2026-09-24,False
11737,SANTA BRIGIDA,15,2026-09-01,2026-09-24,False
11738,SANTA BRIGIDA,15,2026-09-01,2026-09-24,True
11739,SANTA BRIGIDA,15,2026-09-01,2026-09-24,False
11740,SANTA BRIGIDA,15,2026-09-01,2026-09-24,False
11741,SANTA BRIGIDA,15,2026-09-01,2026-09-24,False
11742,SANTA BRIGIDA,15,2026-09-01,2026-09-24,False
11743,SANTA BRIGIDA,15,2026-09-01,2026-09-24,False
11744,SANTA BRIGIDA,15,2026-09-01,2026-09-24,True
11745,SANTA BRIGIDA,15,2026-09-01,2026-09-24,False
11746,SANTA BRIGIDA,15,2026-09-01,2026-09-24,False
11747,SANTA BRIGIDA,15,2026-09-01,2026-09-24,False
11748,SANTA BRIGIDA,15,2026-09-01,2026-09-24,False
11749,SANTA BRIGIDA,15,2026-09-01,2026-09-24,False
11750,SANTA BRIGIDA,15,2026-09-01,2026-09-24,False
11751,SANTA BRIGIDA,15,2026-09-01,2026-09-24,False
11752,SANTA BRIGIDA,15,2026-09-01,2026-09-24,False
11753,SANTA BRIGIDA,15,2026-09-01,2026-09-24,False
11754,SANTA BRIGIDA,15,2026-09-01,2026-09-24,True
11755,SANTA BRIGIDA,15,2026-09-01,2026-09-24,True
11756,SANTA BRIGIDA,15,2026-09-01,2026-09-24,False
11757,SANTA BRIGIDA,15,2026-09-01,2026-09-24,False
11758,SANTA BRIGIDA,15,2026-09-01,2026-09-24,False
11759,SANTA BRIGIDA,15,2026-09-01,2026-09-24,True
11760,SANTA BRIGIDA,15,2026-09-01,2026-09-24,False
11761,SANTA BRIGIDA,15,2026-09-01,2026-09-24,False
11762,SANTA BRIGIDA,15,2026-09-01,2026-09-24,False
11763,SANTA BRIGIDA,15,2026-09-01,2026-09-24,False
11764,SANTA BRIGIDA,15,2026-09-01,2026-09-24,True
11765,SANTA BRIGIDA,15,2026-09-01,2026-09-24,False
11766,SANTA BRIGIDA,15,2026-09-01,2026-09-24,False
11767,SANTA BRIGIDA,15,2026-09-01,2026-09-24,False
11768,SANTA BRIGIDA,15,2026-09-01,2026-09-24,False
11769,SANTA BRIGIDA,15,2026-09-01,2026-09-24,False
11770,SANTA BRIGIDA,15,2026-09-01,2026-09-24,False
11771,SANTA BRIGIDA,15,2026-09-01,2026-09-24,False
11772,SANTA BRIGIDA,15,2026-09-01,2026-09-24,False
11773,SANTA BRIGIDA,15,2026-09-01,2026-09-24,False
11774,SANTA BRIGIDA,15,2026-09-01,2026-09-24,False
11775,SANTA BRIGIDA,15,2026-09-01,2026-09-24,True
11776,SANTA BRIGIDA,15,2026-09-01,2026-09-24,False
11777,SANTA BRIGIDA,15,2026-09-01,2026-09-24,False
11778,SANTA BRIGIDA,15,2026-09-01,2026-09-24,False
11779,SANTA BRIGIDA,15,2026-09-01,2026-09-24,False
11780,SANTA BRIGIDA,15,2026-09-01,2026-09-24,False
11781,SANTA BRIGIDA,15,2026-09-01,2026-09-24,False
11782,SANTA BRIGIDA,15,2026-09-01,2026-09-24,False
11783,SANTA BRIGIDA,15,2026-09-01,2026-09-24,False
11784,SANTA BRIGIDA,15,2026-09-01,2026-09-24,False
11785,SANTA BRIGIDA,15,2026-09-01,2026-09-24,False
11786,SANTA BRIGIDA,15,2026-09-01,2026-09-24,True
11787,SANTA BRIGIDA,15,2026-09-01,2026-09-24,False
11788,SANTA BRIGIDA,15,2026-09-01,2026-09-24,False
11789,SANTA BRIGIDA,15,2026-09-01,2026-09-24,False
11790,SANTA BRIGIDA,15,2026-09-01,2026-09-24,False
11791,SANTA BRIGIDA,15,2026-09-01,2026-09-24,False
11792,SANTA BRIGIDA,15,2026-09-01,2026-09-24,False
11793,SANTA BRIGIDA,15,2026-09-01,2026-09-24,False
11794,SANTA BRIGIDA,15,2026-09-01,2026-09-24,False
11795,SANTA BRIGIDA,15,2026-09-01,2026-09-24,False
11796,SANTA BRIGIDA,15,2026-09-01,2026-09-24,True
11797,SANTA BRIGIDA,15,2026-09-01,2026-09-24,False
11798,SANTA BRIGIDA,15,2026-09-01,2026-09-24,False
11799,SANTA BRIGIDA,15,2026-09-01,2026-09-24,False
11800,SANTA BRIGIDA,15,2026-09-01,2026-09-24,False
11801,SANTA BRIGIDA,15,2026-09-01,2026-09-24,True
11802,SANTA BRIGIDA,15,2026-09-01,2026-09-24,False
11803,SANTA BRIGIDA,15,2026-09-01,2026-09-24,False
11804,SANTA BRIGIDA,15,2026-09-01,2026-09-24,False
11805,SANTA BRIGIDA,15,2026-09-01,2026-09-24,False
11806,SANTA BRIGIDA,15,2026-09-01,2026-09-24,False
11807,SANTA BRIGIDA,15,2026-09-01,2026-09-24,True
11808,SANTA BRIGIDA,15,2026-09-01,2026-09-24,False
11809,SANTA BRIGIDA,15,2026-09-01,2026-09-24,False
11810,SANTA BRIGIDA,15,2026-09-01,2026-09-24,True
11811,SANTA BRIGIDA,15,2026-09-01,2026-09-24,False
11812,SANTA BRIGIDA,15,2026-09-01,2026-09-24,False
11813,SANTA BRIGIDA,15,2026-09-01,2026-09-24,False
11814,SANTA BRIGIDA,15,2026-09-01,2026-09-24,False
11815,SANTA BRIGIDA,15,2026-09-01,2026-09-24,False
11816,SANTA BRIGIDA,15,2026-09-01,2026-09-24,False
11817,SANTA BRIGIDA,15,2026-09-01,2026-09-24,False
11818,SANTA BRIGIDA,15,2026-09-01,2026-09-24,False
11819,SANTA BRIGIDA,15,2026-09-01,2026-09-24,True
11820,SANTA BRIGIDA,15,2026-09-01,2026-09-24,False
11821,SANTA BRIGIDA,15,2026-09-01,2026-09-24,False
11822,SANTA BRIGIDA,15,2026-09-01,2026-09-24,False
11823,SANTA BRIGIDA,15,2026-09-01,2026-09-24,False
11824,SANTA BRIGIDA,15,2026-09-01,2026-09-24,False
11825,SANTA BRIGIDA,15,2026-09-01,2026-09-24,False
11826,SANTA BRIGIDA,15,2026-09-01,2026-09-24,False
11827,SANTA BRIGIDA,15,2026-09-01,2026-09-24,False
11828,SANTA BRIGIDA,15,2026-09-01,2026-09-24,False
11829,SANTA BRIGIDA,15,2026-09-01,2026-09-24,True
11830,SANTA BRIGIDA,15,2026-09-01,2026-09-24,False
11831,SANTA BRIGIDA,15,2026-09-01,2026-09-24,True
11832,SANTA BRIGIDA,15,2026-09-01,2026-09-24,False
11833,SANTA BRIGIDA,15,2026-09-01,2026-09-24,False
11834,SANTA BRIGIDA,15,2026-09-01,2026-09-24,True
11835,SANTA BRIGIDA,15,2026-09-01,2026-09-24,False
11836,SANTA BRIGIDA,15,2026-09-01,2026-09-24,False
11837,SANTA BRIGIDA,15,2026-09-01,2026-09-24,False
11838,SANTA BRIGIDA,15,2026-09-01,2026-09-24,False
11839,SANTA BRIGIDA,15,2026-09-01,2026-09-24,False
11840,SANTA BRIGIDA,15,2026-09-01,2026-09-24,True
11841,SANTA BRIGIDA,15,2026-09-01,2026-09-24,False
11842,SANTA BRIGIDA,15,2026-09-01,2026-09-24,False
11843,SANTA BRIGIDA,15,2026-09-01,2026-09-24,False
11844,SANTA BRIGIDA,15,2026-09-01,2026-09-24,False
11845,SANTA BRIGIDA,15,2026-09-01,2026-09-24,False
11846,SANTA BRIGIDA,15,2026-09-01,2026-09-24,False
11847,SANTA BRIGIDA,15,2026-09-01,2026-09-24,False
11848,SANTA BRIGIDA,15,2026-09-01,2026-09-24,False
11849,SANTA BRIGIDA,15,2026-09-01,2026-09-24,False
11850,SANTA BRIGIDA,15,2026-09-01,2026-09-24,False
11851,SANTA BRIGIDA,15,2026-09-01,2026-09-24,False
11852,SANTA BRIGIDA,15,2026-09-01,2026-09-24,False
11853,SANTA BRIGIDA,15,2026-09-01,2026-09-24,False
11854,SANTA BRIGIDA,15,2026-09-01,2026-09-24,False
11855,SANTA BRIGIDA,15,2026-09-01,2026-09-24,False
11856,SANTA BRIGIDA,15,2026-09-01,2026-09-24,False
11857,SANTA BRIGIDA,15,2026-09-01,2026-09-24,True
11858,SANTA BRIGIDA,15,2026-09-01,2026-09-24,False
11859,SANTA BRIGIDA,15,2026-09-01,2026-09-24,False
11860,SANTA BRIGIDA,15,2026-09-01,2026-09-24,False
11861,SANTA BRIGIDA,15,2026-09-01,2026-09-24,False
11862,SANTA BRIGIDA,15,2026-09-01,2026-09-24,False
11863,SANTA BRIGIDA,15,2026-09-01,2026-09-24,False
11864,SANTA BRIGIDA,15,2026-09-01,2026-09-24,False
11865,SANTA BRIGIDA,15,2026-09-01,2026-09-24,False
11866,SANTA BRIGIDA,15,2026-09-01,2026-09-24,False
11867,SANTA BRIGIDA,15,2026-09-01,2026-09-24,False
11868,SANTA BRIGIDA,15,2026-09-01,2026-09-24,False
11869,SANTA BRIGIDA,15,2026-09-01,2026-09-24,False
11870,SANTA BRIGIDA,15,2026-09-01,2026-09-24,False
11871,SANTA BRIGIDA,15,2026-09-01,2026-09-24,False
11872,SANTA BRIGIDA,15,2026-09-01,2026-09-24,False
11873,SANTA BRIGIDA,15,2026-09-01,2026-09-24,True
11874,SANTA BRIGIDA,15,2026-09-01,2026-09-24,True
11875,SANTA BRIGIDA,15,2026-09-01,2026-09-24,False
11876,SANTA BRIGIDA,15,2026-09-01,2026-09-24,False
11877,SANTA BRIGIDA,15,2026-09-01,2026-09-24,False
11878,SANTA BRIGIDA,15,2026-09-01,2026-09-24,False
11879,SANTA BRIGIDA,15,2026-09-01,2026-09-24,False
11880,SANTA BRIGIDA,15,2026-09-01,2026-09-24,True
11881,SANTA BRIGIDA,15,2026-09-01,2026-09-24,False
11882,SANTA BRIGIDA,15,2026-09-01,2026-09-24,False
11883,SANTA BRIGIDA,15,2026-09-01,2026-09-24,True
11884,SANTA BRIGIDA,15,2026-09-01,2026-09-24,True
11885,SANTA BRIGIDA,15,2026-09-01,2026-09-24,False
11886,SANTA BRIGIDA,15,2026-09-01,2026-09-24,False
11887,SANTA BRIGIDA,15,2026-09-01,2026-09-24,False
11888,SANTA BRIGIDA,15,2026-09-01,2026-09-24,False
11889,SANTA BRIGIDA,15,2026-09-01,2026-09-24,False
11890,SANTA BRIGIDA,15,2026-09-01,2026-09-24,False
11891,SANTA BRIGIDA,15,2026-09-01,2026-09-24,False
11892,SANTA BRIGIDA,15,2026-09-01,2026-09-24,False
11893,SANTA BRIGIDA,15,2026-09-01,2026-09-24,False
11894,SANTA BRIGIDA,15,2026-09-01,2026-09-24,False
11895,SANTA BRIGIDA,15,2026-09-01,2026-09-24,False
11896,SANTA BRIGIDA,15,2026-09-01,2026-09-24,False
11897,SANTA BRIGIDA,15,2026-09-01,2026-09-24,False
11898,SANTA BRIGIDA,15,2026-09-01,2026-09-24,False
11899,SANTA BRIGIDA,15,2026-09-01,2026-09-24,False
11900,SANTA BRIGIDA,15,2026-09-01,2026-09-24,False
11901,SANTA BRIGIDA,15,2026-09-01,2026-09-24,False
11902,SANTA BRIGIDA,15,2026-09-01,2026-09-24,False
11903,SANTA BRIGIDA,15,2026-09-01,2026-09-24,True
11904,SANTA BRIGIDA,15,2026-09-01,2026-09-24,False
11905,SANTA BRIGIDA,15,2026-09-01,2026-09-24,False
11906,SANTA BRIGIDA,15,2026-09-01,2026-09-24,False
11907,SANTA BRIGIDA,15,2026-09-01,2026-09-24,False
11908,SANTA BRIGIDA,15,2026-09-01,2026-09-24,False
11909,SANTA BRIGIDA,15,2026-09-01,2026-09-24,False
11910,SANTA BRIGIDA,15,2026-09-01,2026-09-24,False
11946,SANTA BRIGIDA,15,2026-09-01,2026-09-24,False
11959,SANTA BRIGIDA,15,2026-09-01,2026-09-24,False
11960,SANTA BRIGIDA,15,2026-09-01,2026-09-24,False
11961,SANTA BRIGIDA,15,2026-09-01,2026-09-24,False
11962,SANTA BRIGIDA,15,2026-09-01,2026-09-24,False
11963,SANTA BRIGIDA,15,2026-09-01,2026-09-24,False
11964,SANTA BRIGIDA,15,2026-09-01,2026-09-24,False
11965,SANTA BRIGIDA,15,2026-09-01,2026-09-24,False
11966,SANTA BRIGIDA,15,2026-09-01,2026-09-24,False
11967,SANTA BRIGIDA,15,2026-09-01,2026-09-24,False
11968,SANTA BRIGIDA,15,2026-09-01,2026-09-24,False
11969,SANTA BRIGIDA,15,2026-09-01,2026-09-24,False
11970,SANTA BRIGIDA,15,2026-09-01,2026-09-24,False
11971,SANTA BRIGIDA,15,2026-09-01,2026-09-24,False
11972,SANTA BRIGIDA,15,2026-09-01,2026-09-24,False
11973,SANTA BRIGIDA,15,2026-09-01,2026-09-24,False
11974,SANTA BRIGIDA,15,2026-09-01,2026-09-24,False
11975,SANTA BRIGIDA,15,2026-09-01,2026-09-24,False
11976,SANTA BRIGIDA,15,2026-09-01,2026-09-24,False
11977,SANTA BRIGIDA,15,2026-09-01,2026-09-24,False
11978,SANTA BRIGIDA,15,2026-09-01,2026-09-24,False
11979,SANTA BRIGIDA,15,2026-09-01,2026-09-24,False
11980,SANTA BRIGIDA,15,2026-09-01,2026-09-24,False
11981,SANTA BRIGIDA,15,2026-09-01,2026-09-24,False
11982,SANTA BRIGIDA,15,2026-09-01,2026-09-24,False
11983,SANTA BRIGIDA,15,2026-09-01,2026-09-24,False
11984,SANTA BRIGIDA,15,2026-09-01,2026-09-24,False
11985,SANTA BRIGIDA,15,2026-09-01,2026-09-24,False
11987,SANTA BRIGIDA,15,2026-09-01,2026-09-24,False
11988,SANTA BRIGIDA,15,2026-09-01,2026-09-24,False
11989,SANTA BRIGIDA,15,2026-09-01,2026-09-24,False
11990,SANTA BRIGIDA,15,2026-09-01,2026-09-24,False
11991,SANTA BRIGIDA,15,2026-09-01,2026-09-24,False
11992,SANTA BRIGIDA,15,2026-09-01,2026-09-24,False
11993,SANTA BRIGIDA,15,2026-09-01,2026-09-24,False
11994,SANTA BRIGIDA,15,2026-09-01,2026-09-24,False
11995,SANTA BRIGIDA,15,2026-09-01,2026-09-24,False
11996,SANTA BRIGIDA,15,2026-09-01,2026-09-24,False
11997,SANTA BRIGIDA,15,2026-09-01,2026-09-24,False
11998,SANTA BRIGIDA,15,2026-09-01,2026-09-24,False
11999,SANTA BRIGIDA,14,2026-09-01,2026-09-24,False
12425,GATO PRETO A1,16,2026-09-01,2026-09-24,False
12426,GATO PRETO A1,4,2026-09-01,2026-09-04,False
12427,GATO PRETO A1,16,2026-09-01,2026-09-24,False
12428,GATO PRETO A1,16,2026-09-01,2026-09-24,False
12429,GATO PRETO A1,16,2026-09-01,2026-09-24,False
12430,GATO PRETO A1,16,2026-09-01,2026-09-24,False
12431,GATO PRETO A1,12,2026-09-08,2026-09-24,False
12432,GATO PRETO A1,16,2026-09-01,2026-09-24,False
12434,GATO PRETO A1,16,2026-09-01,2026-09-24,False
12467,GATO PRETO A1,16,2026-09-01,2026-09-24,False
12468,GATO PRETO A1,16,2026-09-01,2026-09-24,False
12469,GATO PRETO A1,16,2026-09-01,2026-09-24,False
12470,GATO PRETO A1,16,2026-09-01,2026-09-24,False
12471,GATO PRETO A1,16,2026-09-01,2026-09-24,False
12472,GATO PRETO A1,16,2026-09-01,2026-09-24,False
12473,GATO PRETO A1,16,2026-09-01,2026-09-24,False
12474,GATO PRETO A1,16,2026-09-01,2026-09-24,False
12475,GATO PRETO A1,16,2026-09-01,2026-09-24,False
12476,GATO PRETO A1,11,2026-09-01,2026-09-24,False
12477,GATO PRETO A1,16,2026-09-01,2026-09-24,False
12478,GATO PRETO A1,16,2026-09-01,2026-09-24,False
12479,GATO PRETO A1,16,2026-09-01,2026-09-24,False
12519,GATO PRETO A1,16,2026-09-01,2026-09-24,False
12520,GATO PRETO A1,15,2026-09-01,2026-09-24,False
12521,GATO PRETO A1,16,2026-09-01,2026-09-24,False
12533,GATO PRETO A1,16,2026-09-01,2026-09-24,False
12534,GATO PRETO A1,16,2026-09-01,2026-09-24,False
12554,GATO PRETO A1,16,2026-09-01,2026-09-24,False
12555,GATO PRETO A1,16,2026-09-01,2026-09-24,False
12556,GATO PRETO A1,16,2026-09-01,2026-09-24,False
12592,GATO PRETO A1,16,2026-09-01,2026-09-24,False
12594,GATO PRETO A1,9,2026-09-01,2026-09-16,False
12595,GATO PRETO A1,6,2026-09-01,2026-09-18,False
12596,GATO PRETO A1,16,2026-09-01,2026-09-24,False
12597,GATO PRETO A1,16,2026-09-01,2026-09-24,False
12599,GATO PRETO A1,16,2026-09-01,2026-09-24,False
12601,GATO PRETO A1,16,2026-09-01,2026-09-24,False
12607,GATO PRETO A1,16,2026-09-01,2026-09-24,False
12608,GATO PRETO A1,16,2026-09-01,2026-09-24,False
12609,GATO PRETO A1,16,2026-09-01,2026-09-24,False
12610,GATO PRETO A1,16,2026-09-01,2026-09-24,False
12611,GATO PRETO A1,16,2026-09-01,2026-09-24,False
12612,GATO PRETO A1,16,2026-09-01,2026-09-24,False
12613,GATO PRETO A1,16,2026-09-01,2026-09-24,False
12614,GATO PRETO A1,16,2026-09-01,2026-09-24,False
12615,GATO PRETO A1,16,2026-09-01,2026-09-24,False
12616,GATO PRETO A1,16,2026-09-01,2026-09-24,False
12644,GATO PRETO A1,16,2026-09-01,2026-09-24,False
12645,GATO PRETO A1,16,2026-09-01,2026-09-24,False
12646,GATO PRETO A1,16,2026-09-01,2026-09-24,False
12666,GATO PRETO A1,16,2026-09-01,2026-09-24,False
12667,GATO PRETO A1,16,2026-09-01,2026-09-24,False
12668,GATO PRETO A1,16,2026-09-01,2026-09-24,False
12669,GATO PRETO A1,16,2026-09-01,2026-09-24,False
12676,GATO PRETO A1,16,2026-09-01,2026-09-24,False
12677,GATO PRETO A1,16,2026-09-01,2026-09-24,False
12678,GATO PRETO A1,16,2026-09-01,2026-09-24,False
12679,GATO PRETO A1,16,2026-09-01,2026-09-24,False
12680,GATO PRETO A1,16,2026-09-01,2026-09-24,False
12681,GATO PRETO A1,16,2026-09-01,2026-09-24,False
12682,GATO PRETO A1,16,2026-09-01,2026-09-24,False
12683,GATO PRETO A1,16,2026-09-01,2026-09-24,False
12684,GATO PRETO A1,16,2026-09-01,2026-09-24,False
12685,GATO PRETO A1,16,2026-09-01,2026-09-24,False
12686,GATO PRETO A1,16,2026-09-01,2026-09-24,False
12687,GATO PRETO A1,16,2026-09-01,2026-09-24,False
12688,GATO PRETO A1,16,2026-09-01,2026-09-24,False
12689,GATO PRETO A1,16,2026-09-01,2026-09-24,False
12690,GATO PRETO A1,16,2026-09-01,2026-09-24,False
12691,GATO PRETO A1,16,2026-09-01,2026-09-24,False
12692,GATO PRETO A1,16,2026-09-01,2026-09-24,False
12732,GATO PRETO A1,16,2026-09-01,2026-09-24,False
12782,GATO PRETO A1,16,2026-09-01,2026-09-24,False
12783,GATO PRETO A1,16,2026-09-01,2026-09-24,False
13522,GATO PRETO A1,9,2026-09-01,2026-09-24,False
13523,GATO PRETO A1,16,2026-09-01,2026-09-24,False
13524,GATO PRETO A1,14,2026-09-01,2026-09-22,False
13525,GATO PRETO A1,16,2026-09-01,2026-09-24,False
13526,GATO PRETO A1,16,2026-09-01,2026-09-24,False
13528,GATO PRETO A1,16,2026-09-01,2026-09-24,False
13529,GATO PRETO A1,16,2026-09-01,2026-09-24,False
13530,GATO PRETO A1,16,2026-09-01,2026-09-24,False
13531,GATO PRETO A1,14,2026-09-01,2026-09-24,False
13545,GATO PRETO A1,15,2026-09-01,2026-09-24,False
13547,GATO PRETO A1,16,2026-09-01,2026-09-24,False
13548,GATO PRETO A1,16,2026-09-01,2026-09-24,False
13549,GATO PRETO A1,16,2026-09-01,2026-09-24,False
13639,GATO PRETO A1,16,2026-09-01,2026-09-24,False
13640,GATO PRETO A1,16,2026-09-01,2026-09-24,False
13641,GATO PRETO A1,16,2026-09-01,2026-09-24,False
13670,GATO PRETO A1,16,2026-09-01,2026-09-24,False
13671,GATO PRETO A1,16,2026-09-01,2026-09-24,False
13672,GATO PRETO A1,16,2026-09-01,2026-09-24,False
13673,GATO PRETO A1,15,2026-09-01,2026-09-24,False
13674,GATO PRETO A1,16,2026-09-01,2026-09-24,False
13675,GATO PRETO A1,16,2026-09-01,2026-09-24,False
13781,GATO PRETO A1,16,2026-09-01,2026-09-24,False
16001,NORTE BUSS A1,16,2026-09-01,2026-09-24,False
16003,NORTE BUSS A1,16,2026-09-01,2026-09-24,False
16004,NORTE BUSS A1,16,2026-09-01,2026-09-24,False
16006,NORTE BUSS A1,16,2026-09-01,2026-09-24,False
16007,NORTE BUSS A1,16,2026-09-01,2026-09-24,False
16008,NORTE BUSS A1,16,2026-09-01,2026-09-24,False
16009,NORTE BUSS A1,16,2026-09-01,2026-09-24,False
16010,NORTE BUSS A1,16,2026-09-01,2026-09-24,False
16012,NORTE BUSS A1,16,2026-09-01,2026-09-24,False
16013,NORTE BUSS A1,16,2026-09-01,2026-09-24,False
16014,NORTE BUSS A1,16,2026-09-01,2026-09-24,False
16015,NORTE BUSS A1,16,2026-09-01,2026-09-24,False
16016,NORTE BUSS A1,15,2026-09-02,2026-09-24,False
16017,NORTE BUSS A1,16,2026-09-01,2026-09-24,False
16018,NORTE BUSS A1,16,2026-09-01,2026-09-24,False
16019,NORTE BUSS A1,16,2026-09-01,2026-09-24,False
16020,NORTE BUSS A1,15,2026-09-01,2026-09-24,False
16021,NORTE BUSS A1,16,2026-09-01,2026-09-24,False
16022,NORTE BUSS A1,15,2026-09-01,2026-09-24,False
16023,NORTE BUSS A1,16,2026-09-01,2026-09-24,False
16024,NORTE BUSS A1,16,2026-09-01,2026-09-24,False
16025,NORTE BUSS A1,16,2026-09-01,2026-09-24,False
16026,NORTE BUSS A1,16,2026-09-01,2026-09-24,False
16027,NORTE BUSS A1,16,2026-09-01,2026-09-24,False
16028,NORTE BUSS A1,16,2026-09-01,2026-09-24,False
16029,NORTE BUSS A1,16,2026-09-01,2026-09-24,False
16030,NORTE BUSS A1,16,2026-09-01,2026-09-24,False
16032,NORTE BUSS A1,16,2026-09-01,2026-09-24,False
16033,NORTE BUSS A1,15,2026-09-02,2026-09-24,False
16034,NORTE BUSS A1,15,2026-09-01,2026-09-24,False
16035,NORTE BUSS A1,16,2026-09-01,2026-09-24,False
16036,NORTE BUSS A1,16,2026-09-01,2026-09-24,False
16037,NORTE BUSS A1,16,2026-09-01,2026-09-24,False
16038,NORTE BUSS A1,16,2026-09-01,2026-09-24,False
16040,NORTE BUSS A1,16,2026-09-01,2026-09-24,False
16041,NORTE BUSS A1,16,2026-09-01,2026-09-24,False
16042,NORTE BUSS A1,16,2026-09-01,2026-09-24,False
16043,NORTE BUSS A1,16,2026-09-01,2026-09-24,False
16044,NORTE BUSS A1,16,2026-09-01,2026-09-24,False
16045,NORTE BUSS A1,16,2026-09-01,2026-09-24,False
16046,NORTE BUSS A1,16,2026-09-01,2026-09-24,False
16047,NORTE BUSS A1,16,2026-09-01,2026-09-24,False
16048,NORTE BUSS A1,16,2026-09-01,2026-09-24,False
16049,NORTE BUSS A1,12,2026-09-01,2026-09-18,False
16050,NORTE BUSS A1,16,2026-09-01,2026-09-24,False
16054,NORTE BUSS A1,16,2026-09-01,2026-09-24,False
16055,NORTE BUSS A1,16,2026-09-01,2026-09-24,False
16056,NORTE BUSS A1,16,2026-09-01,2026-09-24,False
16057,NORTE BUSS A1,16,2026-09-01,2026-09-24,False
16058,NORTE BUSS A1,16,2026-09-01,2026-09-24,False
16061,NORTE BUSS A1,16,2026-09-01,2026-09-24,False
16062,NORTE BUSS A1,16,2026-09-01,2026-09-24,False
16063,NORTE BUSS A1,16,2026-09-01,2026-09-24,False
16064,NORTE BUSS A1,16,2026-09-01,2026-09-24,False
16065,NORTE BUSS A1,16,2026-09-01,2026-09-24,False
16066,NORTE BUSS A1,16,2026-09-01,2026-09-24,False
16070,NORTE BUSS A1,16,2026-09-01,2026-09-24,False
16071,NORTE BUSS A1,16,2026-09-01,2026-09-24,False
16072,NORTE BUSS A1,16,2026-09-01,2026-09-24,False
16073,NORTE BUSS A1,16,2026-09-01,2026-09-24,False
16074,NORTE BUSS A1,16,2026-09-01,2026-09-24,False
16075,NORTE BUSS A1,16,2026-09-01,2026-09-24,False
16077,NORTE BUSS A1,16,2026-09-01,2026-09-24,False
16078,NORTE BUSS A1,16,2026-09-01,2026-09-24,False
16079,NORTE BUSS A1,16,2026-09-01,2026-09-24,False
16080,NORTE BUSS A1,14,2026-09-01,2026-09-23,False
16082,NORTE BUSS A1,16,2026-09-01,2026-09-24,False
16083,NORTE BUSS A1,11,2026-09-09,2026-09-24,False
16084,NORTE BUSS A1,16,2026-09-01,2026-09-24,False
16085,NORTE BUSS A1,16,2026-09-01,2026-09-24,False
16086,NORTE BUSS A1,16,2026-09-01,2026-09-24,False
16087,NORTE BUSS A1,16,2026-09-01,2026-09-24,False
16088,NORTE BUSS A1,16,2026-09-01,2026-09-24,False
16089,NORTE BUSS A1,16,2026-09-01,2026-09-24,False
16090,NORTE BUSS A1,16,2026-09-01,2026-09-24,False
16091,NORTE BUSS A1,16,2026-09-01,2026-09-24,False
16092,NORTE BUSS A1,16,2026-09-01,2026-09-24,False
16093,NORTE BUSS A1,16,2026-09-01,2026-09-24,False
16094,NORTE BUSS A1,16,2026-09-01,2026-09-24,False
16095,NORTE BUSS A1,16,2026-09-01,2026-09-24,False
16096,NORTE BUSS A1,16,2026-09-01,2026-09-24,False
16097,NORTE BUSS A1,16,2026-09-01,2026-09-24,False
16098,NORTE BUSS A1,16,2026-09-01,2026-09-24,False
16099,NORTE BUSS A1,16,2026-09-01,2026-09-24,False
16100,NORTE BUSS A1,16,2026-09-01,2026-09-24,False
16102,NORTE BUSS A1,16,2026-09-01,2026-09-24,False
16103,NORTE BUSS A1,16,2026-09-01,2026-09-24,False
16104,NORTE BUSS A1,16,2026-09-01,2026-09-24,False
16105,NORTE BUSS A1,8,2026-09-15,2026-09-24,False
16106,NORTE BUSS A1,16,2026-09-01,2026-09-24,False
16107,NORTE BUSS A1,16,2026-09-01,2026-09-24,False
16108,NORTE BUSS A1,16,2026-09-01,2026-09-24,False
16109,NORTE BUSS A1,16,2026-09-01,2026-09-24,False
16110,NORTE BUSS A1,16,2026-09-01,2026-09-24,False
16111,NORTE BUSS A1,16,2026-09-01,2026-09-24,False
16112,NORTE BUSS A1,16,2026-09-01,2026-09-24,False
16113,NORTE BUSS A1,16,2026-09-01,2026-09-24,False
16114,NORTE BUSS A1,16,2026-09-01,2026-09-24,False
16115,NORTE BUSS A1,16,2026-09-01,2026-09-24,False
16116,NORTE BUSS A1,16,2026-09-01,2026-09-24,False
16117,NORTE BUSS A1,16,2026-09-01,2026-09-24,False
16118,NORTE BUSS A1,16,2026-09-01,2026-09-24,False
16119,NORTE BUSS A1,16,2026-09-01,2026-09-24,False
16121,NORTE BUSS A1,8,2026-09-01,2026-09-11,False
16122,NORTE BUSS A1,16,2026-09-01,2026-09-24,False
16123,NORTE BUSS A1,16,2026-09-01,2026-09-24,False
16124,NORTE BUSS A1,16,2026-09-01,2026-09-24,False
16125,NORTE BUSS A1,16,2026-09-01,2026-09-24,False
16126,NORTE BUSS A1,16,2026-09-01,2026-09-24,False
16127,NORTE BUSS A1,16,2026-09-01,2026-09-24,False
16128,NORTE BUSS A1,16,2026-09-01,2026-09-24,False
16130,NORTE BUSS A1,16,2026-09-01,2026-09-24,False
16131,NORTE BUSS A1,16,2026-09-01,2026-09-24,False
16133,NORTE BUSS A1,16,2026-09-01,2026-09-24,False
16134,NORTE BUSS A1,16,2026-09-01,2026-09-24,False
16135,NORTE BUSS A1,16,2026-09-01,2026-09-24,False
16136,NORTE BUSS A1,16,2026-09-01,2026-09-24,False
16137,NORTE BUSS A1,16,2026-09-01,2026-09-24,False
16138,NORTE BUSS A1,16,2026-09-01,2026-09-24,False
16139,NORTE BUSS A1,16,2026-09-01,2026-09-24,False
16140,NORTE BUSS A1,16,2026-09-01,2026-09-24,False
16141,NORTE BUSS A1,16,2026-09-01,2026-09-24,False
16143,NORTE BUSS A1,16,2026-09-01,2026-09-24,False
16145,NORTE BUSS A1,16,2026-09-01,2026-09-24,False
16146,NORTE BUSS A1,16,2026-09-01,2026-09-24,False
16147,NORTE BUSS A1,16,2026-09-01,2026-09-24,False
16148,NORTE BUSS A1,16,2026-09-01,2026-09-24,False
16149,NORTE BUSS A1,16,2026-09-01,2026-09-24,False
16150,NORTE BUSS A1,16,2026-09-01,2026-09-24,False
16151,NORTE BUSS A1,16,2026-09-01,2026-09-24,False
16153,NORTE BUSS A1,16,2026-09-01,2026-09-24,False
16154,NORTE BUSS A1,16,2026-09-01,2026-09-24,False
16155,NORTE BUSS A1,16,2026-09-01,2026-09-24,False
16156,NORTE BUSS A1,16,2026-09-01,2026-09-24,False
16157,NORTE BUSS A1,16,2026-09-01,2026-09-24,False
16158,NORTE BUSS A1,12,2026-09-01,2026-09-18,False
16159,NORTE BUSS A1,16,2026-09-01,2026-09-24,False
16160,NORTE BUSS A1,16,2026-09-01,2026-09-24,False
16161,NORTE BUSS A1,16,2026-09-01,2026-09-24,False
16162,NORTE BUSS A1,16,2026-09-01,2026-09-24,False
16163,NORTE BUSS A1,16,2026-09-01,2026-09-24,False
16164,NORTE BUSS A1,16,2026-09-01,2026-09-24,False
16165,NORTE BUSS A1,16,2026-09-01,2026-09-24,False
16166,NORTE BUSS A1,16,2026-09-01,2026-09-24,False
16167,NORTE BUSS A1,16,2026-09-01,2026-09-24,False
16168,NORTE BUSS A1,16,2026-09-01,2026-09-24,False
16169,NORTE BUSS A1,16,2026-09-01,2026-09-24,False
16170,NORTE BUSS A1,16,2026-09-01,2026-09-24,False
16171,NORTE BUSS A1,16,2026-09-01,2026-09-24,False
16172,NORTE BUSS A1,16,2026-09-01,2026-09-24,False
16173,NORTE BUSS A1,16,2026-09-01,2026-09-24,False
16174,NORTE BUSS A1,16,2026-09-01,2026-09-24,False
16175,NORTE BUSS A1,16,2026-09-01,2026-09-24,False
16176,NORTE BUSS A1,16,2026-09-01,2026-09-24,False
16177,NORTE BUSS A1,16,2026-09-01,2026-09-24,False
16178,NORTE BUSS A1,16,2026-09-01,2026-09-24,False
16179,NORTE BUSS A1,16,2026-09-01,2026-09-24,False
16180,NORTE BUSS A1,16,2026-09-01,2026-09-24,False
16181,NORTE BUSS A1,16,2026-09-01,2026-09-24,False
16182,NORTE BUSS A1,16,2026-09-01,2026-09-24,False
16183,NORTE BUSS A1,16,2026-09-01,2026-09-24,False
16184,NORTE BUSS A1,16,2026-09-01,2026-09-24,False
16185,NORTE BUSS A1,16,2026-09-01,2026-09-24,False
16186,NORTE BUSS A1,16,2026-09-01,2026-09-24,False
16187,NORTE BUSS A1,16,2026-09-01,2026-09-24,False
16188,NORTE BUSS A1,16,2026-09-01,2026-09-24,False
16190,NORTE BUSS A1,16,2026-09-01,2026-09-24,False
16192,NORTE BUSS A1,16,2026-09-01,2026-09-24,False
16194,NORTE BUSS A1,16,2026-09-01,2026-09-24,False
16195,NORTE BUSS A1,16,2026-09-01,2026-09-24,False
16196,NORTE BUSS A1,16,2026-09-01,2026-09-24,False
16197,NORTE BUSS A1,16,2026-09-01,2026-09-24,False
16199,NORTE BUSS A1,16,2026-09-01,2026-09-24,False
16200,NORTE BUSS A1,16,2026-09-01,2026-09-24,False
16201,NORTE BUSS A1,16,2026-09-01,2026-09-24,False
16202,NORTE BUSS A1,16,2026-09-01,2026-09-24,False
16203,NORTE BUSS A1,16,2026-09-01,2026-09-24,False
16204,NORTE BUSS A1,16,2026-09-01,2026-09-24,False
16205,NORTE BUSS A1,16,2026-09-01,2026-09-24,False
16206,NORTE BUSS A1,16,2026-09-01,2026-09-24,False
16207,NORTE BUSS A1,16,2026-09-01,2026-09-24,False
16208,NORTE BUSS A1,16,2026-09-01,2026-09-24,False
16209,NORTE BUSS A1,16,2026-09-01,2026-09-24,False
16210,NORTE BUSS A1,16,2026-09-01,2026-09-24,False
16211,NORTE BUSS A1,16,2026-09-01,2026-09-24,False
16212,NORTE BUSS A1,16,2026-09-01,2026-09-24,False
16213,NORTE BUSS A1,16,2026-09-01,2026-09-24,False
16214,NORTE BUSS A1,16,2026-09-01,2026-09-24,False
16215,NORTE BUSS A1,16,2026-09-01,2026-09-24,False
16216,NORTE BUSS A1,16,2026-09-01,2026-09-24,False
16217,NORTE BUSS A1,16,2026-09-01,2026-09-24,False
16218,NORTE BUSS A1,16,2026-09-01,2026-09-24,False
16219,NORTE BUSS A1,16,2026-09-01,2026-09-24,False
16220,NORTE BUSS A1,16,2026-09-01,2026-09-24,False
16221,NORTE BUSS A1,16,2026-09-01,2026-09-24,False
16222,NORTE BUSS A1,16,2026-09-01,2026-09-24,False
16223,NORTE BUSS A1,16,2026-09-01,2026-09-24,False
16224,NORTE BUSS A1,16,2026-09-01,2026-09-24,False
16225,NORTE BUSS A1,16,2026-09-01,2026-09-24,False
16226,NORTE BUSS A1,16,2026-09-01,2026-09-24,False
16227,NORTE BUSS A1,16,2026-09-01,2026-09-24,False
16228,NORTE BUSS A1,16,2026-09-01,2026-09-24,False
16229,NORTE BUSS A1,16,2026-09-01,2026-09-24,False
16230,NORTE BUSS A1,16,2026-09-01,2026-09-24,False
16231,NORTE BUSS A1,16,2026-09-01,2026-09-24,False
16232,NORTE BUSS A1,16,2026-09-01,2026-09-24,False
16234,NORTE BUSS A1,16,2026-09-01,2026-09-24,False
16235,NORTE BUSS A1,13,2026-09-04,2026-09-24,False
16236,NORTE BUSS A1,16,2026-09-01,2026-09-24,False
16237,NORTE BUSS A1,16,2026-09-01,2026-09-24,False
16239,NORTE BUSS A1,16,2026-09-01,2026-09-24,False
16240,NORTE BUSS A1,16,2026-09-01,2026-09-24,False
16241,NORTE BUSS A1,16,2026-09-01,2026-09-24,False
16242,NORTE BUSS A1,16,2026-09-01,2026-09-24,False
16243,NORTE BUSS A1,16,2026-09-01,2026-09-24,False
16244,NORTE BUSS A1,16,2026-09-01,2026-09-24,False
16245,NORTE BUSS A1,16,2026-09-01,2026-09-24,False
16246,NORTE BUSS A1,16,2026-09-01,2026-09-24,False
16247,NORTE BUSS A1,16,2026-09-01,2026-09-24,False
16248,NORTE BUSS A1,16,2026-09-01,2026-09-24,False
16249,NORTE BUSS A1,16,2026-09-01,2026-09-24,False
16250,NORTE BUSS A1,16,2026-09-01,2026-09-24,False
16251,NORTE BUSS A1,16,2026-09-01,2026-09-24,False
16252,NORTE BUSS A1,16,2026-09-01,2026-09-24,False
16255,NORTE BUSS A1,16,2026-09-01,2026-09-24,False
16256,NORTE BUSS A1,16,2026-09-01,2026-09-24,False
16258,NORTE BUSS A1,16,2026-09-01,2026-09-24,False
16259,NORTE BUSS A1,16,2026-09-01,2026-09-24,False
16260,NORTE BUSS A1,16,2026-09-01,2026-09-24,False
16261,NORTE BUSS A1,16,2026-09-01,2026-09-24,False
16262,NORTE BUSS A1,16,2026-09-01,2026-09-24,False
16263,NORTE BUSS A1,16,2026-09-01,2026-09-24,False
16264,NORTE BUSS A1,16,2026-09-01,2026-09-24,False
16265,NORTE BUSS A1,16,2026-09-01,2026-09-24,False
16266,NORTE BUSS A1,16,2026-09-01,2026-09-24,False
16267,NORTE BUSS A1,16,2026-09-01,2026-09-24,False
16268,NORTE BUSS A1,16,2026-09-01,2026-09-24,False
16269,NORTE BUSS A1,16,2026-09-01,2026-09-24,False
16270,NORTE BUSS A1,2,2026-09-01,2026-09-02,False
16271,NORTE BUSS A1,16,2026-09-01,2026-09-24,False
16272,NORTE BUSS A1,16,2026-09-01,2026-09-24,False
16273,NORTE BUSS A1,16,2026-09-01,2026-09-24,False
16274,NORTE BUSS A1,16,2026-09-01,2026-09-24,False
16275,NORTE BUSS A1,16,2026-09-01,2026-09-24,False
16276,NORTE BUSS A1,16,2026-09-01,2026-09-24,False
16277,NORTE BUSS A1,16,2026-09-01,2026-09-24,False
16278,NORTE BUSS A1,16,2026-09-01,2026-09-24,False
16280,NORTE BUSS A1,16,2026-09-01,2026-09-24,False
16281,NORTE BUSS A1,16,2026-09-01,2026-09-24,False
16282,NORTE BUSS A1,16,2026-09-01,2026-09-24,False
16284,NORTE BUSS A1,16,2026-09-01,2026-09-24,False
16285,NORTE BUSS A1,16,2026-09-01,2026-09-24,False
16286,NORTE BUSS A1,16,2026-09-01,2026-09-24,False
16287,NORTE BUSS A1,16,2026-09-01,2026-09-24,False
16288,NORTE BUSS A1,16,2026-09-01,2026-09-24,False
16289,NORTE BUSS A1,16,2026-09-01,2026-09-24,False
16290,NORTE BUSS A1,16,2026-09-01,2026-09-24,False
16291,NORTE BUSS A1,16,2026-09-01,2026-09-24,False
16292,NORTE BUSS A1,16,2026-09-01,2026-09-24,False
16293,NORTE BUSS A1,16,2026-09-01,2026-09-24,False
16295,NORTE BUSS A1,16,2026-09-01,2026-09-24,False
16296,NORTE BUSS A1,15,2026-09-01,2026-09-24,False
16298,NORTE BUSS A1,16,2026-09-01,2026-09-24,False
16299,NORTE BUSS A1,16,2026-09-01,2026-09-24,False
16300,NORTE BUSS A1,16,2026-09-01,2026-09-24,False
16303,NORTE BUSS A1,9,2026-09-01,2026-09-15,False
16304,NORTE BUSS A1,16,2026-09-01,2026-09-24,False
16305,NORTE BUSS A1,16,2026-09-01,2026-09-24,False
16307,NORTE BUSS A1,16,2026-09-01,2026-09-24,False
16308,NORTE BUSS A1,16,2026-09-01,2026-09-24,False
16310,NORTE BUSS A1,16,2026-09-01,2026-09-24,False
16311,NORTE BUSS A1,16,2026-09-01,2026-09-24,False
16312,NORTE BUSS A1,16,2026-09-01,2026-09-24,False
16313,NORTE BUSS A1,16,2026-09-01,2026-09-24,False
16314,NORTE BUSS A1,16,2026-09-01,2026-09-24,False
16315,NORTE BUSS A1,16,2026-09-01,2026-09-24,False
16316,NORTE BUSS A1,16,2026-09-01,2026-09-24,False
16317,NORTE BUSS A1,16,2026-09-01,2026-09-24,False
16318,NORTE BUSS A1,16,2026-09-01,2026-09-24,False
16319,NORTE BUSS A1,16,2026-09-01,2026-09-24,False
16320,NORTE BUSS A1,16,2026-09-01,2026-09-24,False
16321,NORTE BUSS A1,16,2026-09-01,2026-09-24,False
16322,NORTE BUSS A1,16,2026-09-01,2026-09-24,False
16323,NORTE BUSS A1,16,2026-09-01,2026-09-24,False
16324,NORTE BUSS A1,15,2026-09-01,2026-09-24,False
16326,NORTE BUSS A1,16,2026-09-01,2026-09-24,False
16328,NORTE BUSS A1,16,2026-09-01,2026-09-24,False
16329,NORTE BUSS A1,16,2026-09-01,2026-09-24,False
16330,NORTE BUSS A1,16,2026-09-01,2026-09-24,False
16332,NORTE BUSS A1,16,2026-09-01,2026-09-24,False
16333,NORTE BUSS A1,16,2026-09-01,2026-09-24,False
16334,NORTE BUSS A1,16,2026-09-01,2026-09-24,False
16335,NORTE BUSS A1,16,2026-09-01,2026-09-24,False
16337,NORTE BUSS A1,16,2026-09-01,2026-09-24,False
16338,NORTE BUSS A1,16,2026-09-01,2026-09-24,False
16339,NORTE BUSS A1,15,2026-09-02,2026-09-24,False
16340,NORTE BUSS A1,16,2026-09-01,2026-09-24,False
16341,NORTE BUSS A1,16,2026-09-01,2026-09-24,False
16342,NORTE BUSS A1,16,2026-09-01,2026-09-24,False
16344,NORTE BUSS A1,16,2026-09-01,2026-09-24,False
16345,NORTE BUSS A1,16,2026-09-01,2026-09-24,False
16346,NORTE BUSS A1,16,2026-09-01,2026-09-24,False
16348,NORTE BUSS A1,16,2026-09-01,2026-09-24,False
16349,NORTE BUSS A1,16,2026-09-01,2026-09-24,False
16350,NORTE BUSS A1,16,2026-09-01,2026-09-24,False
16351,NORTE BUSS A1,16,2026-09-01,2026-09-24,False
16352,NORTE BUSS A1,16,2026-09-01,2026-09-24,False
16353,NORTE BUSS A1,16,2026-09-01,2026-09-24,False
16357,NORTE BUSS A1,16,2026-09-01,2026-09-24,False
16359,NORTE BUSS A1,16,2026-09-01,2026-09-24,False
16360,NORTE BUSS A1,16,2026-09-01,2026-09-24,False
16361,NORTE BUSS A1,16,2026-09-01,2026-09-24,False
16362,NORTE BUSS A1,16,2026-09-01,2026-09-24,False
16364,NORTE BUSS A1,16,2026-09-01,2026-09-24,False
16365,NORTE BUSS A1,16,2026-09-01,2026-09-24,False
16366,NORTE BUSS A1,16,2026-09-01,2026-09-24,False
16367,NORTE BUSS A1,16,2026-09-01,2026-09-24,False
16368,NORTE BUSS A1,16,2026-09-01,2026-09-24,False
16369,NORTE BUSS A1,16,2026-09-01,2026-09-24,False
16370,NORTE BUSS A1,16,2026-09-01,2026-09-24,False
16371,NORTE BUSS A1,16,2026-09-01,2026-09-24,False
16372,NORTE BUSS A1,16,2026-09-01,2026-09-24,False
16373,NORTE BUSS A1,16,2026-09-01,2026-09-24,False
16374,NORTE BUSS A1,16,2026-09-01,2026-09-24,False
16375,NORTE BUSS A1,16,2026-09-01,2026-09-24,False
16376,NORTE BUSS A1,15,2026-09-01,2026-09-24,False
16377,NORTE BUSS A1,12,2026-09-01,2026-09-24,False
16378,NORTE BUSS A1,16,2026-09-01,2026-09-24,False
16379,NORTE BUSS A1,16,2026-09-01,2026-09-24,False
16380,NORTE BUSS A1,16,2026-09-01,2026-09-24,False
16381,NORTE BUSS A1,16,2026-09-01,2026-09-24,False
16382,NORTE BUSS A1,16,2026-09-01,2026-09-24,False
16383,NORTE BUSS A1,16,2026-09-01,2026-09-24,False
16384,NORTE BUSS A1,16,2026-09-01,2026-09-24,False
16386,NORTE BUSS A1,16,2026-09-01,2026-09-24,False
16387,NORTE BUSS A1,16,2026-09-01,2026-09-24,False
16388,NORTE BUSS A1,16,2026-09-01,2026-09-24,False
16389,NORTE BUSS A1,16,2026-09-01,2026-09-24,False
16390,NORTE BUSS A1,16,2026-09-01,2026-09-24,False
16391,NORTE BUSS A1,16,2026-09-01,2026-09-24,False
16393,NORTE BUSS A1,16,2026-09-01,2026-09-24,False
16394,NORTE BUSS A1,16,2026-09-01,2026-09-24,False
16395,NORTE BUSS A1,16,2026-09-01,2026-09-24,False
16396,NORTE BUSS A1,16,2026-09-01,2026-09-24,False
16397,NORTE BUSS A1,16,2026-09-01,2026-09-24,False
16398,NORTE BUSS A1,16,2026-09-01,2026-09-24,False
16399,NORTE BUSS A1,16,2026-09-01,2026-09-24,False
16400,NORTE BUSS A1,16,2026-09-01,2026-09-24,False
16401,NORTE BUSS A1,16,2026-09-01,2026-09-24,False
16402,NORTE BUSS A1,16,2026-09-01,2026-09-24,False
16403,NORTE BUSS A1,16,2026-09-01,2026-09-24,False
16405,NORTE BUSS A1,16,2026-09-01,2026-09-24,False
16406,NORTE BUSS A1,16,2026-09-01,2026-09-24,False
16407,NORTE BUSS A1,16,2026-09-01,2026-09-24,False
16408,NORTE BUSS A1,16,2026-09-01,2026-09-24,False
16409,NORTE BUSS A1,16,2026-09-01,2026-09-24,False
16410,NORTE BUSS A1,16,2026-09-01,2026-09-24,False
16411,NORTE BUSS A1,16,2026-09-01,2026-09-24,False
16412,NORTE BUSS A1,16,2026-09-01,2026-09-24,False
16413,NORTE BUSS A1,16,2026-09-01,2026-09-24,False
16414,NORTE BUSS A1,16,2026-09-01,2026-09-24,False
16415,NORTE BUSS A1,16,2026-09-01,2026-09-24,False
16418,NORTE BUSS A1,16,2026-09-01,2026-09-24,False
16419,NORTE BUSS A1,16,2026-09-01,2026-09-24,False
16421,NORTE BUSS A1,16,2026-09-01,2026-09-24,False
16422,NORTE BUSS A1,16,2026-09-01,2026-09-24,False
16423,NORTE BUSS A1,16,2026-09-01,2026-09-24,False
16424,NORTE BUSS A1,16,2026-09-01,2026-09-24,False
16425,NORTE BUSS A1,16,2026-09-01,2026-09-24,False
16426,NORTE BUSS A1,16,2026-09-01,2026-09-24,False
16427,NORTE BUSS A1,16,2026-09-01,2026-09-24,False
16428,NORTE BUSS A1,16,2026-09-01,2026-09-24,False
16429,NORTE BUSS A1,16,2026-09-01,2026-09-24,False
16430,NORTE BUSS A1,16,2026-09-01,2026-09-24,False
16431,NORTE BUSS A1,16,2026-09-01,2026-09-24,False
16432,NORTE BUSS A1,16,2026-09-01,2026-09-24,False
16434,NORTE BUSS A1,16,2026-09-01,2026-09-24,False
16435,NORTE BUSS A1,16,2026-09-01,2026-09-24,False
16436,NORTE BUSS A1,16,2026-09-01,2026-09-24,False
16437,NORTE BUSS A1,16,2026-09-01,2026-09-24,False
16438,NORTE BUSS A1,16,2026-09-01,2026-09-24,False
16439,NORTE BUSS A1,16,2026-09-01,2026-09-24,False
16440,NORTE BUSS A1,16,2026-09-01,2026-09-24,False
16442,NORTE BUSS A1,16,2026-09-01,2026-09-24,False
16443,NORTE BUSS A1,16,2026-09-01,2026-09-24,False
16444,NORTE BUSS A1,16,2026-09-01,2026-09-24,False
16447,NORTE BUSS A1,7,2026-09-01,2026-09-24,False
16448,NORTE BUSS A1,16,2026-09-01,2026-09-24,False
16449,NORTE BUSS A1,16,2026-09-01,2026-09-24,False
16450,NORTE BUSS A1,16,2026-09-01,2026-09-24,False
16451,NORTE BUSS A1,16,2026-09-01,2026-09-24,False
16454,NORTE BUSS A1,16,2026-09-01,2026-09-24,False
16455,NORTE BUSS A1,16,2026-09-01,2026-09-24,False
16456,NORTE BUSS A1,16,2026-09-01,2026-09-24,False
16457,NORTE BUSS A1,16,2026-09-01,2026-09-24,False
16458,NORTE BUSS A1,16,2026-09-01,2026-09-24,False
16459,NORTE BUSS A1,16,2026-09-01,2026-09-24,False
16460,NORTE BUSS A1,16,2026-09-01,2026-09-24,False
16461,NORTE BUSS A1,16,2026-09-01,2026-09-24,False
16462,NORTE BUSS A1,16,2026-09-01,2026-09-24,False
16463,NORTE BUSS A1,16,2026-09-01,2026-09-24,False
16464,NORTE BUSS A1,16,2026-09-01,2026-09-24,False
16465,NORTE BUSS A1,16,2026-09-01,2026-09-24,False
16466,NORTE BUSS A1,16,2026-09-01,2026-09-24,False
16467,NORTE BUSS A1,16,2026-09-01,2026-09-24,False
16469,NORTE BUSS A1,16,2026-09-01,2026-09-24,False
16470,NORTE BUSS A1,16,2026-09-01,2026-09-24,False
16473,NORTE BUSS A1,16,2026-09-01,2026-09-24,False
16474,NORTE BUSS A1,16,2026-09-01,2026-09-24,False
16475,NORTE BUSS A1,16,2026-09-01,2026-09-24,False
16476,NORTE BUSS A1,16,2026-09-01,2026-09-24,False
16478,NORTE BUSS A1,16,2026-09-01,2026-09-24,False
16479,NORTE BUSS A1,16,2026-09-01,2026-09-24,False
16480,NORTE BUSS A1,16,2026-09-01,2026-09-24,False
16481,NORTE BUSS A1,16,2026-09-01,2026-09-24,False
16482,NORTE BUSS A1,16,2026-09-01,2026-09-24,False
16484,NORTE BUSS A1,16,2026-09-01,2026-09-24,False
16485,NORTE BUSS A1,16,2026-09-01,2026-09-24,False
16486,NORTE BUSS A1,16,2026-09-01,2026-09-24,False
16487,NORTE BUSS A1,16,2026-09-01,2026-09-24,False
16488,NORTE BUSS A1,16,2026-09-01,2026-09-24,False
16489,NORTE BUSS A1,16,2026-09-01,2026-09-24,False
16490,NORTE BUSS A1,16,2026-09-01,2026-09-24,False
16491,NORTE BUSS A1,16,2026-09-01,2026-09-24,False
16492,NORTE BUSS A1,16,2026-09-01,2026-09-24,False
16493,NORTE BUSS A1,16,2026-09-01,2026-09-24,False
16496,NORTE BUSS A1,12,2026-09-01,2026-09-24,False
16497,NORTE BUSS A1,16,2026-09-01,2026-09-24,False
16498,NORTE BUSS A1,16,2026-09-01,2026-09-24,False
16499,NORTE BUSS A1,16,2026-09-01,2026-09-24,False
16500,NORTE BUSS A1,16,2026-09-01,2026-09-24,False
16502,NORTE BUSS A1,16,2026-09-01,2026-09-24,False
16503,NORTE BUSS A1,16,2026-09-01,2026-09-24,False
16504,NORTE BUSS A1,16,2026-09-01,2026-09-24,False
16505,NORTE BUSS A1,11,2026-09-08,2026-09-24,False
16506,NORTE BUSS A1,16,2026-09-01,2026-09-24,False
16509,NORTE BUSS A1,16,2026-09-01,2026-09-24,False
16510,NORTE BUSS A1,16,2026-09-01,2026-09-24,False
16511,NORTE BUSS A1,16,2026-09-01,2026-09-24,False
16512,NORTE BUSS A1,16,2026-09-01,2026-09-24,False
16513,NORTE BUSS A1,16,2026-09-01,2026-09-24,False
16514,NORTE BUSS A1,16,2026-09-01,2026-09-24,False
16515,NORTE BUSS A1,16,2026-09-01,2026-09-24,False
16517,NORTE BUSS A1,16,2026-09-01,2026-09-24,False
16518,NORTE BUSS A1,16,2026-09-01,2026-09-24,False
16519,NORTE BUSS A1,16,2026-09-01,2026-09-24,False
16520,NORTE BUSS A1,16,2026-09-01,2026-09-24,False
16521,NORTE BUSS A1,16,2026-09-01,2026-09-24,False
16522,NORTE BUSS A1,16,2026-09-01,2026-09-24,False
16523,NORTE BUSS A1,16,2026-09-01,2026-09-24,False
16524,NORTE BUSS A1,16,2026-09-01,2026-09-24,False
16525,NORTE BUSS A1,16,2026-09-01,2026-09-24,False
16526,NORTE BUSS A1,16,2026-09-01,2026-09-24,False
16528,NORTE BUSS A1,16,2026-09-01,2026-09-24,False
16529,NORTE BUSS A1,16,2026-09-01,2026-09-24,False
16530,NORTE BUSS A1,16,2026-09-01,2026-09-24,False
16531,NORTE BUSS A1,16,2026-09-01,2026-09-24,False
16532,NORTE BUSS A1,16,2026-09-01,2026-09-24,False
16533,NORTE BUSS A1,16,2026-09-01,2026-09-24,False
16534,NORTE BUSS A1,16,2026-09-01,2026-09-24,False
16535,NORTE BUSS A1,16,2026-09-01,2026-09-24,False
16536,NORTE BUSS A1,16,2026-09-01,2026-09-24,False
16537,NORTE BUSS A1,16,2026-09-01,2026-09-24,False
16538,NORTE BUSS A1,16,2026-09-01,2026-09-24,False
16539,NORTE BUSS A1,16,2026-09-01,2026-09-24,False
16540,NORTE BUSS A1,12,2026-09-01,2026-09-18,False
16542,NORTE BUSS A1,16,2026-09-01,2026-09-24,False
16543,NORTE BUSS A1,16,2026-09-01,2026-09-24,False
16544,NORTE BUSS A1,16,2026-09-01,2026-09-24,False
16545,NORTE BUSS A1,16,2026-09-01,2026-09-24,False
16546,NORTE BUSS A1,16,2026-09-01,2026-09-24,False
16548,NORTE BUSS A1,16,2026-09-01,2026-09-24,False
16549,NORTE BUSS A1,16,2026-09-01,2026-09-24,False
16551,NORTE BUSS A1,16,2026-09-01,2026-09-24,False
16552,NORTE BUSS A1,16,2026-09-01,2026-09-24,False
16553,NORTE BUSS A1,16,2026-09-01,2026-09-24,False
16554,NORTE BUSS A1,16,2026-09-01,2026-09-24,False
16555,NORTE BUSS A1,16,2026-09-01,2026-09-24,False
16556,NORTE BUSS A1,16,2026-09-01,2026-09-24,False
16557,NORTE BUSS A1,16,2026-09-01,2026-09-24,False
16558,NORTE BUSS A1,16,2026-09-01,2026-09-24,False
16559,NORTE BUSS A1,16,2026-09-01,2026-09-24,False
16560,NORTE BUSS A1,16,2026-09-01,2026-09-24,False
16561,NORTE BUSS A1,16,2026-09-01,2026-09-24,False
16562,NORTE BUSS A1,16,2026-09-01,2026-09-24,False
16565,NORTE BUSS A1,16,2026-09-01,2026-09-24,False
16566,NORTE BUSS A1,16,2026-09-01,2026-09-24,False
16567,NORTE BUSS A1,16,2026-09-01,2026-09-24,False
16569,NORTE BUSS A1,13,2026-09-01,2026-09-24,False
16570,NORTE BUSS A1,16,2026-09-01,2026-09-24,False
16571,NORTE BUSS A1,16,2026-09-01,2026-09-24,False
16572,NORTE BUSS A1,16,2026-09-01,2026-09-24,False
16573,NORTE BUSS A1,16,2026-09-01,2026-09-24,False
16575,NORTE BUSS A1,16,2026-09-01,2026-09-24,False
16578,NORTE BUSS A1,16,2026-09-01,2026-09-24,False
16579,NORTE BUSS A1,16,2026-09-01,2026-09-24,False
16580,NORTE BUSS A1,16,2026-09-01,2026-09-24,False
16581,NORTE BUSS A1,16,2026-09-01,2026-09-24,False
16585,NORTE BUSS A1,16,2026-09-01,2026-09-24,False
16587,NORTE BUSS A1,16,2026-09-01,2026-09-24,False
16588,NORTE BUSS A1,16,2026-09-01,2026-09-24,False
16592,NORTE BUSS A1,16,2026-09-01,2026-09-24,False
16593,NORTE BUSS A1,16,2026-09-01,2026-09-24,False
16595,NORTE BUSS A1,16,2026-09-01,2026-09-24,False
16596,NORTE BUSS A1,16,2026-09-01,2026-09-24,False
16597,NORTE BUSS A1,16,2026-09-01,2026-09-24,False
16598,NORTE BUSS A1,16,2026-09-01,2026-09-24,False
16600,NORTE BUSS A1,16,2026-09-01,2026-09-24,False
16601,NORTE BUSS A1,16,2026-09-01,2026-09-24,False
16603,NORTE BUSS A1,16,2026-09-01,2026-09-24,False
16604,NORTE BUSS A1,16,2026-09-01,2026-09-24,False
16605,NORTE BUSS A1,16,2026-09-01,2026-09-24,False
16607,NORTE BUSS A1,16,2026-09-01,2026-09-24,False
16608,NORTE BUSS A1,16,2026-09-01,2026-09-24,False
16609,NORTE BUSS A1,16,2026-09-01,2026-09-24,False
16610,NORTE BUSS A1,16,2026-09-01,2026-09-24,False
16611,NORTE BUSS A1,11,2026-09-01,2026-09-24,False
16612,NORTE BUSS A1,16,2026-09-01,2026-09-24,False
16613,NORTE BUSS A1,16,2026-09-01,2026-09-24,False
16614,NORTE BUSS A1,16,2026-09-01,2026-09-24,False
16615,NORTE BUSS A1,16,2026-09-01,2026-09-24,False
16616,NORTE BUSS A1,16,2026-09-01,2026-09-24,False
16617,NORTE BUSS A1,16,2026-09-01,2026-09-24,False
16618,NORTE BUSS A1,16,2026-09-01,2026-09-24,False
16619,NORTE BUSS A1,16,2026-09-01,2026-09-24,False
16622,NORTE BUSS A1,16,2026-09-01,2026-09-24,False
16624,NORTE BUSS A1,16,2026-09-01,2026-09-24,False
16633,NORTE BUSS A1,16,2026-09-01,2026-09-24,False
16634,NORTE BUSS A1,16,2026-09-01,2026-09-24,False
16637,NORTE BUSS A1,4,2026-09-21,2026-09-24,False
16640,NORTE BUSS A1,16,2026-09-01,2026-09-24,False
16649,NORTE BUSS A1,16,2026-09-01,2026-09-24,False
16650,NORTE BUSS A1,16,2026-09-01,2026-09-24,False
16669,NORTE BUSS A1,16,2026-09-01,2026-09-24,False
16670,NORTE BUSS A1,16,2026-09-01,2026-09-24,False
16671,NORTE BUSS A1,16,2026-09-01,2026-09-24,False
16672,NORTE BUSS A1,16,2026-09-01,2026-09-24,False
16673,NORTE BUSS A1,16,2026-09-01,2026-09-24,False
16674,NORTE BUSS A1,16,2026-09-01,2026-09-24,False
16677,NORTE BUSS A1,16,2026-09-01,2026-09-24,False
16678,NORTE BUSS A1,16,2026-09-01,2026-09-24,False
16683,NORTE BUSS A1,16,2026-09-01,2026-09-24,False
16684,NORTE BUSS A1,8,2026-09-15,2026-09-24,False
16685,NORTE BUSS A1,16,2026-09-01,2026-09-24,False
16686,NORTE BUSS A1,16,2026-09-01,2026-09-24,False
16687,NORTE BUSS A1,16,2026-09-01,2026-09-24,False
16689,NORTE BUSS A1,16,2026-09-01,2026-09-24,False
16691,NORTE BUSS A1,16,2026-09-01,2026-09-24,False
16693,NORTE BUSS A1,16,2026-09-01,2026-09-24,False
16694,NORTE BUSS A1,16,2026-09-01,2026-09-24,False
16703,NORTE BUSS A1,16,2026-09-01,2026-09-24,False
16704,NORTE BUSS A1,16,2026-09-01,2026-09-24,False
16706,NORTE BUSS A1,16,2026-09-01,2026-09-24,False
16708,NORTE BUSS A1,16,2026-09-01,2026-09-24,False
16709,NORTE BUSS A1,16,2026-09-01,2026-09-24,False
16710,NORTE BUSS A1,16,2026-09-01,2026-09-24,False
16711,NORTE BUSS A1,16,2026-09-01,2026-09-24,False
16712,NORTE BUSS A1,16,2026-09-01,2026-09-24,False
16713,NORTE BUSS A1,16,2026-09-01,2026-09-24,False
16714,NORTE BUSS A1,16,2026-09-01,2026-09-24,False
16715,NORTE BUSS A1,16,2026-09-01,2026-09-24,False
16716,NORTE BUSS A1,16,2026-09-01,2026-09-24,False
16717,NORTE BUSS A1,16,2026-09-01,2026-09-24,False
16718,NORTE BUSS A1,16,2026-09-01,2026-09-24,False
16720,NORTE BUSS A1,16,2026-09-01,2026-09-24,False
16721,NORTE BUSS A1,16,2026-09-01,2026-09-24,False
16722,NORTE BUSS A1,16,2026-09-01,2026-09-24,False
16724,NORTE BUSS A1,16,2026-09-01,2026-09-24,False
16725,NORTE BUSS A1,16,2026-09-01,2026-09-24,False
16727,NORTE BUSS A1,16,2026-09-01,2026-09-24,False
16728,NORTE BUSS A1,16,2026-09-01,2026-09-24,False
16729,NORTE BUSS A1,16,2026-09-01,2026-09-24,False
16733,NORTE BUSS A1,16,2026-09-01,2026-09-24,False
16734,NORTE BUSS A1,16,2026-09-01,2026-09-24,False
16735,NORTE BUSS A1,16,2026-09-01,2026-09-24,False
16736,NORTE BUSS A1,16,2026-09-01,2026-09-24,False
16737,NORTE BUSS A1,16,2026-09-01,2026-09-24,False
16738,NORTE BUSS A1,16,2026-09-01,2026-09-24,False
16739,NORTE BUSS A1,14,2026-09-01,2026-09-24,False
16741,NORTE BUSS A1,16,2026-09-01,2026-09-24,False
16744,NORTE BUSS A1,16,2026-09-01,2026-09-24,False
16745,NORTE BUSS A1,16,2026-09-01,2026-09-24,False
16747,NORTE BUSS A1,16,2026-09-01,2026-09-24,False
16748,NORTE BUSS A1,16,2026-09-01,2026-09-24,False
16749,NORTE BUSS A1,16,2026-09-01,2026-09-24,False
16750,NORTE BUSS A1,16,2026-09-01,2026-09-24,False
16751,NORTE BUSS A1,16,2026-09-01,2026-09-24,False
16752,NORTE BUSS A1,16,2026-09-01,2026-09-24,False
16757,NORTE BUSS A1,16,2026-09-01,2026-09-24,False
16761,NORTE BUSS A1,16,2026-09-01,2026-09-24,False
16765,NORTE BUSS A1,14,2026-09-01,2026-09-24,False
16766,NORTE BUSS A1,16,2026-09-01,2026-09-24,False
16767,NORTE BUSS A1,16,2026-09-01,2026-09-24,False
16768,NORTE BUSS A1,16,2026-09-01,2026-09-24,False
16769,NORTE BUSS A1,16,2026-09-01,2026-09-24,False
16770,NORTE BUSS A1,16,2026-09-01,2026-09-24,False
16771,NORTE BUSS A1,16,2026-09-01,2026-09-24,False
16772,NORTE BUSS A1,16,2026-09-01,2026-09-24,False
16773,NORTE BUSS A1,14,2026-09-01,2026-09-24,False
16774,NORTE BUSS A1,16,2026-09-01,2026-09-24,False
16778,NORTE BUSS A1,16,2026-09-01,2026-09-24,False
16779,NORTE BUSS A1,16,2026-09-01,2026-09-24,False
16780,NORTE BUSS A1,16,2026-09-01,2026-09-24,False
16783,NORTE BUSS A1,16,2026-09-01,2026-09-24,False
16784,NORTE BUSS A1,16,2026-09-01,2026-09-24,False
16785,NORTE BUSS A1,16,2026-09-01,2026-09-24,False
16786,NORTE BUSS A1,16,2026-09-01,2026-09-24,False
16962,NORTE BUSS A1,9,2026-09-02,2026-09-24,False
16964,NORTE BUSS A1,16,2026-09-01,2026-09-24,False
16965,NORTE BUSS A1,16,2026-09-01,2026-09-24,False
16966,NORTE BUSS A1,16,2026-09-01,2026-09-24,False
16967,NORTE BUSS A1,16,2026-09-01,2026-09-24,False
16968,NORTE BUSS A1,16,2026-09-01,2026-09-24,False
16969,NORTE BUSS A1,16,2026-09-01,2026-09-24,False
16970,NORTE BUSS A1,16,2026-09-01,2026-09-24,False
16971,NORTE BUSS A1,16,2026-09-01,2026-09-24,False
16972,NORTE BUSS A1,16,2026-09-01,2026-09-24,False
16973,NORTE BUSS A1,16,2026-09-01,2026-09-24,False
16974,NORTE BUSS A1,16,2026-09-01,2026-09-24,False
16975,NORTE BUSS A1,16,2026-09-01,2026-09-24,False
16976,NORTE BUSS A1,16,2026-09-01,2026-09-24,False
16977,NORTE BUSS A1,16,2026-09-01,2026-09-24,False
16978,NORTE BUSS A1,16,2026-09-01,2026-09-24,False
16979,NORTE BUSS A1,16,2026-09-01,2026-09-24,False
16980,NORTE BUSS A1,16,2026-09-01,2026-09-24,False
16981,NORTE BUSS A1,16,2026-09-01,2026-09-24,False
16982,NORTE BUSS A1,16,2026-09-01,2026-09-24,False
16983,NORTE BUSS A1,16,2026-09-01,2026-09-24,False
16984,NORTE BUSS A1,16,2026-09-01,2026-09-24,False
16985,NORTE BUSS A1,16,2026-09-01,2026-09-24,False
16986,NORTE BUSS A1,16,2026-09-01,2026-09-24,False
16987,NORTE BUSS A1,16,2026-09-01,2026-09-24,False
16988,NORTE BUSS A1,16,2026-09-01,2026-09-24,False
16989,NORTE BUSS A1,16,2026-09-01,2026-09-24,False
16990,NORTE BUSS A1,16,2026-09-01,2026-09-24,False
16991,NORTE BUSS A1,16,2026-09-01,2026-09-24,False
16992,NORTE BUSS A1,16,2026-09-01,2026-09-24,False
16993,NORTE BUSS A1,16,2026-09-01,2026-09-24,False
16994,NORTE BUSS A1,16,2026-09-01,2026-09-24,False
16995,NORTE BUSS A1,16,2026-09-01,2026-09-24,False
16996,NORTE BUSS A1,16,2026-09-01,2026-09-24,False
16997,NORTE BUSS A1,15,2026-09-02,2026-09-24,False
16998,NORTE BUSS A1,14,2026-09-02,2026-09-24,False
26007,NORTE BUSS A2,16,2026-09-01,2026-09-24,False
26010,NORTE BUSS A2,16,2026-09-01,2026-09-24,False
26012,NORTE BUSS A2,16,2026-09-01,2026-09-24,False
26013,NORTE BUSS A2,16,2026-09-01,2026-09-24,False
26014,NORTE BUSS A2,16,2026-09-01,2026-09-24,False
26015,NORTE BUSS A2,16,2026-09-01,2026-09-24,False
26016,NORTE BUSS A2,16,2026-09-01,2026-09-24,False
26017,NORTE BUSS A2,16,2026-09-01,2026-09-24,False
26018,NORTE BUSS A2,16,2026-09-01,2026-09-24,False
26021,NORTE BUSS A2,16,2026-09-01,2026-09-24,False
26025,NORTE BUSS A2,16,2026-09-01,2026-09-24,False
26026,NORTE BUSS A2,5,2026-09-01,2026-09-09,False
26027,NORTE BUSS A2,16,2026-09-01,2026-09-24,False
26028,NORTE BUSS A2,14,2026-09-01,2026-09-24,False
26030,NORTE BUSS A2,16,2026-09-01,2026-09-24,False
26032,NORTE BUSS A2,16,2026-09-01,2026-09-24,False
26033,NORTE BUSS A2,16,2026-09-01,2026-09-24,False
26037,NORTE BUSS A2,16,2026-09-01,2026-09-24,False
26038,NORTE BUSS A2,16,2026-09-01,2026-09-24,False
26039,NORTE BUSS A2,16,2026-09-01,2026-09-24,False
26040,NORTE BUSS A2,16,2026-09-01,2026-09-24,False
26042,NORTE BUSS A2,16,2026-09-01,2026-09-24,False
26044,NORTE BUSS A2,16,2026-09-01,2026-09-24,False
26045,NORTE BUSS A2,16,2026-09-01,2026-09-24,False
26047,NORTE BUSS A2,16,2026-09-01,2026-09-24,False
26048,NORTE BUSS A2,16,2026-09-01,2026-09-24,False
26049,NORTE BUSS A2,15,2026-09-01,2026-09-24,False
26051,NORTE BUSS A2,16,2026-09-01,2026-09-24,False
26052,NORTE BUSS A2,16,2026-09-01,2026-09-24,False
26053,NORTE BUSS A2,16,2026-09-01,2026-09-24,False
26054,NORTE BUSS A2,16,2026-09-01,2026-09-24,False
26055,NORTE BUSS A2,10,2026-09-01,2026-09-16,False
26058,NORTE BUSS A2,16,2026-09-01,2026-09-24,False
26061,NORTE BUSS A2,16,2026-09-01,2026-09-24,False
26062,NORTE BUSS A2,16,2026-09-01,2026-09-24,False
26063,NORTE BUSS A2,16,2026-09-01,2026-09-24,False
26064,NORTE BUSS A2,15,2026-09-02,2026-09-24,False
26065,NORTE BUSS A2,16,2026-09-01,2026-09-24,False
26066,NORTE BUSS A2,16,2026-09-01,2026-09-24,False
26067,NORTE BUSS A2,16,2026-09-01,2026-09-24,False
26068,NORTE BUSS A2,11,2026-09-01,2026-09-17,False
26070,NORTE BUSS A2,16,2026-09-01,2026-09-24,False
26072,NORTE BUSS A2,16,2026-09-01,2026-09-24,False
26073,NORTE BUSS A2,16,2026-09-01,2026-09-24,False
26074,NORTE BUSS A2,16,2026-09-01,2026-09-24,False
26075,NORTE BUSS A2,16,2026-09-01,2026-09-24,False
26078,NORTE BUSS A2,16,2026-09-01,2026-09-24,False
26079,NORTE BUSS A2,16,2026-09-01,2026-09-24,False
26082,NORTE BUSS A2,16,2026-09-01,2026-09-24,False
26086,NORTE BUSS A2,16,2026-09-01,2026-09-24,False
26088,NORTE BUSS A2,16,2026-09-01,2026-09-24,False
26089,NORTE BUSS A2,16,2026-09-01,2026-09-24,False
26092,NORTE BUSS A2,16,2026-09-01,2026-09-24,False
26096,NORTE BUSS A2,16,2026-09-01,2026-09-24,False
26100,NORTE BUSS A2,16,2026-09-01,2026-09-24,False
26101,NORTE BUSS A2,16,2026-09-01,2026-09-24,False
26102,NORTE BUSS A2,16,2026-09-01,2026-09-24,False
26103,NORTE BUSS A2,13,2026-09-04,2026-09-24,False
26104,NORTE BUSS A2,4,2026-09-01,2026-09-04,False
26105,NORTE BUSS A2,16,2026-09-01,2026-09-24,False
26106,NORTE BUSS A2,16,2026-09-01,2026-09-24,False
26107,NORTE BUSS A2,7,2026-09-04,2026-09-24,False
26108,NORTE BUSS A2,14,2026-09-01,2026-09-22,False
26109,NORTE BUSS A2,16,2026-09-01,2026-09-24,False
26113,NORTE BUSS A2,16,2026-09-01,2026-09-24,False
26114,NORTE BUSS A2,11,2026-09-09,2026-09-24,False
26115,NORTE BUSS A2,16,2026-09-01,2026-09-24,False
26116,NORTE BUSS A2,16,2026-09-01,2026-09-24,False
26117,NORTE BUSS A2,16,2026-09-01,2026-09-24,False
26121,NORTE BUSS A2,16,2026-09-01,2026-09-24,False
26122,NORTE BUSS A2,16,2026-09-01,2026-09-24,False
26123,NORTE BUSS A2,16,2026-09-01,2026-09-24,False
26125,NORTE BUSS A2,16,2026-09-01,2026-09-24,False
26126,NORTE BUSS A2,16,2026-09-01,2026-09-24,False
26128,NORTE BUSS A2,16,2026-09-01,2026-09-24,False
26129,NORTE BUSS A2,4,2026-09-01,2026-09-04,False
26130,NORTE BUSS A2,16,2026-09-01,2026-09-24,False
26131,NORTE BUSS A2,14,2026-09-01,2026-09-24,False
26132,NORTE BUSS A2,16,2026-09-01,2026-09-24,False
26135,NORTE BUSS A2,16,2026-09-01,2026-09-24,False
26136,NORTE BUSS A2,16,2026-09-01,2026-09-24,False
26137,NORTE BUSS A2,16,2026-09-01,2026-09-24,False
26139,NORTE BUSS A2,16,2026-09-01,2026-09-24,False
26140,NORTE BUSS A2,12,2026-09-01,2026-09-24,False
26141,NORTE BUSS A2,16,2026-09-01,2026-09-24,False
26142,NORTE BUSS A2,16,2026-09-01,2026-09-24,False
26143,NORTE BUSS A2,16,2026-09-01,2026-09-24,False
26144,NORTE BUSS A2,16,2026-09-01,2026-09-24,False
26145,NORTE BUSS A2,16,2026-09-01,2026-09-24,False
26146,NORTE BUSS A2,16,2026-09-01,2026-09-24,False
26148,NORTE BUSS A2,16,2026-09-01,2026-09-24,False
26151,NORTE BUSS A2,16,2026-09-01,2026-09-24,False
26152,NORTE BUSS A2,15,2026-09-01,2026-09-24,False
26153,NORTE BUSS A2,16,2026-09-01,2026-09-24,False
26154,NORTE BUSS A2,16,2026-09-01,2026-09-24,False
26156,NORTE BUSS A2,16,2026-09-01,2026-09-24,False
26158,NORTE BUSS A2,16,2026-09-01,2026-09-24,False
26159,NORTE BUSS A2,14,2026-09-01,2026-09-24,False
26160,NORTE BUSS A2,16,2026-09-01,2026-09-24,False
26161,NORTE BUSS A2,16,2026-09-01,2026-09-24,False
26163,NORTE BUSS A2,16,2026-09-01,2026-09-24,False
26164,NORTE BUSS A2,16,2026-09-01,2026-09-24,False
26167,NORTE BUSS A2,16,2026-09-01,2026-09-24,False
26168,NORTE BUSS A2,16,2026-09-01,2026-09-24,False
26169,NORTE BUSS A2,15,2026-09-01,2026-09-24,False
26170,NORTE BUSS A2,16,2026-09-01,2026-09-24,False
26173,NORTE BUSS A2,10,2026-09-09,2026-09-24,False
26174,NORTE BUSS A2,16,2026-09-01,2026-09-24,False
26175,NORTE BUSS A2,16,2026-09-01,2026-09-24,False
26177,NORTE BUSS A2,1,2026-09-01,2026-09-01,False
26179,NORTE BUSS A2,16,2026-09-01,2026-09-24,False
26180,NORTE BUSS A2,16,2026-09-01,2026-09-24,False
26181,NORTE BUSS A2,16,2026-09-01,2026-09-24,False
26182,NORTE BUSS A2,12,2026-09-08,2026-09-24,False
26183,NORTE BUSS A2,16,2026-09-01,2026-09-24,False
26185,NORTE BUSS A2,2,2026-09-01,2026-09-02,False
26186,NORTE BUSS A2,16,2026-09-01,2026-09-24,False
26187,NORTE BUSS A2,16,2026-09-01,2026-09-24,False
26188,NORTE BUSS A2,16,2026-09-01,2026-09-24,False
26189,NORTE BUSS A2,16,2026-09-01,2026-09-24,False
26191,NORTE BUSS A2,16,2026-09-01,2026-09-24,False
26192,NORTE BUSS A2,16,2026-09-01,2026-09-24,False
26196,NORTE BUSS A2,15,2026-09-01,2026-09-24,False
26197,NORTE BUSS A2,16,2026-09-01,2026-09-24,False
26198,NORTE BUSS A2,16,2026-09-01,2026-09-24,False
26199,NORTE BUSS A2,16,2026-09-01,2026-09-24,False
26200,NORTE BUSS A2,16,2026-09-01,2026-09-24,False
26202,NORTE BUSS A2,16,2026-09-01,2026-09-24,False
26203,NORTE BUSS A2,16,2026-09-01,2026-09-24,False
26205,NORTE BUSS A2,14,2026-09-01,2026-09-24,False
26206,NORTE BUSS A2,16,2026-09-01,2026-09-24,False
26209,NORTE BUSS A2,16,2026-09-01,2026-09-24,False
26211,NORTE BUSS A2,16,2026-09-01,2026-09-24,False
26213,NORTE BUSS A2,16,2026-09-01,2026-09-24,False
26216,NORTE BUSS A2,16,2026-09-01,2026-09-24,False
26217,NORTE BUSS A2,16,2026-09-01,2026-09-24,False
26218,NORTE BUSS A2,16,2026-09-01,2026-09-24,False
26219,NORTE BUSS A2,16,2026-09-01,2026-09-24,False
26220,NORTE BUSS A2,16,2026-09-01,2026-09-24,False
26223,NORTE BUSS A2,16,2026-09-01,2026-09-24,False
26224,NORTE BUSS A2,16,2026-09-01,2026-09-24,False
26225,NORTE BUSS A2,16,2026-09-01,2026-09-24,False
26227,NORTE BUSS A2,9,2026-09-09,2026-09-24,False
26228,NORTE BUSS A2,16,2026-09-01,2026-09-24,False
26229,NORTE BUSS A2,16,2026-09-01,2026-09-24,False
26230,NORTE BUSS A2,16,2026-09-01,2026-09-24,False
26231,NORTE BUSS A2,16,2026-09-01,2026-09-24,False
26233,NORTE BUSS A2,8,2026-09-10,2026-09-24,False
26239,NORTE BUSS A2,16,2026-09-01,2026-09-24,False
26240,NORTE BUSS A2,16,2026-09-01,2026-09-24,False
26242,NORTE BUSS A2,16,2026-09-01,2026-09-24,False
26243,NORTE BUSS A2,16,2026-09-01,2026-09-24,False
26245,NORTE BUSS A2,15,2026-09-01,2026-09-24,False
26246,NORTE BUSS A2,16,2026-09-01,2026-09-24,False
26247,NORTE BUSS A2,16,2026-09-01,2026-09-24,False
26251,NORTE BUSS A2,16,2026-09-01,2026-09-24,False
26252,NORTE BUSS A2,6,2026-09-17,2026-09-24,False
26259,NORTE BUSS A2,16,2026-09-01,2026-09-24,False
26262,NORTE BUSS A2,16,2026-09-01,2026-09-24,False
26263,NORTE BUSS A2,16,2026-09-01,2026-09-24,False
26265,NORTE BUSS A2,16,2026-09-01,2026-09-24,False
26267,NORTE BUSS A2,16,2026-09-01,2026-09-24,False
26271,NORTE BUSS A2,16,2026-09-01,2026-09-24,False
26273,NORTE BUSS A2,16,2026-09-01,2026-09-24,False
26274,NORTE BUSS A2,16,2026-09-01,2026-09-24,False
26275,NORTE BUSS A2,5,2026-09-01,2026-09-23,False
26276,NORTE BUSS A2,16,2026-09-01,2026-09-24,False
26278,NORTE BUSS A2,15,2026-09-01,2026-09-24,False
26281,NORTE BUSS A2,15,2026-09-02,2026-09-24,False
26283,NORTE BUSS A2,16,2026-09-01,2026-09-24,False
26286,NORTE BUSS A2,4,2026-09-21,2026-09-24,False
26287,NORTE BUSS A2,16,2026-09-01,2026-09-24,False
26288,NORTE BUSS A2,16,2026-09-01,2026-09-24,False
26289,NORTE BUSS A2,11,2026-09-09,2026-09-24,False
26293,NORTE BUSS A2,16,2026-09-01,2026-09-24,False
26294,NORTE BUSS A2,16,2026-09-01,2026-09-24,False
26297,NORTE BUSS A2,16,2026-09-01,2026-09-24,False
26298,NORTE BUSS A2,16,2026-09-01,2026-09-24,False
26301,NORTE BUSS A2,16,2026-09-01,2026-09-24,False
26302,NORTE BUSS A2,16,2026-09-01,2026-09-24,False
26305,NORTE BUSS A2,15,2026-09-01,2026-09-24,False
26309,NORTE BUSS A2,15,2026-09-02,2026-09-24,False
26310,NORTE BUSS A2,16,2026-09-01,2026-09-24,False
26312,NORTE BUSS A2,15,2026-09-01,2026-09-23,False
26317,NORTE BUSS A2,15,2026-09-01,2026-09-24,False
26320,NORTE BUSS A2,6,2026-09-01,2026-09-09,False
26322,NORTE BUSS A2,16,2026-09-01,2026-09-24,False
26323,NORTE BUSS A2,16,2026-09-01,2026-09-24,False
26324,NORTE BUSS A2,16,2026-09-01,2026-09-24,False
26326,NORTE BUSS A2,16,2026-09-01,2026-09-24,False
26327,NORTE BUSS A2,12,2026-09-01,2026-09-18,False
26336,NORTE BUSS A2,12,2026-09-01,2026-09-24,False
26338,NORTE BUSS A2,16,2026-09-01,2026-09-24,False
26339,NORTE BUSS A2,15,2026-09-01,2026-09-24,False
26341,NORTE BUSS A2,16,2026-09-01,2026-09-24,False
26342,NORTE BUSS A2,16,2026-09-01,2026-09-24,False
26346,NORTE BUSS A2,16,2026-09-01,2026-09-24,False
26347,NORTE BUSS A2,16,2026-09-01,2026-09-24,False
26348,NORTE BUSS A2,11,2026-09-01,2026-09-24,False
26349,NORTE BUSS A2,15,2026-09-02,2026-09-24,False
26352,NORTE BUSS A2,16,2026-09-01,2026-09-24,False
26353,NORTE BUSS A2,16,2026-09-01,2026-09-24,False
26356,NORTE BUSS A2,16,2026-09-01,2026-09-24,False
26357,NORTE BUSS A2,1,2026-09-01,2026-09-01,False
26360,NORTE BUSS A2,16,2026-09-01,2026-09-24,False
26365,NORTE BUSS A2,16,2026-09-01,2026-09-24,False
26366,NORTE BUSS A2,13,2026-09-04,2026-09-24,False
26368,NORTE BUSS A2,16,2026-09-01,2026-09-24,False
26370,NORTE BUSS A2,16,2026-09-01,2026-09-24,False
26371,NORTE BUSS A2,16,2026-09-01,2026-09-24,False
26373,NORTE BUSS A2,16,2026-09-01,2026-09-24,False
26374,NORTE BUSS A2,16,2026-09-01,2026-09-24,False
26375,NORTE BUSS A2,16,2026-09-01,2026-09-24,False
26376,NORTE BUSS A2,16,2026-09-01,2026-09-24,False
26378,NORTE BUSS A2,16,2026-09-01,2026-09-24,False
26379,NORTE BUSS A2,15,2026-09-02,2026-09-24,False
26381,NORTE BUSS A2,16,2026-09-01,2026-09-24,False
26382,NORTE BUSS A2,16,2026-09-01,2026-09-24,False
26385,NORTE BUSS A2,8,2026-09-01,2026-09-11,False
26386,NORTE BUSS A2,2,2026-09-04,2026-09-11,False
26387,NORTE BUSS A2,16,2026-09-01,2026-09-24,False
26390,NORTE BUSS A2,16,2026-09-01,2026-09-24,False
26391,NORTE BUSS A2,16,2026-09-01,2026-09-24,False
26393,NORTE BUSS A2,1,2026-09-04,2026-09-04,False
26394,NORTE BUSS A2,16,2026-09-01,2026-09-24,False
26399,NORTE BUSS A2,16,2026-09-01,2026-09-24,False
26402,NORTE BUSS A2,16,2026-09-01,2026-09-24,False
26403,NORTE BUSS A2,14,2026-09-01,2026-09-24,False
26404,NORTE BUSS A2,15,2026-09-01,2026-09-24,False
26406,NORTE BUSS A2,16,2026-09-01,2026-09-24,False
26407,NORTE BUSS A2,16,2026-09-01,2026-09-24,False
26408,NORTE BUSS A2,16,2026-09-01,2026-09-24,False
26409,NORTE BUSS A2,16,2026-09-01,2026-09-24,False
26410,NORTE BUSS A2,16,2026-09-01,2026-09-24,False
26412,NORTE BUSS A2,16,2026-09-01,2026-09-24,False
26414,NORTE BUSS A2,16,2026-09-01,2026-09-24,False
26415,NORTE BUSS A2,16,2026-09-01,2026-09-24,False
26416,NORTE BUSS A2,16,2026-09-01,2026-09-24,False
26418,NORTE BUSS A2,16,2026-09-01,2026-09-24,False
26419,NORTE BUSS A2,16,2026-09-01,2026-09-24,False
26420,NORTE BUSS A2,16,2026-09-01,2026-09-24,False
26450,NORTE BUSS A2,8,2026-09-15,2026-09-24,False
26453,NORTE BUSS A2,16,2026-09-01,2026-09-24,False
26454,NORTE BUSS A2,1,2026-09-01,2026-09-01,False
26455,NORTE BUSS A2,16,2026-09-01,2026-09-24,False
26457,NORTE BUSS A2,13,2026-09-04,2026-09-24,False
26459,NORTE BUSS A2,16,2026-09-01,2026-09-24,False
26460,NORTE BUSS A2,16,2026-09-01,2026-09-24,False
26462,NORTE BUSS A2,15,2026-09-01,2026-09-24,False
26466,NORTE BUSS A2,16,2026-09-01,2026-09-24,False
26467,NORTE BUSS A2,16,2026-09-01,2026-09-24,False
26469,NORTE BUSS A2,7,2026-09-15,2026-09-24,False
26470,NORTE BUSS A2,16,2026-09-01,2026-09-24,False
26471,NORTE BUSS A2,16,2026-09-01,2026-09-24,False
26472,NORTE BUSS A2,16,2026-09-01,2026-09-24,False
26476,NORTE BUSS A2,13,2026-09-01,2026-09-24,False
26478,NORTE BUSS A2,16,2026-09-01,2026-09-24,False
26479,NORTE BUSS A2,16,2026-09-01,2026-09-24,False
26481,NORTE BUSS A2,16,2026-09-01,2026-09-24,False
26482,NORTE BUSS A2,16,2026-09-01,2026-09-24,False
26483,NORTE BUSS A2,16,2026-09-01,2026-09-24,False
26484,NORTE BUSS A2,16,2026-09-01,2026-09-24,False
26485,NORTE BUSS A2,16,2026-09-01,2026-09-24,False
26486,NORTE BUSS A2,16,2026-09-01,2026-09-24,False
26490,NORTE BUSS A2,16,2026-09-01,2026-09-24,False
26491,NORTE BUSS A2,16,2026-09-01,2026-09-24,False
26492,NORTE BUSS A2,16,2026-09-01,2026-09-24,False
26493,NORTE BUSS A2,16,2026-09-01,2026-09-24,False
26494,NORTE BUSS A2,13,2026-09-01,2026-09-24,False
26495,NORTE BUSS A2,16,2026-09-01,2026-09-24,False
26502,NORTE BUSS A2,16,2026-09-01,2026-09-24,False
26503,NORTE BUSS A2,16,2026-09-01,2026-09-24,False
26504,NORTE BUSS A2,16,2026-09-01,2026-09-24,False
26505,NORTE BUSS A2,16,2026-09-01,2026-09-24,False
26506,NORTE BUSS A2,16,2026-09-01,2026-09-24,False
26507,NORTE BUSS A2,12,2026-09-08,2026-09-24,False
26509,NORTE BUSS A2,16,2026-09-01,2026-09-24,False
26510,NORTE BUSS A2,16,2026-09-01,2026-09-24,False
26511,NORTE BUSS A2,16,2026-09-01,2026-09-24,False
26512,NORTE BUSS A2,11,2026-09-01,2026-09-24,False
26513,NORTE BUSS A2,16,2026-09-01,2026-09-24,False
26514,NORTE BUSS A2,16,2026-09-01,2026-09-24,False
26515,NORTE BUSS A2,16,2026-09-01,2026-09-24,False
26516,NORTE BUSS A2,16,2026-09-01,2026-09-24,False
26519,NORTE BUSS A2,16,2026-09-01,2026-09-24,False
26521,NORTE BUSS A2,16,2026-09-01,2026-09-24,False
26523,NORTE BUSS A2,7,2026-09-01,2026-09-24,False
26524,NORTE BUSS A2,10,2026-09-01,2026-09-24,False
26525,NORTE BUSS A2,16,2026-09-01,2026-09-24,False
26526,NORTE BUSS A2,16,2026-09-01,2026-09-24,False
26529,NORTE BUSS A2,16,2026-09-01,2026-09-24,False
26531,NORTE BUSS A2,15,2026-09-01,2026-09-24,False
26536,NORTE BUSS A2,16,2026-09-01,2026-09-24,False
26539,NORTE BUSS A2,5,2026-09-04,2026-09-11,False
26540,NORTE BUSS A2,16,2026-09-01,2026-09-24,False
26542,NORTE BUSS A2,16,2026-09-01,2026-09-24,False
26543,NORTE BUSS A2,16,2026-09-01,2026-09-24,False
26544,NORTE BUSS A2,16,2026-09-01,2026-09-24,False
26545,NORTE BUSS A2,16,2026-09-01,2026-09-24,False
26900,NORTE BUSS A2,6,2026-09-17,2026-09-24,False
26901,NORTE BUSS A2,16,2026-09-01,2026-09-24,False
26902,NORTE BUSS A2,16,2026-09-01,2026-09-24,False
26903,NORTE BUSS A2,16,2026-09-01,2026-09-24,False
26904,NORTE BUSS A2,13,2026-09-01,2026-09-24,False
26905,NORTE BUSS A2,4,2026-09-21,2026-09-24,False
26906,NORTE BUSS A2,11,2026-09-01,2026-09-17,False
26907,NORTE BUSS A2,8,2026-09-01,2026-09-11,False
26908,NORTE BUSS A2,16,2026-09-01,2026-09-24,False
26909,NORTE BUSS A2,8,2026-09-15,2026-09-24,False
26910,NORTE BUSS A2,16,2026-09-01,2026-09-24,False
26911,NORTE BUSS A2,16,2026-09-01,2026-09-24,False
26912,NORTE BUSS A2,16,2026-09-01,2026-09-24,False
26913,NORTE BUSS A2,16,2026-09-01,2026-09-24,False
26914,NORTE BUSS A2,16,2026-09-01,2026-09-24,False
26915,NORTE BUSS A2,15,2026-09-01,2026-09-24,False
26916,NORTE BUSS A2,16,2026-09-01,2026-09-24,False
26917,NORTE BUSS A2,16,2026-09-01,2026-09-24,False
26918,NORTE BUSS A2,15,2026-09-01,2026-09-24,False
26919,NORTE BUSS A2,16,2026-09-01,2026-09-24,False
26920,NORTE BUSS A2,16,2026-09-01,2026-09-24,False
26921,NORTE BUSS A2,15,2026-09-01,2026-09-23,False
26922,NORTE BUSS A2,5,2026-09-01,2026-09-24,False
26923,NORTE BUSS A2,16,2026-09-01,2026-09-24,False
26924,NORTE BUSS A2,16,2026-09-01,2026-09-24,False
26925,NORTE BUSS A2,16,2026-09-01,2026-09-24,False
26926,NORTE BUSS A2,13,2026-09-01,2026-09-23,False
26927,NORTE BUSS A2,14,2026-09-03,2026-09-24,False
26928,NORTE BUSS A2,14,2026-09-03,2026-09-24,False
26929,NORTE BUSS A2,16,2026-09-01,2026-09-24,False
26930,NORTE BUSS A2,11,2026-09-01,2026-09-24,False
26931,NORTE BUSS A2,16,2026-09-01,2026-09-24,False
26932,NORTE BUSS A2,16,2026-09-01,2026-09-24,False
26933,NORTE BUSS A2,15,2026-09-01,2026-09-24,False
26934,NORTE BUSS A2,15,2026-09-01,2026-09-24,False
26935,NORTE BUSS A2,16,2026-09-01,2026-09-24,False
26936,NORTE BUSS A2,16,2026-09-01,2026-09-24,False
31001,METROPOLE - IGUATEMI,5,2026-09-01,2026-09-15,False
31002,METROPOLE - IGUATEMI,16,2026-09-01,2026-09-24,False
31003,METROPOLE - IGUATEMI,16,2026-09-01,2026-09-24,True
31004,METROPOLE - IGUATEMI,15,2026-09-01,2026-09-24,False
31005,METROPOLE - IGUATEMI,16,2026-09-01,2026-09-24,True
31006,METROPOLE - IGUATEMI,16,2026-09-01,2026-09-24,False
31007,METROPOLE - IGUATEMI,16,2026-09-01,2026-09-24,False
31008,METROPOLE - IGUATEMI,16,2026-09-01,2026-09-24,False
31009,METROPOLE - IGUATEMI,16,2026-09-01,2026-09-24,False
31010,METROPOLE - IGUATEMI,16,2026-09-01,2026-09-24,False
31011,METROPOLE - IGUATEMI,16,2026-09-01,2026-09-24,True
31012,METROPOLE - IGUATEMI,16,2026-09-01,2026-09-24,True
31013,METROPOLE - IMPERADOR,16,2026-09-01,2026-09-24,False
31014,METROPOLE - IGUATEMI,16,2026-09-01,2026-09-24,True
31015,METROPOLE - IMPERADOR,16,2026-09-01,2026-09-24,False
31017,METROPOLE - IMPERADOR,16,2026-09-01,2026-09-24,False
31018,METROPOLE - IMPERADOR,16,2026-09-01,2026-09-24,False
31019,METROPOLE - IMPERADOR,16,2026-09-01,2026-09-24,False
31020,METROPOLE - ITAIM,16,2026-09-01,2026-09-24,False
31021,METROPOLE - ITAIM,16,2026-09-01,2026-09-24,False
31022,METROPOLE - ITAIM,16,2026-09-01,2026-09-24,False
31037,METROPOLE - EXPANDIR,16,2026-09-01,2026-09-24,False
31041,METROPOLE - IGUATEMI,16,2026-09-01,2026-09-24,False
31053,METROPOLE - ITAIM,16,2026-09-01,2026-09-24,False
31054,METROPOLE - ITAIM,16,2026-09-01,2026-09-24,False
31055,METROPOLE - ITAIM,16,2026-09-01,2026-09-24,False
31056,METROPOLE - ITAIM,16,2026-09-01,2026-09-24,False
31057,METROPOLE - ITAIM,16,2026-09-01,2026-09-24,False
31058,METROPOLE - ITAIM,16,2026-09-01,2026-09-24,False
31059,METROPOLE - ITAIM,16,2026-09-01,2026-09-24,False
31060,METROPOLE - ITAIM,16,2026-09-01,2026-09-24,False
31061,METROPOLE - ITAIM,16,2026-09-01,2026-09-24,False
31062,METROPOLE - ITAIM,16,2026-09-01,2026-09-24,False
31063,METROPOLE - ITAIM,16,2026-09-01,2026-09-24,False
31064,METROPOLE - ITAIM,16,2026-09-01,2026-09-24,False
31065,METROPOLE - ITAIM,16,2026-09-01,2026-09-24,False
31066,METROPOLE - ITAIM,16,2026-09-01,2026-09-24,False
31067,METROPOLE - ITAIM,16,2026-09-01,2026-09-24,False
31068,METROPOLE - ITAIM,16,2026-09-01,2026-09-24,False
31069,METROPOLE - ITAIM,16,2026-09-01,2026-09-24,False
31070,METROPOLE - ITAIM,16,2026-09-01,2026-09-24,False
31071,METROPOLE - ITAIM,16,2026-09-01,2026-09-24,False
31072,METROPOLE - ITAIM,16,2026-09-01,2026-09-24,False
31073,METROPOLE - ITAIM,16,2026-09-01,2026-09-24,False
31074,METROPOLE - ITAIM,16,2026-09-01,2026-09-24,False
31075,METROPOLE - ITAIM,16,2026-09-01,2026-09-24,False
31076,METROPOLE - ITAIM,16,2026-09-01,2026-09-24,False
31077,METROPOLE - ITAIM,16,2026-09-01,2026-09-24,False
31078,METROPOLE - ITAIM,10,2026-09-01,2026-09-24,False
31079,METROPOLE - ITAIM,16,2026-09-01,2026-09-24,False
31081,METROPOLE - ITAIM,16,2026-09-01,2026-09-24,False
31082,METROPOLE - IMPERADOR,16,2026-09-01,2026-09-24,False
31083,METROPOLE - ITAIM,16,2026-09-01,2026-09-24,False
31084,METROPOLE - IGUATEMI,16,2026-09-01,2026-09-24,False
31085,METROPOLE - ITAIM,16,2026-09-01,2026-09-24,False
31086,METROPOLE - ITAIM,16,2026-09-01,2026-09-24,False
31087,METROPOLE - ITAIM,16,2026-09-01,2026-09-24,False
31088,METROPOLE - IMPERADOR,16,2026-09-01,2026-09-24,False
31089,METROPOLE - IGUATEMI,16,2026-09-01,2026-09-24,False
31090,METROPOLE - IMPERADOR,16,2026-09-01,2026-09-24,False
31091,METROPOLE - IMPERADOR,16,2026-09-01,2026-09-24,False
31092,METROPOLE - IGUATEMI,16,2026-09-01,2026-09-24,False
31093,METROPOLE - IGUATEMI,16,2026-09-01,2026-09-24,True
31094,METROPOLE - IGUATEMI,16,2026-09-01,2026-09-24,True
31095,METROPOLE - IGUATEMI,16,2026-09-01,2026-09-24,True
31096,METROPOLE - IGUATEMI,5,2026-09-01,2026-09-24,False
31097,METROPOLE - IMPERADOR,16,2026-09-01,2026-09-24,False
31098,METROPOLE - IMPERADOR,16,2026-09-01,2026-09-24,False
31099,METROPOLE - IMPERADOR,16,2026-09-01,2026-09-24,False
31100,METROPOLE - IGUATEMI,15,2026-09-01,2026-09-24,True
31101,METROPOLE - IGUATEMI,16,2026-09-01,2026-09-24,False
31102,METROPOLE - ITAIM,8,2026-09-02,2026-09-24,False
31103,METROPOLE - EXPANDIR,16,2026-09-01,2026-09-24,False
31105,METROPOLE - IGUATEMI,16,2026-09-01,2026-09-24,True
31106,METROPOLE - ITAIM,16,2026-09-01,2026-09-24,False
31107,METROPOLE - ITAIM,7,2026-09-04,2026-09-23,False
31108,METROPOLE - EXPANDIR,12,2026-09-01,2026-09-18,False
31109,METROPOLE - EXPANDIR,12,2026-09-01,2026-09-18,False
31110,METROPOLE - ITAIM,16,2026-09-01,2026-09-24,False
31111,METROPOLE - IMPERADOR,16,2026-09-01,2026-09-24,False
31112,METROPOLE - IMPERADOR,15,2026-09-01,2026-09-24,False
31113,METROPOLE - IMPERADOR,16,2026-09-01,2026-09-24,False
31114,METROPOLE - IMPERADOR,16,2026-09-01,2026-09-24,False
31115,METROPOLE - IMPERADOR,16,2026-09-01,2026-09-24,False
31116,METROPOLE - IMPERADOR,16,2026-09-01,2026-09-24,False
31117,METROPOLE - IMPERADOR,12,2026-09-02,2026-09-24,False
31118,METROPOLE - IMPERADOR,16,2026-09-01,2026-09-24,False
31119,METROPOLE - IMPERADOR,16,2026-09-01,2026-09-24,False
31120,METROPOLE - IMPERADOR,16,2026-09-01,2026-09-24,True
31121,METROPOLE - IMPERADOR,16,2026-09-01,2026-09-24,False
31122,METROPOLE - IMPERADOR,16,2026-09-01,2026-09-24,False
31124,METROPOLE - IMPERADOR,16,2026-09-01,2026-09-24,False
31125,METROPOLE - IMPERADOR,5,2026-09-01,2026-09-10,False
31126,METROPOLE - IMPERADOR,16,2026-09-01,2026-09-24,False
31127,METROPOLE - IMPERADOR,16,2026-09-01,2026-09-24,False
31128,METROPOLE - IMPERADOR,16,2026-09-01,2026-09-24,False
31129,METROPOLE - IMPERADOR,16,2026-09-01,2026-09-24,False
31130,METROPOLE - IMPERADOR,16,2026-09-01,2026-09-24,False
31131,METROPOLE - IMPERADOR,16,2026-09-01,2026-09-24,False
31132,METROPOLE - IMPERADOR,16,2026-09-01,2026-09-24,False
31133,METROPOLE - IMPERADOR,16,2026-09-01,2026-09-24,False
31134,METROPOLE - IMPERADOR,16,2026-09-01,2026-09-24,False
31135,METROPOLE - IMPERADOR,16,2026-09-01,2026-09-24,False
31136,METROPOLE - IMPERADOR,16,2026-09-01,2026-09-24,True
31137,METROPOLE - IMPERADOR,16,2026-09-01,2026-09-24,False
31138,METROPOLE - IMPERADOR,16,2026-09-01,2026-09-24,False
31139,METROPOLE - IMPERADOR,16,2026-09-01,2026-09-24,False
31140,METROPOLE - IMPERADOR,16,2026-09-01,2026-09-24,False
31141,METROPOLE - IMPERADOR,16,2026-09-01,2026-09-24,False
31142,METROPOLE - IMPERADOR,16,2026-09-01,2026-09-24,False
31143,METROPOLE - IMPERADOR,16,2026-09-01,2026-09-24,False
31144,METROPOLE - IMPERADOR,16,2026-09-01,2026-09-24,False
31145,METROPOLE - IMPERADOR,16,2026-09-01,2026-09-24,False
31146,METROPOLE - IMPERADOR,16,2026-09-01,2026-09-24,False
31147,METROPOLE - IMPERADOR,7,2026-09-01,2026-09-10,False
31148,METROPOLE - IMPERADOR,16,2026-09-01,2026-09-24,False
31149,METROPOLE - IMPERADOR,16,2026-09-01,2026-09-24,False
31150,METROPOLE - IMPERADOR,16,2026-09-01,2026-09-24,False
31152,METROPOLE - IMPERADOR,16,2026-09-01,2026-09-24,False
31153,METROPOLE - IMPERADOR,16,2026-09-01,2026-09-24,False
31154,METROPOLE - IMPERADOR,16,2026-09-01,2026-09-24,False
31155,METROPOLE - IMPERADOR,16,2026-09-01,2026-09-24,False
31156,METROPOLE - IMPERADOR,16,2026-09-01,2026-09-24,False
31157,METROPOLE - IMPERADOR,16,2026-09-01,2026-09-24,True
31159,METROPOLE - IMPERADOR,16,2026-09-01,2026-09-24,False
31160,METROPOLE - IMPERADOR,16,2026-09-01,2026-09-24,False
31161,METROPOLE - IMPERADOR,12,2026-09-01,2026-09-24,False
31162,METROPOLE - IMPERADOR,16,2026-09-01,2026-09-24,False
31163,METROPOLE - IMPERADOR,16,2026-09-01,2026-09-24,False
31164,METROPOLE - IMPERADOR,16,2026-09-01,2026-09-24,False
31165,METROPOLE - IMPERADOR,16,2026-09-01,2026-09-24,True
31166,METROPOLE - IMPERADOR,16,2026-09-01,2026-09-24,False
31167,METROPOLE - IMPERADOR,16,2026-09-01,2026-09-24,False
31168,METROPOLE - IMPERADOR,16,2026-09-01,2026-09-24,False
31169,METROPOLE - IMPERADOR,16,2026-09-01,2026-09-24,False
31170,METROPOLE - IMPERADOR,16,2026-09-01,2026-09-24,False
31171,METROPOLE - IMPERADOR,16,2026-09-01,2026-09-24,False
31172,METROPOLE - IMPERADOR,16,2026-09-01,2026-09-24,False
31173,METROPOLE - IMPERADOR,16,2026-09-01,2026-09-24,False
31174,METROPOLE - IMPERADOR,16,2026-09-01,2026-09-24,False
31175,METROPOLE - IMPERADOR,16,2026-09-01,2026-09-24,False
31177,METROPOLE - IMPERADOR,16,2026-09-01,2026-09-24,False
31178,METROPOLE - IMPERADOR,16,2026-09-01,2026-09-24,False
31180,METROPOLE - IMPERADOR,16,2026-09-01,2026-09-24,True
31181,METROPOLE - IMPERADOR,16,2026-09-01,2026-09-24,False
31182,METROPOLE - IMPERADOR,16,2026-09-01,2026-09-24,True
31183,METROPOLE - IMPERADOR,16,2026-09-01,2026-09-24,False
31184,METROPOLE - IMPERADOR,16,2026-09-01,2026-09-24,False
31185,METROPOLE - IMPERADOR,16,2026-09-01,2026-09-24,False
31186,METROPOLE - IMPERADOR,16,2026-09-01,2026-09-24,False
31187,METROPOLE - IMPERADOR,16,2026-09-01,2026-09-24,False
31188,METROPOLE - IMPERADOR,16,2026-09-01,2026-09-24,False
31189,METROPOLE - IMPERADOR,16,2026-09-01,2026-09-24,False
31190,METROPOLE - IMPERADOR,16,2026-09-01,2026-09-24,False
31191,METROPOLE - IMPERADOR,16,2026-09-01,2026-09-24,False
31192,METROPOLE - IMPERADOR,16,2026-09-01,2026-09-24,False
31193,METROPOLE - IMPERADOR,16,2026-09-01,2026-09-24,False
31194,METROPOLE - IMPERADOR,16,2026-09-01,2026-09-24,False
31195,METROPOLE - IMPERADOR,16,2026-09-01,2026-09-24,False
31196,METROPOLE - IMPERADOR,16,2026-09-01,2026-09-24,False
31197,METROPOLE - IMPERADOR,16,2026-09-01,2026-09-24,False
31198,METROPOLE - IMPERADOR,16,2026-09-01,2026-09-24,False
31199,METROPOLE - IMPERADOR,16,2026-09-01,2026-09-24,False
31200,METROPOLE - IMPERADOR,16,2026-09-01,2026-09-24,False
31201,METROPOLE - IMPERADOR,16,2026-09-01,2026-09-24,False
31202,METROPOLE - IMPERADOR,16,2026-09-01,2026-09-24,False
31203,METROPOLE - IMPERADOR,16,2026-09-01,2026-09-24,False
31204,METROPOLE - IMPERADOR,16,2026-09-01,2026-09-24,True
31205,METROPOLE - IMPERADOR,16,2026-09-01,2026-09-24,True
31206,METROPOLE - IMPERADOR,16,2026-09-01,2026-09-24,False
31207,METROPOLE - IMPERADOR,16,2026-09-01,2026-09-24,False
31208,METROPOLE - IMPERADOR,16,2026-09-01,2026-09-24,False
31209,METROPOLE - IMPERADOR,16,2026-09-01,2026-09-24,False
31210,METROPOLE - IMPERADOR,16,2026-09-01,2026-09-24,True
31211,METROPOLE - IMPERADOR,16,2026-09-01,2026-09-24,False
31212,METROPOLE - IMPERADOR,16,2026-09-01,2026-09-24,True
31213,METROPOLE - IMPERADOR,16,2026-09-01,2026-09-24,False
31214,METROPOLE - IMPERADOR,16,2026-09-01,2026-09-24,False
31215,METROPOLE - IGUATEMI,16,2026-09-01,2026-09-24,False
31216,METROPOLE - IGUATEMI,16,2026-09-01,2026-09-24,False
31217,METROPOLE - IGUATEMI,16,2026-09-01,2026-09-24,False
31218,METROPOLE - IGUATEMI,16,2026-09-01,2026-09-24,False
31237,METROPOLE - IGUATEMI,1,2026-09-01,2026-09-01,False
31240,METROPOLE - IGUATEMI,1,2026-09-04,2026-09-04,False
31243,METROPOLE - IGUATEMI,16,2026-09-01,2026-09-24,False
31244,METROPOLE - IGUATEMI,16,2026-09-01,2026-09-24,False
31245,METROPOLE - IGUATEMI,16,2026-09-01,2026-09-24,True
31248,METROPOLE - IGUATEMI,16,2026-09-01,2026-09-24,False
31249,METROPOLE - IGUATEMI,16,2026-09-01,2026-09-24,False
31250,METROPOLE - IGUATEMI,16,2026-09-01,2026-09-24,False
31251,METROPOLE - IGUATEMI,16,2026-09-01,2026-09-24,False
31253,METROPOLE - IGUATEMI,16,2026-09-01,2026-09-24,False
31254,METROPOLE - IGUATEMI,15,2026-09-01,2026-09-24,False
31255,METROPOLE - IGUATEMI,16,2026-09-01,2026-09-24,True
31256,METROPOLE - IGUATEMI,16,2026-09-01,2026-09-24,False
31258,METROPOLE - IGUATEMI,16,2026-09-01,2026-09-24,False
31259,METROPOLE - IGUATEMI,16,2026-09-01,2026-09-24,False
31260,METROPOLE - IGUATEMI,16,2026-09-01,2026-09-24,True
31261,METROPOLE - IGUATEMI,16,2026-09-01,2026-09-24,False
31262,METROPOLE - IGUATEMI,16,2026-09-01,2026-09-24,True
31263,METROPOLE - IGUATEMI,16,2026-09-01,2026-09-24,False
31264,METROPOLE - IGUATEMI,16,2026-09-01,2026-09-24,False
31265,METROPOLE - IGUATEMI,16,2026-09-01,2026-09-24,False
31266,METROPOLE - IGUATEMI,16,2026-09-01,2026-09-24,False
31267,METROPOLE - IGUATEMI,16,2026-09-01,2026-09-24,False
31268,METROPOLE - IGUATEMI,16,2026-09-01,2026-09-24,False
31269,METROPOLE - IMPERADOR,14,2026-09-01,2026-09-24,True
31271,METROPOLE - IMPERADOR,16,2026-09-01,2026-09-24,False
31277,METROPOLE - IGUATEMI,16,2026-09-01,2026-09-24,False
31278,METROPOLE - IMPERADOR,16,2026-09-01,2026-09-24,False
31279,METROPOLE - IMPERADOR,16,2026-09-01,2026-09-24,False
31280,METROPOLE - IMPERADOR,16,2026-09-01,2026-09-24,False
31281,METROPOLE - IMPERADOR,16,2026-09-01,2026-09-24,False
31282,METROPOLE - IGUATEMI,16,2026-09-01,2026-09-24,False
31283,METROPOLE - IGUATEMI,9,2026-09-01,2026-09-24,False
31284,METROPOLE - IMPERADOR,16,2026-09-01,2026-09-24,False
31285,METROPOLE - IMPERADOR,16,2026-09-01,2026-09-24,False
31286,METROPOLE - IGUATEMI,16,2026-09-01,2026-09-24,False
31287,METROPOLE - IGUATEMI,16,2026-09-01,2026-09-24,False
31288,METROPOLE - IMPERADOR,16,2026-09-01,2026-09-24,False
31289,METROPOLE - IMPERADOR,16,2026-09-01,2026-09-24,False
31290,METROPOLE - IMPERADOR,8,2026-09-15,2026-09-24,False
31291,METROPOLE - IMPERADOR,16,2026-09-01,2026-09-24,False
31292,METROPOLE - IMPERADOR,16,2026-09-01,2026-09-24,False
31293,METROPOLE - IMPERADOR,16,2026-09-01,2026-09-24,False
31294,METROPOLE - IMPERADOR,16,2026-09-01,2026-09-24,False
31295,METROPOLE - IMPERADOR,6,2026-09-01,2026-09-09,False
31296,METROPOLE - IMPERADOR,16,2026-09-01,2026-09-24,False
31297,METROPOLE - IMPERADOR,16,2026-09-01,2026-09-24,False
31298,METROPOLE - IMPERADOR,16,2026-09-01,2026-09-24,False
31299,METROPOLE - IMPERADOR,16,2026-09-01,2026-09-24,True
31300,METROPOLE - IGUATEMI,16,2026-09-01,2026-09-24,False
31302,METROPOLE - IGUATEMI,16,2026-09-01,2026-09-24,False
31303,METROPOLE - IMPERADOR,16,2026-09-01,2026-09-24,False
31320,METROPOLE - IMPERADOR,16,2026-09-01,2026-09-24,False
31353,METROPOLE - IMPERADOR,7,2026-09-01,2026-09-18,False
31354,METROPOLE - IMPERADOR,16,2026-09-01,2026-09-24,False
31356,METROPOLE - IMPERADOR,16,2026-09-01,2026-09-24,False
31357,METROPOLE - IMPERADOR,16,2026-09-01,2026-09-24,False
31359,METROPOLE - IMPERADOR,16,2026-09-01,2026-09-24,False
31360,METROPOLE - IMPERADOR,16,2026-09-01,2026-09-24,False
31361,METROPOLE - AE CARVALHO | METROPOLE - EXPANDIR,9,2026-09-11,2026-09-24,False
31362,METROPOLE - AE CARVALHO | METROPOLE - EXPANDIR,9,2026-09-11,2026-09-24,False
31363,METROPOLE - AE CARVALHO,4,2026-09-21,2026-09-24,False
31364,METROPOLE - AE CARVALHO | METROPOLE - EXPANDIR,9,2026-09-11,2026-09-24,False
31365,METROPOLE - AE CARVALHO | METROPOLE - EXPANDIR | METROPOLE PAULISTA - DEPINEDO,7,2026-09-11,2026-09-24,False
31366,METROPOLE - AE CARVALHO | METROPOLE - EXPANDIR,9,2026-09-11,2026-09-24,False
31367,METROPOLE - AE CARVALHO | METROPOLE - EXPANDIR,9,2026-09-11,2026-09-24,False
31368,METROPOLE - AE CARVALHO | METROPOLE - EXPANDIR,9,2026-09-11,2026-09-24,False
31369,METROPOLE - AE CARVALHO | METROPOLE - EXPANDIR,8,2026-09-11,2026-09-24,False
31370,METROPOLE - AE CARVALHO | METROPOLE - EXPANDIR,9,2026-09-11,2026-09-24,False
31371,METROPOLE - AE CARVALHO | METROPOLE - EXPANDIR | METROPOLE PAULISTA - DEPINEDO,9,2026-09-11,2026-09-24,False
31372,METROPOLE - AE CARVALHO,4,2026-09-21,2026-09-24,False
31373,METROPOLE - AE CARVALHO | METROPOLE - EXPANDIR,4,2026-09-21,2026-09-24,False
31374,METROPOLE - AE CARVALHO | METROPOLE - EXPANDIR,4,2026-09-21,2026-09-24,False
31375,METROPOLE - AE CARVALHO | METROPOLE - EXPANDIR,4,2026-09-21,2026-09-24,False
31379,METROPOLE - IMPERADOR,16,2026-09-01,2026-09-24,False
31388,METROPOLE - IMPERADOR,16,2026-09-01,2026-09-24,False
31391,METROPOLE - IMPERADOR,16,2026-09-01,2026-09-24,False
31425,METROPOLE - EXPANDIR | METROPOLE - IGUATEMI,16,2026-09-01,2026-09-24,False
31443,METROPOLE - IGUATEMI,16,2026-09-01,2026-09-24,False
31482,METROPOLE - IGUATEMI,16,2026-09-01,2026-09-24,False
31484,METROPOLE - IGUATEMI,14,2026-09-01,2026-09-22,True
31485,METROPOLE - IGUATEMI,16,2026-09-01,2026-09-24,False
31486,METROPOLE - IGUATEMI,16,2026-09-01,2026-09-24,True
31487,METROPOLE - ITAIM,14,2026-09-01,2026-09-24,False
31488,METROPOLE - ITAIM,16,2026-09-01,2026-09-24,False
31489,METROPOLE - EXPANDIR | METROPOLE - IGUATEMI,16,2026-09-01,2026-09-24,False
31490,METROPOLE - EXPANDIR | METROPOLE - IGUATEMI,16,2026-09-01,2026-09-24,False
31501,METROPOLE - EXPANDIR | METROPOLE - IGUATEMI,16,2026-09-01,2026-09-24,False
31502,METROPOLE - EXPANDIR | METROPOLE - IGUATEMI,16,2026-09-01,2026-09-24,False
31503,METROPOLE - EXPANDIR | METROPOLE - IGUATEMI,16,2026-09-01,2026-09-24,True
31504,METROPOLE - EXPANDIR | METROPOLE - IGUATEMI,16,2026-09-01,2026-09-24,False
31505,METROPOLE - EXPANDIR,16,2026-09-01,2026-09-24,False
31506,METROPOLE - EXPANDIR,16,2026-09-01,2026-09-24,False
31507,METROPOLE - EXPANDIR,16,2026-09-01,2026-09-24,False
31508,METROPOLE - EXPANDIR,16,2026-09-01,2026-09-24,False
31509,METROPOLE - EXPANDIR,16,2026-09-01,2026-09-24,False
31510,METROPOLE - EXPANDIR,16,2026-09-01,2026-09-24,False
31515,METROPOLE - IMPERADOR,16,2026-09-01,2026-09-24,False
31520,METROPOLE - EXPANDIR,16,2026-09-01,2026-09-24,False
31521,METROPOLE - EXPANDIR,16,2026-09-01,2026-09-24,False
31522,METROPOLE - EXPANDIR,16,2026-09-01,2026-09-24,False
31523,METROPOLE - EXPANDIR | METROPOLE - IGUATEMI,16,2026-09-01,2026-09-24,False
31524,METROPOLE - EXPANDIR,16,2026-09-01,2026-09-24,False
31557,METROPOLE - EXPANDIR,16,2026-09-01,2026-09-24,False
31558,METROPOLE - EXPANDIR,16,2026-09-01,2026-09-24,False
31559,METROPOLE - EXPANDIR,16,2026-09-01,2026-09-24,False
31560,METROPOLE - EXPANDIR | METROPOLE - IGUATEMI,16,2026-09-01,2026-09-24,True
31561,METROPOLE - EXPANDIR,16,2026-09-01,2026-09-24,False
31562,METROPOLE - IMPERADOR,16,2026-09-01,2026-09-24,False
31568,METROPOLE - IMPERADOR,16,2026-09-01,2026-09-24,False
31569,METROPOLE - IMPERADOR,16,2026-09-01,2026-09-24,False
31570,METROPOLE - IMPERADOR,16,2026-09-01,2026-09-24,False
31571,METROPOLE - IMPERADOR,16,2026-09-01,2026-09-24,False
31572,METROPOLE - IMPERADOR,16,2026-09-01,2026-09-24,False
31589,METROPOLE - IMPERADOR,16,2026-09-01,2026-09-24,False
31590,METROPOLE - IGUATEMI,16,2026-09-01,2026-09-24,True
31591,METROPOLE - IGUATEMI,16,2026-09-01,2026-09-24,False
31592,METROPOLE - IGUATEMI,16,2026-09-01,2026-09-24,False
31593,METROPOLE - IGUATEMI,16,2026-09-01,2026-09-24,True
31594,METROPOLE - IGUATEMI,16,2026-09-01,2026-09-24,False
31595,METROPOLE - IGUATEMI,16,2026-09-01,2026-09-24,False
31602,METROPOLE - EXPANDIR,16,2026-09-01,2026-09-24,False
31603,METROPOLE - EXPANDIR,16,2026-09-01,2026-09-24,False
31604,METROPOLE - EXPANDIR,16,2026-09-01,2026-09-24,False
31605,METROPOLE - EXPANDIR,16,2026-09-01,2026-09-24,False
31606,METROPOLE - ITAIM,16,2026-09-01,2026-09-24,False
31609,METROPOLE - IGUATEMI,16,2026-09-01,2026-09-24,False
31611,METROPOLE - IGUATEMI,16,2026-09-01,2026-09-24,False
31612,METROPOLE - IGUATEMI,16,2026-09-01,2026-09-24,False
31613,METROPOLE - IGUATEMI,16,2026-09-01,2026-09-24,False
31614,METROPOLE - IGUATEMI,16,2026-09-01,2026-09-24,False
31615,METROPOLE - IGUATEMI,16,2026-09-01,2026-09-24,True
31616,METROPOLE - IGUATEMI,16,2026-09-01,2026-09-24,False
31617,METROPOLE - IGUATEMI,16,2026-09-01,2026-09-24,False
31618,METROPOLE - IGUATEMI,16,2026-09-01,2026-09-24,False
31619,METROPOLE - IGUATEMI,16,2026-09-01,2026-09-24,False
31620,METROPOLE - IGUATEMI,16,2026-09-01,2026-09-24,False
31621,METROPOLE - IGUATEMI,16,2026-09-01,2026-09-24,False
31622,METROPOLE - IGUATEMI,16,2026-09-01,2026-09-24,True
31623,METROPOLE - IGUATEMI,16,2026-09-01,2026-09-24,False
31624,METROPOLE - IGUATEMI,16,2026-09-01,2026-09-24,True
31625,METROPOLE - IGUATEMI,16,2026-09-01,2026-09-24,False
31628,METROPOLE - IMPERADOR,16,2026-09-01,2026-09-24,False
31629,METROPOLE - IMPERADOR,16,2026-09-01,2026-09-24,True
31630,METROPOLE - IMPERADOR,16,2026-09-01,2026-09-24,False
31631,METROPOLE - IMPERADOR,16,2026-09-01,2026-09-24,False
31632,METROPOLE - IMPERADOR,16,2026-09-01,2026-09-24,False
31633,METROPOLE - IMPERADOR,16,2026-09-01,2026-09-24,False
31634,METROPOLE - IGUATEMI,16,2026-09-01,2026-09-24,False
31635,METROPOLE - IGUATEMI,12,2026-09-01,2026-09-24,True
31636,METROPOLE - ITAIM,16,2026-09-01,2026-09-24,False
31642,METROPOLE - EXPANDIR,16,2026-09-01,2026-09-24,False
31643,METROPOLE - EXPANDIR,16,2026-09-01,2026-09-24,False
31649,METROPOLE - IMPERADOR,16,2026-09-01,2026-09-24,False
31650,METROPOLE - IMPERADOR,16,2026-09-01,2026-09-24,False
31651,METROPOLE - IMPERADOR,16,2026-09-01,2026-09-24,True
31652,METROPOLE - IMPERADOR,16,2026-09-01,2026-09-24,True
31653,METROPOLE - IMPERADOR,16,2026-09-01,2026-09-24,False
31654,METROPOLE - IGUATEMI,16,2026-09-01,2026-09-24,True
31655,METROPOLE - IGUATEMI,16,2026-09-01,2026-09-24,False
31656,METROPOLE - IGUATEMI,16,2026-09-01,2026-09-24,True
31657,METROPOLE - IGUATEMI,16,2026-09-01,2026-09-24,True
31658,METROPOLE - IGUATEMI,16,2026-09-01,2026-09-24,False
31659,METROPOLE - IGUATEMI,16,2026-09-01,2026-09-24,False
31660,METROPOLE - IGUATEMI,16,2026-09-01,2026-09-24,False
31661,METROPOLE - IGUATEMI,16,2026-09-01,2026-09-24,True
31662,METROPOLE - IGUATEMI,16,2026-09-01,2026-09-24,False
31663,METROPOLE - IGUATEMI,16,2026-09-01,2026-09-24,False
31664,METROPOLE - IGUATEMI,16,2026-09-01,2026-09-24,True
31665,METROPOLE - IGUATEMI,14,2026-09-01,2026-09-22,False
31666,METROPOLE - IGUATEMI,16,2026-09-01,2026-09-24,False
31667,METROPOLE - IGUATEMI,16,2026-09-01,2026-09-24,True
31668,METROPOLE - IGUATEMI,16,2026-09-01,2026-09-24,True
31669,METROPOLE - IGUATEMI,16,2026-09-01,2026-09-24,False
31670,METROPOLE - IGUATEMI,16,2026-09-01,2026-09-24,True
31671,METROPOLE - IGUATEMI,16,2026-09-01,2026-09-24,False
31672,METROPOLE - IGUATEMI,16,2026-09-01,2026-09-24,False
31673,METROPOLE - IGUATEMI,16,2026-09-01,2026-09-24,True
31674,METROPOLE - IGUATEMI,16,2026-09-01,2026-09-24,False
31675,METROPOLE - IGUATEMI,16,2026-09-01,2026-09-24,False
31676,METROPOLE - IGUATEMI,16,2026-09-01,2026-09-24,False
31696,METROPOLE - IMPERADOR,16,2026-09-01,2026-09-24,False
31698,METROPOLE - IMPERADOR,16,2026-09-01,2026-09-24,False
31699,METROPOLE - IMPERADOR,16,2026-09-01,2026-09-24,False
31700,METROPOLE - IMPERADOR,16,2026-09-01,2026-09-24,True
31701,METROPOLE - IMPERADOR,16,2026-09-01,2026-09-24,False
31702,METROPOLE - IMPERADOR,16,2026-09-01,2026-09-24,False
31703,METROPOLE - ITAIM,16,2026-09-01,2026-09-24,False
31704,METROPOLE - ITAIM,16,2026-09-01,2026-09-24,False
31705,METROPOLE - ITAIM,16,2026-09-01,2026-09-24,False
31706,METROPOLE - ITAIM,16,2026-09-01,2026-09-24,False
31707,METROPOLE - ITAIM,16,2026-09-01,2026-09-24,False
31708,METROPOLE - ITAIM,16,2026-09-01,2026-09-24,False
31709,METROPOLE - ITAIM,16,2026-09-01,2026-09-24,False
31710,METROPOLE - ITAIM,16,2026-09-01,2026-09-24,False
31711,METROPOLE - ITAIM,16,2026-09-01,2026-09-24,False
31712,METROPOLE - ITAIM,16,2026-09-01,2026-09-24,False
31713,METROPOLE - ITAIM,16,2026-09-01,2026-09-24,False
31714,METROPOLE - ITAIM,16,2026-09-01,2026-09-24,False
31715,METROPOLE - ITAIM,16,2026-09-01,2026-09-24,False
31716,METROPOLE - EXPANDIR,16,2026-09-01,2026-09-24,False
31717,METROPOLE - EXPANDIR,16,2026-09-01,2026-09-24,False
31718,METROPOLE - EXPANDIR,16,2026-09-01,2026-09-24,False
31719,METROPOLE - EXPANDIR,16,2026-09-01,2026-09-24,False
31720,METROPOLE - EXPANDIR,16,2026-09-01,2026-09-24,False
31721,METROPOLE - EXPANDIR,16,2026-09-01,2026-09-24,False
31722,METROPOLE - EXPANDIR,16,2026-09-01,2026-09-24,False
31723,METROPOLE - EXPANDIR,16,2026-09-01,2026-09-24,False
31724,METROPOLE - EXPANDIR,16,2026-09-01,2026-09-24,False
31725,METROPOLE - EXPANDIR,16,2026-09-01,2026-09-24,False
31726,METROPOLE - EXPANDIR,16,2026-09-01,2026-09-24,False
31727,METROPOLE - EXPANDIR,16,2026-09-01,2026-09-24,False
31728,METROPOLE - EXPANDIR,16,2026-09-01,2026-09-24,False
31729,METROPOLE - EXPANDIR,16,2026-09-01,2026-09-24,False
31730,METROPOLE - EXPANDIR,16,2026-09-01,2026-09-24,False
31731,METROPOLE - EXPANDIR,16,2026-09-01,2026-09-24,False
31732,METROPOLE - IMPERADOR,16,2026-09-01,2026-09-24,False
31733,METROPOLE - IMPERADOR,16,2026-09-01,2026-09-24,True
31734,METROPOLE - IMPERADOR,16,2026-09-01,2026-09-24,False
31735,METROPOLE - IMPERADOR,16,2026-09-01,2026-09-24,False
31737,METROPOLE - IMPERADOR,16,2026-09-01,2026-09-24,False
31738,METROPOLE - IMPERADOR,16,2026-09-01,2026-09-24,True
31739,METROPOLE - IMPERADOR,16,2026-09-01,2026-09-24,False
31740,METROPOLE - IMPERADOR,16,2026-09-01,2026-09-24,False
31741,METROPOLE - IMPERADOR,16,2026-09-01,2026-09-24,False
31742,METROPOLE - IMPERADOR,16,2026-09-01,2026-09-24,False
31743,METROPOLE - IMPERADOR,16,2026-09-01,2026-09-24,False
31744,METROPOLE - IMPERADOR,16,2026-09-01,2026-09-24,False
31745,METROPOLE - IMPERADOR,16,2026-09-01,2026-09-24,False
31746,METROPOLE - IMPERADOR,16,2026-09-01,2026-09-24,False
31747,METROPOLE - IMPERADOR,16,2026-09-01,2026-09-24,False
31748,METROPOLE - IMPERADOR,16,2026-09-01,2026-09-24,False
31749,METROPOLE - IMPERADOR,16,2026-09-01,2026-09-24,False
31750,METROPOLE - IMPERADOR,16,2026-09-01,2026-09-24,True
31751,METROPOLE - IMPERADOR,16,2026-09-01,2026-09-24,True
31752,METROPOLE - IMPERADOR,16,2026-09-01,2026-09-24,False
31753,METROPOLE - IGUATEMI,16,2026-09-01,2026-09-24,True
31754,METROPOLE - IGUATEMI,16,2026-09-01,2026-09-24,False
31755,METROPOLE - IGUATEMI,16,2026-09-01,2026-09-24,True
31756,METROPOLE - IGUATEMI,16,2026-09-01,2026-09-24,False
31757,METROPOLE - IGUATEMI,16,2026-09-01,2026-09-24,False
31758,METROPOLE - IGUATEMI,16,2026-09-01,2026-09-24,True
31759,METROPOLE - IGUATEMI,16,2026-09-01,2026-09-24,False
31760,METROPOLE - IGUATEMI,16,2026-09-01,2026-09-24,True
31761,METROPOLE - IGUATEMI,16,2026-09-01,2026-09-24,True
31762,METROPOLE - IMPERADOR,16,2026-09-01,2026-09-24,True
31763,METROPOLE - IMPERADOR,16,2026-09-01,2026-09-24,True
31764,METROPOLE - IMPERADOR,16,2026-09-01,2026-09-24,False
31765,METROPOLE - IMPERADOR,16,2026-09-01,2026-09-24,False
31766,METROPOLE - IMPERADOR,16,2026-09-01,2026-09-24,False
31767,METROPOLE - IMPERADOR,16,2026-09-01,2026-09-24,False
31768,METROPOLE - IMPERADOR,16,2026-09-01,2026-09-24,False
31769,METROPOLE - IMPERADOR,16,2026-09-01,2026-09-24,False
31770,METROPOLE - IMPERADOR,16,2026-09-01,2026-09-24,False
31771,METROPOLE - IGUATEMI,16,2026-09-01,2026-09-24,True
31772,METROPOLE - IGUATEMI,16,2026-09-01,2026-09-24,False
31773,METROPOLE - IGUATEMI,16,2026-09-01,2026-09-24,False
31774,METROPOLE - IGUATEMI,16,2026-09-01,2026-09-24,False
31775,METROPOLE - IGUATEMI,16,2026-09-01,2026-09-24,True
31776,METROPOLE - IGUATEMI,16,2026-09-01,2026-09-24,False
31780,METROPOLE - IMPERADOR,16,2026-09-01,2026-09-24,False
31781,METROPOLE - IMPERADOR,16,2026-09-01,2026-09-24,False
31782,METROPOLE - IMPERADOR,6,2026-09-09,2026-09-24,False
31783,METROPOLE - IMPERADOR,16,2026-09-01,2026-09-24,False
31784,METROPOLE - IMPERADOR,16,2026-09-01,2026-09-24,False
31785,METROPOLE - IMPERADOR,16,2026-09-01,2026-09-24,False
31786,METROPOLE - IMPERADOR,15,2026-09-01,2026-09-24,True
31787,METROPOLE - IMPERADOR,16,2026-09-01,2026-09-24,True
31788,METROPOLE - IMPERADOR,16,2026-09-01,2026-09-24,False
31789,METROPOLE - IMPERADOR,14,2026-09-01,2026-09-23,False
31790,METROPOLE - IMPERADOR,12,2026-09-01,2026-09-18,False
31791,METROPOLE - IMPERADOR,16,2026-09-01,2026-09-24,False
31792,METROPOLE - IMPERADOR,14,2026-09-01,2026-09-24,False
31793,METROPOLE - IMPERADOR,16,2026-09-01,2026-09-24,False
31794,METROPOLE - IMPERADOR,16,2026-09-01,2026-09-24,False
31795,METROPOLE - IMPERADOR,13,2026-09-01,2026-09-24,True
31796,METROPOLE - IMPERADOR,6,2026-09-01,2026-09-16,False
31797,METROPOLE - IMPERADOR,16,2026-09-01,2026-09-24,False
31799,METROPOLE - IMPERADOR,9,2026-09-01,2026-09-24,False
31802,METROPOLE - IMPERADOR,16,2026-09-01,2026-09-24,False
31803,METROPOLE - IMPERADOR,16,2026-09-01,2026-09-24,False
31804,METROPOLE - IGUATEMI,16,2026-09-01,2026-09-24,False
31805,METROPOLE - IGUATEMI,16,2026-09-01,2026-09-24,False
31811,METROPOLE - IMPERADOR,16,2026-09-01,2026-09-24,False
31812,METROPOLE - IMPERADOR,16,2026-09-01,2026-09-24,False
31813,METROPOLE - ITAIM,16,2026-09-01,2026-09-24,False
31814,METROPOLE - ITAIM,16,2026-09-01,2026-09-24,False
31815,METROPOLE - IGUATEMI,16,2026-09-01,2026-09-24,False
31816,METROPOLE - IGUATEMI,13,2026-09-01,2026-09-24,True
31817,METROPOLE - IGUATEMI,16,2026-09-01,2026-09-24,False
31818,METROPOLE - IGUATEMI,16,2026-09-01,2026-09-24,True
31819,METROPOLE - IGUATEMI,16,2026-09-01,2026-09-24,False
31820,METROPOLE - IGUATEMI,16,2026-09-01,2026-09-24,False
31821,METROPOLE - ITAIM,16,2026-09-01,2026-09-24,False
31822,METROPOLE - IGUATEMI,16,2026-09-01,2026-09-24,True
31823,METROPOLE - IGUATEMI,16,2026-09-01,2026-09-24,True
31824,METROPOLE - IGUATEMI,16,2026-09-01,2026-09-24,False
31825,METROPOLE - ITAIM,16,2026-09-01,2026-09-24,False
31826,METROPOLE - ITAIM,16,2026-09-01,2026-09-24,False
31827,METROPOLE - ITAIM,16,2026-09-01,2026-09-24,False
31828,METROPOLE - ITAIM,16,2026-09-01,2026-09-24,False
31829,METROPOLE - ITAIM,16,2026-09-01,2026-09-24,False
31830,METROPOLE - ITAIM,16,2026-09-01,2026-09-24,False
31831,METROPOLE - ITAIM,15,2026-09-02,2026-09-24,False
31832,METROPOLE - ITAIM,16,2026-09-01,2026-09-24,False
31833,METROPOLE - ITAIM,16,2026-09-01,2026-09-24,False
31834,METROPOLE - ITAIM,16,2026-09-01,2026-09-24,False
31835,METROPOLE - ITAIM,16,2026-09-01,2026-09-24,False
31836,METROPOLE - ITAIM,16,2026-09-01,2026-09-24,False
31837,METROPOLE - ITAIM,16,2026-09-01,2026-09-24,False
31838,METROPOLE - ITAIM,16,2026-09-01,2026-09-24,False
31839,METROPOLE - ITAIM,16,2026-09-01,2026-09-24,False
31840,METROPOLE - ITAIM,16,2026-09-01,2026-09-24,False
31841,METROPOLE - ITAIM,16,2026-09-01,2026-09-24,True
31842,METROPOLE - ITAIM,16,2026-09-01,2026-09-24,False
31843,METROPOLE - ITAIM,16,2026-09-01,2026-09-24,False
31844,METROPOLE - ITAIM,16,2026-09-01,2026-09-24,True
31845,METROPOLE - ITAIM,16,2026-09-01,2026-09-24,False
31846,METROPOLE - ITAIM,16,2026-09-01,2026-09-24,False
31847,METROPOLE - ITAIM,16,2026-09-01,2026-09-24,False
31848,METROPOLE - ITAIM,16,2026-09-01,2026-09-24,False
31849,METROPOLE - ITAIM,16,2026-09-01,2026-09-24,False
31850,METROPOLE - ITAIM,16,2026-09-01,2026-09-24,False
31851,METROPOLE - IGUATEMI,16,2026-09-01,2026-09-24,False
31852,METROPOLE - IGUATEMI,16,2026-09-01,2026-09-24,False
31853,METROPOLE - IGUATEMI,16,2026-09-01,2026-09-24,False
31854,METROPOLE - IGUATEMI,16,2026-09-01,2026-09-24,False
31855,METROPOLE - IGUATEMI,16,2026-09-01,2026-09-24,False
31856,METROPOLE - IGUATEMI,16,2026-09-01,2026-09-24,False
31857,METROPOLE - IGUATEMI,16,2026-09-01,2026-09-24,False
31858,METROPOLE - IGUATEMI,16,2026-09-01,2026-09-24,False
31859,METROPOLE - IGUATEMI,16,2026-09-01,2026-09-24,True
31860,METROPOLE - IGUATEMI,16,2026-09-01,2026-09-24,False
31861,METROPOLE - IGUATEMI,16,2026-09-01,2026-09-24,False
31862,METROPOLE - IGUATEMI,16,2026-09-01,2026-09-24,True
31863,METROPOLE - IGUATEMI,15,2026-09-01,2026-09-24,False
31864,METROPOLE - IGUATEMI,16,2026-09-01,2026-09-24,False
31871,METROPOLE - EXPANDIR,16,2026-09-01,2026-09-24,False
31872,METROPOLE - EXPANDIR,12,2026-09-08,2026-09-24,False
31873,METROPOLE - EXPANDIR,16,2026-09-01,2026-09-24,False
31917,METROPOLE - EXPANDIR,16,2026-09-01,2026-09-24,False
31918,METROPOLE - EXPANDIR,16,2026-09-01,2026-09-24,False
31919,METROPOLE - IMPERADOR,16,2026-09-01,2026-09-24,False
31920,METROPOLE - IMPERADOR,16,2026-09-01,2026-09-24,False
31921,METROPOLE - IMPERADOR,16,2026-09-01,2026-09-24,False
31922,METROPOLE - IMPERADOR,16,2026-09-01,2026-09-24,False
31923,METROPOLE - IMPERADOR,16,2026-09-01,2026-09-24,False
31924,METROPOLE - IMPERADOR,16,2026-09-01,2026-09-24,False
31925,METROPOLE - IMPERADOR,16,2026-09-01,2026-09-24,False
31926,METROPOLE - IMPERADOR,16,2026-09-01,2026-09-24,False
31927,METROPOLE - IMPERADOR,16,2026-09-01,2026-09-24,True
31928,METROPOLE - IMPERADOR,16,2026-09-01,2026-09-24,False
31929,METROPOLE - ITAIM,16,2026-09-01,2026-09-24,False
31930,METROPOLE - ITAIM,16,2026-09-01,2026-09-24,False
31931,METROPOLE - ITAIM,1,2026-09-24,2026-09-24,False
31932,METROPOLE - ITAIM,16,2026-09-01,2026-09-24,False
31933,METROPOLE - ITAIM,16,2026-09-01,2026-09-24,False
31934,METROPOLE - ITAIM,16,2026-09-01,2026-09-24,False
31935,METROPOLE - ITAIM,16,2026-09-01,2026-09-24,False
31936,METROPOLE - ITAIM,16,2026-09-01,2026-09-24,False
31937,METROPOLE - ITAIM,16,2026-09-01,2026-09-24,False
31938,METROPOLE - ITAIM,16,2026-09-01,2026-09-24,False
31939,METROPOLE - ITAIM,16,2026-09-01,2026-09-24,False
31940,METROPOLE - ITAIM,16,2026-09-01,2026-09-24,False
31941,METROPOLE - ITAIM,16,2026-09-01,2026-09-24,False
31942,METROPOLE - ITAIM,16,2026-09-01,2026-09-24,False
31943,METROPOLE - ITAIM,16,2026-09-01,2026-09-24,False
31944,METROPOLE - IMPERADOR,16,2026-09-01,2026-09-24,False
31945,METROPOLE - IMPERADOR,16,2026-09-01,2026-09-24,False
31946,METROPOLE - IMPERADOR,16,2026-09-01,2026-09-24,False
31947,METROPOLE - IGUATEMI,16,2026-09-01,2026-09-24,False
31948,METROPOLE - IGUATEMI,16,2026-09-01,2026-09-24,True
31949,METROPOLE - IGUATEMI,10,2026-09-01,2026-09-24,True
31950,METROPOLE - IGUATEMI,16,2026-09-01,2026-09-24,True
31951,METROPOLE - IGUATEMI,15,2026-09-01,2026-09-24,True
31952,METROPOLE - IGUATEMI,16,2026-09-01,2026-09-24,True
31953,METROPOLE - IGUATEMI,14,2026-09-03,2026-09-24,True
31954,METROPOLE - IGUATEMI,16,2026-09-01,2026-09-24,False
31955,METROPOLE - IGUATEMI,12,2026-09-01,2026-09-18,True
31956,METROPOLE - IGUATEMI,16,2026-09-01,2026-09-24,True
31957,METROPOLE - IGUATEMI,16,2026-09-01,2026-09-24,False
31958,METROPOLE - IGUATEMI,16,2026-09-01,2026-09-24,False
31959,METROPOLE - IGUATEMI,16,2026-09-01,2026-09-24,False
31960,METROPOLE - IGUATEMI,16,2026-09-01,2026-09-24,True
31961,METROPOLE - IGUATEMI,16,2026-09-01,2026-09-24,False
31962,METROPOLE - IGUATEMI,16,2026-09-01,2026-09-24,True
31963,METROPOLE - ITAIM,16,2026-09-01,2026-09-24,False
31964,METROPOLE - ITAIM,16,2026-09-01,2026-09-24,True
31965,METROPOLE - ITAIM,16,2026-09-01,2026-09-24,False
31966,METROPOLE - ITAIM,16,2026-09-01,2026-09-24,False
31967,METROPOLE - ITAIM,13,2026-09-01,2026-09-24,False
31968,METROPOLE - ITAIM,7,2026-09-01,2026-09-10,False
31969,METROPOLE - ITAIM,15,2026-09-01,2026-09-24,False
31970,METROPOLE - ITAIM,16,2026-09-01,2026-09-24,False
31971,METROPOLE - ITAIM,16,2026-09-01,2026-09-24,False
31972,METROPOLE - ITAIM,16,2026-09-01,2026-09-24,True
31973,METROPOLE - ITAIM,15,2026-09-01,2026-09-24,True
31974,METROPOLE - ITAIM,16,2026-09-01,2026-09-24,False
31975,METROPOLE - ITAIM,16,2026-09-01,2026-09-24,False
31976,METROPOLE - ITAIM,16,2026-09-01,2026-09-24,False
31977,METROPOLE - ITAIM,16,2026-09-01,2026-09-24,False
31978,METROPOLE - ITAIM,16,2026-09-01,2026-09-24,False
31979,METROPOLE - ITAIM,16,2026-09-01,2026-09-24,False
31980,METROPOLE - ITAIM,16,2026-09-01,2026-09-24,True
31981,METROPOLE - ITAIM,16,2026-09-01,2026-09-24,False
31982,METROPOLE - ITAIM,16,2026-09-01,2026-09-24,False
31983,METROPOLE - ITAIM,16,2026-09-01,2026-09-24,True
31984,METROPOLE - ITAIM,9,2026-09-11,2026-09-24,True
31985,METROPOLE - ITAIM,16,2026-09-01,2026-09-24,False
31986,METROPOLE - ITAIM,16,2026-09-01,2026-09-24,True
31987,METROPOLE - EXPANDIR,12,2026-09-08,2026-09-24,False
31988,METROPOLE - EXPANDIR,16,2026-09-01,2026-09-24,False
31989,METROPOLE - EXPANDIR,16,2026-09-01,2026-09-24,False
31990,METROPOLE - EXPANDIR,16,2026-09-01,2026-09-24,False
31991,METROPOLE - EXPANDIR,16,2026-09-01,2026-09-24,False
31992,METROPOLE - EXPANDIR,16,2026-09-01,2026-09-24,False
31993,METROPOLE - EXPANDIR,16,2026-09-01,2026-09-24,False
31994,METROPOLE - EXPANDIR,16,2026-09-01,2026-09-24,False
31995,METROPOLE - EXPANDIR,16,2026-09-01,2026-09-24,False
31996,METROPOLE - EXPANDIR,16,2026-09-01,2026-09-24,False
31997,METROPOLE - EXPANDIR,16,2026-09-01,2026-09-24,False
31998,METROPOLE - EXPANDIR,16,2026-09-01,2026-09-24,False
31999,METROPOLE - EXPANDIR,16,2026-09-01,2026-09-24,False
32001,METROPOLE - EXPANDIR,16,2026-09-01,2026-09-24,False
32002,METROPOLE - AE CARVALHO,16,2026-09-01,2026-09-24,False
32003,METROPOLE - AE CARVALHO,16,2026-09-01,2026-09-24,False
32004,METROPOLE - AE CARVALHO,16,2026-09-01,2026-09-24,False
32005,METROPOLE - AE CARVALHO,16,2026-09-01,2026-09-24,False
32006,METROPOLE - AE CARVALHO,16,2026-09-01,2026-09-24,False
32007,METROPOLE - AE CARVALHO,16,2026-09-01,2026-09-24,False
32008,METROPOLE - AE CARVALHO,15,2026-09-01,2026-09-23,False
32009,METROPOLE - AE CARVALHO,16,2026-09-01,2026-09-24,False
32010,METROPOLE - AE CARVALHO,16,2026-09-01,2026-09-24,False
32011,METROPOLE - AE CARVALHO,16,2026-09-01,2026-09-24,False
32012,METROPOLE - AE CARVALHO,16,2026-09-01,2026-09-24,False
32013,METROPOLE - EXPANDIR,16,2026-09-01,2026-09-24,False
32014,METROPOLE - AE CARVALHO,16,2026-09-01,2026-09-24,False
32015,METROPOLE - AE CARVALHO,16,2026-09-01,2026-09-24,False
32016,METROPOLE - AE CARVALHO,16,2026-09-01,2026-09-24,False
32017,METROPOLE - EXPANDIR,16,2026-09-01,2026-09-24,False
32018,METROPOLE - AE CARVALHO | METROPOLE - EXPANDIR,16,2026-09-01,2026-09-24,False
32019,METROPOLE - AE CARVALHO | METROPOLE - EXPANDIR,16,2026-09-01,2026-09-24,False
32020,METROPOLE - AE CARVALHO,16,2026-09-01,2026-09-24,False
32021,METROPOLE - AE CARVALHO,16,2026-09-01,2026-09-24,False
32022,METROPOLE - AE CARVALHO | METROPOLE - EXPANDIR,16,2026-09-01,2026-09-24,False
32024,METROPOLE - AE CARVALHO,16,2026-09-01,2026-09-24,False
32025,METROPOLE - AE CARVALHO | METROPOLE - EXPANDIR,16,2026-09-01,2026-09-24,False
32026,METROPOLE - AE CARVALHO | METROPOLE - EXPANDIR,16,2026-09-01,2026-09-24,False
32027,METROPOLE - AE CARVALHO,16,2026-09-01,2026-09-24,False
32028,METROPOLE - EXPANDIR | METROPOLE - ITAIM,16,2026-09-01,2026-09-24,False
32029,METROPOLE - EXPANDIR,16,2026-09-01,2026-09-24,False
32030,METROPOLE - AE CARVALHO,16,2026-09-01,2026-09-24,False
32031,METROPOLE - AE CARVALHO,16,2026-09-01,2026-09-24,False
32032,METROPOLE - AE CARVALHO,16,2026-09-01,2026-09-24,False
32033,METROPOLE - AE CARVALHO,16,2026-09-01,2026-09-24,False
32034,METROPOLE - EXPANDIR,16,2026-09-01,2026-09-24,False
32035,METROPOLE - AE CARVALHO,16,2026-09-01,2026-09-24,False
32036,METROPOLE - AE CARVALHO,16,2026-09-01,2026-09-24,False
32037,METROPOLE - AE CARVALHO,16,2026-09-01,2026-09-24,False
32038,METROPOLE - AE CARVALHO,16,2026-09-01,2026-09-24,True
32039,METROPOLE - AE CARVALHO,15,2026-09-01,2026-09-24,True
32040,METROPOLE - AE CARVALHO,16,2026-09-01,2026-09-24,False
32041,METROPOLE - AE CARVALHO,16,2026-09-01,2026-09-24,False
32042,METROPOLE - AE CARVALHO,16,2026-09-01,2026-09-24,False
32043,METROPOLE - AE CARVALHO,16,2026-09-01,2026-09-24,False
32044,METROPOLE - EXPANDIR,16,2026-09-01,2026-09-24,False
32045,METROPOLE - AE CARVALHO,16,2026-09-01,2026-09-24,False
32046,METROPOLE - AE CARVALHO,16,2026-09-01,2026-09-24,False
32047,METROPOLE - AE CARVALHO,16,2026-09-01,2026-09-24,False
32048,METROPOLE - AE CARVALHO,16,2026-09-01,2026-09-24,False
32049,METROPOLE - AE CARVALHO,16,2026-09-01,2026-09-24,False
32050,METROPOLE - AE CARVALHO,16,2026-09-01,2026-09-24,False
32051,METROPOLE - AE CARVALHO,16,2026-09-01,2026-09-24,False
32052,METROPOLE - AE CARVALHO,16,2026-09-01,2026-09-24,False
32053,METROPOLE - AE CARVALHO,16,2026-09-01,2026-09-24,False
32054,METROPOLE - AE CARVALHO,16,2026-09-01,2026-09-24,False
32055,METROPOLE - AE CARVALHO,14,2026-09-01,2026-09-24,False
32056,METROPOLE - AE CARVALHO,16,2026-09-01,2026-09-24,False
32057,METROPOLE - AE CARVALHO,16,2026-09-01,2026-09-24,False
32058,METROPOLE - AE CARVALHO,16,2026-09-01,2026-09-24,False
32059,METROPOLE - AE CARVALHO,16,2026-09-01,2026-09-24,False
32060,METROPOLE - AE CARVALHO,16,2026-09-01,2026-09-24,False
32061,METROPOLE - AE CARVALHO,16,2026-09-01,2026-09-24,False
32062,METROPOLE - AE CARVALHO,16,2026-09-01,2026-09-24,True
32063,METROPOLE - AE CARVALHO,16,2026-09-01,2026-09-24,False
32064,METROPOLE - AE CARVALHO,16,2026-09-01,2026-09-24,False
32065,METROPOLE - AE CARVALHO,16,2026-09-01,2026-09-24,False
32066,METROPOLE - AE CARVALHO,16,2026-09-01,2026-09-24,False
32067,METROPOLE - AE CARVALHO,16,2026-09-01,2026-09-24,False
32068,METROPOLE - AE CARVALHO,16,2026-09-01,2026-09-24,False
32069,METROPOLE - AE CARVALHO,16,2026-09-01,2026-09-24,False
32070,METROPOLE - AE CARVALHO,16,2026-09-01,2026-09-24,False
32071,METROPOLE - AE CARVALHO,16,2026-09-01,2026-09-24,False
32072,METROPOLE - AE CARVALHO,16,2026-09-01,2026-09-24,False
32073,METROPOLE - AE CARVALHO,16,2026-09-01,2026-09-24,False
32074,METROPOLE - AE CARVALHO,16,2026-09-01,2026-09-24,False
32075,METROPOLE - AE CARVALHO,16,2026-09-01,2026-09-24,False
32076,METROPOLE - AE CARVALHO,16,2026-09-01,2026-09-24,False
32077,METROPOLE - AE CARVALHO,16,2026-09-01,2026-09-24,False
32078,METROPOLE - AE CARVALHO,16,2026-09-01,2026-09-24,False
32079,METROPOLE - AE CARVALHO,16,2026-09-01,2026-09-24,False
32080,METROPOLE - AE CARVALHO,16,2026-09-01,2026-09-24,False
32081,METROPOLE - AE CARVALHO,16,2026-09-01,2026-09-24,False
32082,METROPOLE - AE CARVALHO,16,2026-09-01,2026-09-24,False
32083,METROPOLE - AE CARVALHO,16,2026-09-01,2026-09-24,False
32084,METROPOLE - AE CARVALHO,16,2026-09-01,2026-09-24,False
32085,METROPOLE - AE CARVALHO,16,2026-09-01,2026-09-24,False
32086,METROPOLE - AE CARVALHO,16,2026-09-01,2026-09-24,False
32087,METROPOLE - AE CARVALHO,16,2026-09-01,2026-09-24,False
32088,METROPOLE - AE CARVALHO,16,2026-09-01,2026-09-24,False
32089,METROPOLE - AE CARVALHO,16,2026-09-01,2026-09-24,False
32090,METROPOLE - AE CARVALHO,16,2026-09-01,2026-09-24,False
32091,METROPOLE - ITAIM,16,2026-09-01,2026-09-24,True
32092,METROPOLE - ITAIM,16,2026-09-01,2026-09-24,False
32093,METROPOLE - ITAIM,16,2026-09-01,2026-09-24,False
32094,METROPOLE - ITAIM,14,2026-09-01,2026-09-24,False
32095,METROPOLE - ITAIM,16,2026-09-01,2026-09-24,False
32096,METROPOLE - ITAIM,16,2026-09-01,2026-09-24,False
32097,METROPOLE - ITAIM,16,2026-09-01,2026-09-24,False
32098,METROPOLE - ITAIM,16,2026-09-01,2026-09-24,False
32099,METROPOLE - ITAIM,16,2026-09-01,2026-09-24,False
32100,METROPOLE - ITAIM,16,2026-09-01,2026-09-24,True
32101,METROPOLE - ITAIM,16,2026-09-01,2026-09-24,False
32102,METROPOLE - ITAIM,16,2026-09-01,2026-09-24,False
32103,METROPOLE - ITAIM,16,2026-09-01,2026-09-24,False
32104,METROPOLE - ITAIM,16,2026-09-01,2026-09-24,False
32116,METROPOLE - AE CARVALHO,1,2026-09-24,2026-09-24,False
32117,METROPOLE - AE CARVALHO,1,2026-09-24,2026-09-24,False
32118,METROPOLE - ITAIM,1,2026-09-22,2026-09-22,False
32119,METROPOLE - AE CARVALHO,4,2026-09-08,2026-09-11,False
32125,METROPOLE - ITAIM,16,2026-09-01,2026-09-24,False
32126,METROPOLE - ITAIM,15,2026-09-01,2026-09-24,False
32127,METROPOLE - ITAIM,16,2026-09-01,2026-09-24,False
32128,METROPOLE - ITAIM,16,2026-09-01,2026-09-24,False
32129,METROPOLE - ITAIM,16,2026-09-01,2026-09-24,True
32130,METROPOLE - ITAIM,16,2026-09-01,2026-09-24,False
32131,METROPOLE - ITAIM,16,2026-09-01,2026-09-24,False
32132,METROPOLE - ITAIM,16,2026-09-01,2026-09-24,False
32133,METROPOLE - ITAIM,16,2026-09-01,2026-09-24,False
32134,METROPOLE - ITAIM,16,2026-09-01,2026-09-24,False
32135,METROPOLE - ITAIM,14,2026-09-01,2026-09-24,False
32136,METROPOLE - ITAIM,16,2026-09-01,2026-09-24,False
32137,METROPOLE - ITAIM,16,2026-09-01,2026-09-24,False
32138,METROPOLE - ITAIM,16,2026-09-01,2026-09-24,False
32139,METROPOLE - ITAIM,16,2026-09-01,2026-09-24,False
32140,METROPOLE - ITAIM,16,2026-09-01,2026-09-24,False
32141,METROPOLE - ITAIM,16,2026-09-01,2026-09-24,False
32142,METROPOLE - ITAIM,16,2026-09-01,2026-09-24,False
32143,METROPOLE - ITAIM,16,2026-09-01,2026-09-24,False
32144,METROPOLE - ITAIM,7,2026-09-16,2026-09-24,False
32145,METROPOLE - ITAIM,16,2026-09-01,2026-09-24,False
32146,METROPOLE - ITAIM,16,2026-09-01,2026-09-24,False
32147,METROPOLE - ITAIM,16,2026-09-01,2026-09-24,False
32148,METROPOLE - ITAIM,16,2026-09-01,2026-09-24,False
32149,METROPOLE - ITAIM,16,2026-09-01,2026-09-24,False
32150,METROPOLE - ITAIM,16,2026-09-01,2026-09-24,False
32151,METROPOLE - ITAIM,16,2026-09-01,2026-09-24,False
32152,METROPOLE - ITAIM,16,2026-09-01,2026-09-24,False
32153,METROPOLE - ITAIM,16,2026-09-01,2026-09-24,False
32154,METROPOLE - ITAIM,16,2026-09-01,2026-09-24,False
32155,METROPOLE - ITAIM,16,2026-09-01,2026-09-24,False
32156,METROPOLE - ITAIM,16,2026-09-01,2026-09-24,False
32157,METROPOLE - ITAIM,16,2026-09-01,2026-09-24,False
32158,METROPOLE - ITAIM,16,2026-09-01,2026-09-24,False
32159,METROPOLE - ITAIM,16,2026-09-01,2026-09-24,False
32160,METROPOLE - ITAIM,16,2026-09-01,2026-09-24,False
32161,METROPOLE - ITAIM,16,2026-09-01,2026-09-24,False
32162,METROPOLE - ITAIM,16,2026-09-01,2026-09-24,False
32163,METROPOLE - ITAIM,16,2026-09-01,2026-09-24,False
32164,METROPOLE - ITAIM,16,2026-09-01,2026-09-24,False
32165,METROPOLE - ITAIM,16,2026-09-01,2026-09-24,False
32166,METROPOLE - ITAIM,16,2026-09-01,2026-09-24,False
32167,METROPOLE - ITAIM,16,2026-09-01,2026-09-24,False
32168,METROPOLE - ITAIM,16,2026-09-01,2026-09-24,False
32169,METROPOLE - ITAIM,16,2026-09-01,2026-09-24,False
32170,METROPOLE - ITAIM,16,2026-09-01,2026-09-24,False
32171,METROPOLE - EXPANDIR,16,2026-09-01,2026-09-24,False
32172,METROPOLE - ITAIM,16,2026-09-01,2026-09-24,False
32173,METROPOLE - AE CARVALHO,16,2026-09-01,2026-09-24,False
32174,METROPOLE - EXPANDIR,16,2026-09-01,2026-09-24,False
32175,METROPOLE - ITAIM,16,2026-09-01,2026-09-24,False
32176,METROPOLE - ITAIM,16,2026-09-01,2026-09-24,False
32177,METROPOLE - AE CARVALHO,16,2026-09-01,2026-09-24,False
32178,METROPOLE - ITAIM,16,2026-09-01,2026-09-24,False
32179,METROPOLE - ITAIM,16,2026-09-01,2026-09-24,False
32180,METROPOLE - AE CARVALHO,16,2026-09-01,2026-09-24,False
32181,METROPOLE - AE CARVALHO,16,2026-09-01,2026-09-24,False
32182,METROPOLE - AE CARVALHO,16,2026-09-01,2026-09-24,False
32186,METROPOLE - ITAIM,16,2026-09-01,2026-09-24,False
32187,METROPOLE - ITAIM,16,2026-09-01,2026-09-24,False
32188,METROPOLE - ITAIM,16,2026-09-01,2026-09-24,False
32189,METROPOLE - ITAIM,16,2026-09-01,2026-09-24,False
32190,METROPOLE - ITAIM,16,2026-09-01,2026-09-24,False
32191,METROPOLE - ITAIM,16,2026-09-01,2026-09-24,False
32192,METROPOLE - ITAIM,16,2026-09-01,2026-09-24,False
32193,METROPOLE - ITAIM,16,2026-09-01,2026-09-24,False
32194,METROPOLE - ITAIM,16,2026-09-01,2026-09-24,False
32196,METROPOLE - ITAIM,16,2026-09-01,2026-09-24,False
32197,METROPOLE - ITAIM,16,2026-09-01,2026-09-24,False
32198,METROPOLE - ITAIM,16,2026-09-01,2026-09-24,True
32199,METROPOLE - ITAIM,16,2026-09-01,2026-09-24,False
32200,METROPOLE - ITAIM,16,2026-09-01,2026-09-24,False
32201,METROPOLE - AE CARVALHO,16,2026-09-01,2026-09-24,False
32202,METROPOLE - AE CARVALHO,16,2026-09-01,2026-09-24,False
32203,METROPOLE - AE CARVALHO,16,2026-09-01,2026-09-24,False
32204,METROPOLE - AE CARVALHO,16,2026-09-01,2026-09-24,False
32205,METROPOLE - AE CARVALHO,16,2026-09-01,2026-09-24,False
32206,METROPOLE - AE CARVALHO,16,2026-09-01,2026-09-24,False
32207,METROPOLE - AE CARVALHO,16,2026-09-01,2026-09-24,False
32208,METROPOLE - AE CARVALHO,16,2026-09-01,2026-09-24,False
32209,METROPOLE - AE CARVALHO,16,2026-09-01,2026-09-24,False
32210,METROPOLE - AE CARVALHO,16,2026-09-01,2026-09-24,False
32211,METROPOLE - AE CARVALHO,16,2026-09-01,2026-09-24,False
32212,METROPOLE - AE CARVALHO,16,2026-09-01,2026-09-24,False
32213,METROPOLE - ITAIM,12,2026-09-01,2026-09-24,False
32214,METROPOLE - ITAIM,16,2026-09-01,2026-09-24,False
32222,METROPOLE - AE CARVALHO,16,2026-09-01,2026-09-24,False
32223,METROPOLE - AE CARVALHO,16,2026-09-01,2026-09-24,False
32226,METROPOLE - AE CARVALHO,16,2026-09-01,2026-09-24,False
32231,METROPOLE - AE CARVALHO,16,2026-09-01,2026-09-24,False
32232,METROPOLE - AE CARVALHO,16,2026-09-01,2026-09-24,False
32233,METROPOLE - AE CARVALHO,16,2026-09-01,2026-09-24,False
32234,METROPOLE - AE CARVALHO,16,2026-09-01,2026-09-24,False
32235,METROPOLE - AE CARVALHO,16,2026-09-01,2026-09-24,False
32236,METROPOLE - AE CARVALHO,16,2026-09-01,2026-09-24,False
32237,METROPOLE - AE CARVALHO,16,2026-09-01,2026-09-24,False
32238,METROPOLE - AE CARVALHO,16,2026-09-01,2026-09-24,False
32239,METROPOLE - AE CARVALHO,16,2026-09-01,2026-09-24,False
32240,METROPOLE - AE CARVALHO,16,2026-09-01,2026-09-24,False
32241,METROPOLE - AE CARVALHO,16,2026-09-01,2026-09-24,False
32242,METROPOLE - AE CARVALHO,16,2026-09-01,2026-09-24,False
32243,METROPOLE - AE CARVALHO,16,2026-09-01,2026-09-24,False
32244,METROPOLE - AE CARVALHO,16,2026-09-01,2026-09-24,False
32245,METROPOLE - AE CARVALHO,16,2026-09-01,2026-09-24,False
32246,METROPOLE - EXPANDIR,16,2026-09-01,2026-09-24,False
32247,METROPOLE - EXPANDIR,16,2026-09-01,2026-09-24,False
32248,METROPOLE - EXPANDIR,16,2026-09-01,2026-09-24,False
32249,METROPOLE - EXPANDIR,16,2026-09-01,2026-09-24,False
32250,METROPOLE - ITAIM,16,2026-09-01,2026-09-24,False
32251,METROPOLE - ITAIM,16,2026-09-01,2026-09-24,False
32252,METROPOLE - ITAIM,16,2026-09-01,2026-09-24,False
32253,METROPOLE - EXPANDIR,16,2026-09-01,2026-09-24,False
32259,METROPOLE - AE CARVALHO,16,2026-09-01,2026-09-24,False
32260,METROPOLE - AE CARVALHO,16,2026-09-01,2026-09-24,False
32261,METROPOLE - AE CARVALHO,16,2026-09-01,2026-09-24,False
32262,METROPOLE - AE CARVALHO,16,2026-09-01,2026-09-24,False
32263,METROPOLE - AE CARVALHO,16,2026-09-01,2026-09-24,False
32264,METROPOLE - AE CARVALHO,16,2026-09-01,2026-09-24,False
32265,METROPOLE - AE CARVALHO,16,2026-09-01,2026-09-24,False
32266,METROPOLE - AE CARVALHO,16,2026-09-01,2026-09-24,False
32267,METROPOLE - AE CARVALHO,16,2026-09-01,2026-09-24,False
32268,METROPOLE - AE CARVALHO,16,2026-09-01,2026-09-24,False
32269,METROPOLE - AE CARVALHO,16,2026-09-01,2026-09-24,False
32270,METROPOLE - AE CARVALHO,13,2026-09-01,2026-09-24,False
32271,METROPOLE - AE CARVALHO,16,2026-09-01,2026-09-24,False
32272,METROPOLE - AE CARVALHO,16,2026-09-01,2026-09-24,True
32291,METROPOLE - ITAIM,16,2026-09-01,2026-09-24,False
32293,METROPOLE - ITAIM,16,2026-09-01,2026-09-24,False
32295,METROPOLE - ITAIM,16,2026-09-01,2026-09-24,False
32297,METROPOLE - ITAIM,16,2026-09-01,2026-09-24,False
32299,METROPOLE - ITAIM,16,2026-09-01,2026-09-24,False
32395,METROPOLE - AE CARVALHO,16,2026-09-01,2026-09-24,False
32401,METROPOLE - AE CARVALHO,16,2026-09-01,2026-09-24,False
32402,METROPOLE - AE CARVALHO,16,2026-09-01,2026-09-24,False
32403,METROPOLE - AE CARVALHO,16,2026-09-01,2026-09-24,False
32404,METROPOLE - AE CARVALHO,16,2026-09-01,2026-09-24,False
32405,METROPOLE - AE CARVALHO,16,2026-09-01,2026-09-24,False
32406,METROPOLE - AE CARVALHO,16,2026-09-01,2026-09-24,False
32407,METROPOLE - AE CARVALHO,16,2026-09-01,2026-09-24,False
32408,METROPOLE - AE CARVALHO,16,2026-09-01,2026-09-24,False
32409,METROPOLE - AE CARVALHO,16,2026-09-01,2026-09-24,False
32410,METROPOLE - AE CARVALHO,16,2026-09-01,2026-09-24,False
32412,METROPOLE - ITAIM,16,2026-09-01,2026-09-24,False
32413,METROPOLE - ITAIM,16,2026-09-01,2026-09-24,False
32414,METROPOLE - AE CARVALHO,16,2026-09-01,2026-09-24,False
32415,METROPOLE - ITAIM,16,2026-09-01,2026-09-24,False
32416,METROPOLE - AE CARVALHO,16,2026-09-01,2026-09-24,False
32417,METROPOLE - AE CARVALHO,16,2026-09-01,2026-09-24,False
32418,METROPOLE - AE CARVALHO,16,2026-09-01,2026-09-24,False
32419,METROPOLE - AE CARVALHO,16,2026-09-01,2026-09-24,False
32420,METROPOLE - AE CARVALHO,16,2026-09-01,2026-09-24,False
32422,METROPOLE - AE CARVALHO,16,2026-09-01,2026-09-24,False
32423,METROPOLE - AE CARVALHO,16,2026-09-01,2026-09-24,False
32424,METROPOLE - AE CARVALHO,16,2026-09-01,2026-09-24,False
32425,METROPOLE - ITAIM,14,2026-09-01,2026-09-22,False
32426,METROPOLE - AE CARVALHO,16,2026-09-01,2026-09-24,False
32427,METROPOLE - AE CARVALHO,16,2026-09-01,2026-09-24,False
32428,METROPOLE - AE CARVALHO,16,2026-09-01,2026-09-24,False
32429,METROPOLE - AE CARVALHO,16,2026-09-01,2026-09-24,False
32430,METROPOLE - AE CARVALHO,16,2026-09-01,2026-09-24,False
32431,METROPOLE - ITAIM,16,2026-09-01,2026-09-24,False
32432,METROPOLE - AE CARVALHO,16,2026-09-01,2026-09-24,False
32433,METROPOLE - AE CARVALHO,16,2026-09-01,2026-09-24,False
32434,METROPOLE - AE CARVALHO,16,2026-09-01,2026-09-24,False
32435,METROPOLE - AE CARVALHO,16,2026-09-01,2026-09-24,False
32437,METROPOLE - EXPANDIR,16,2026-09-01,2026-09-24,False
32438,METROPOLE - EXPANDIR,16,2026-09-01,2026-09-24,False
32440,METROPOLE - AE CARVALHO | METROPOLE - EXPANDIR,16,2026-09-01,2026-09-24,False
32441,METROPOLE - AE CARVALHO | METROPOLE - EXPANDIR,16,2026-09-01,2026-09-24,False
32442,METROPOLE - AE CARVALHO | METROPOLE - EXPANDIR,16,2026-09-01,2026-09-24,False
32473,METROPOLE - ITAIM,2,2026-09-03,2026-09-10,False
32501,METROPOLE - ITAIM,16,2026-09-01,2026-09-24,False
32502,METROPOLE - ITAIM,16,2026-09-01,2026-09-24,False
32503,METROPOLE - ITAIM,16,2026-09-01,2026-09-24,False
32504,METROPOLE - ITAIM,16,2026-09-01,2026-09-24,False
32505,METROPOLE - ITAIM,16,2026-09-01,2026-09-24,False
32506,METROPOLE - ITAIM,16,2026-09-01,2026-09-24,False
32507,METROPOLE - ITAIM,16,2026-09-01,2026-09-24,False
32508,METROPOLE - ITAIM,15,2026-09-01,2026-09-24,False
32509,METROPOLE - ITAIM,16,2026-09-01,2026-09-24,False
32510,METROPOLE - ITAIM,16,2026-09-01,2026-09-24,False
32511,METROPOLE - ITAIM,16,2026-09-01,2026-09-24,False
32512,METROPOLE - ITAIM,16,2026-09-01,2026-09-24,False
32513,METROPOLE - ITAIM,16,2026-09-01,2026-09-24,False
32514,METROPOLE - ITAIM,16,2026-09-01,2026-09-24,False
32515,METROPOLE - ITAIM,16,2026-09-01,2026-09-24,False
32516,METROPOLE - ITAIM,16,2026-09-01,2026-09-24,False
32517,METROPOLE - ITAIM,16,2026-09-01,2026-09-24,False
32518,METROPOLE - ITAIM,16,2026-09-01,2026-09-24,False
32519,METROPOLE - ITAIM,16,2026-09-01,2026-09-24,False
32520,METROPOLE - ITAIM,16,2026-09-01,2026-09-24,False
32521,METROPOLE - ITAIM,15,2026-09-01,2026-09-24,True
32522,METROPOLE - ITAIM,16,2026-09-01,2026-09-24,False
32523,METROPOLE - ITAIM,16,2026-09-01,2026-09-24,False
32524,METROPOLE - ITAIM,16,2026-09-01,2026-09-24,False
32601,METROPOLE - AE CARVALHO,16,2026-09-01,2026-09-24,False
32602,METROPOLE - EXPANDIR | METROPOLE - ITAIM,16,2026-09-01,2026-09-24,False
32603,METROPOLE - EXPANDIR | METROPOLE - ITAIM,16,2026-09-01,2026-09-24,False
32604,METROPOLE - EXPANDIR,16,2026-09-01,2026-09-24,False
32605,METROPOLE - AE CARVALHO,16,2026-09-01,2026-09-24,False
32606,METROPOLE - AE CARVALHO,16,2026-09-01,2026-09-24,False
32607,METROPOLE - AE CARVALHO,16,2026-09-01,2026-09-24,False
32608,METROPOLE - AE CARVALHO,16,2026-09-01,2026-09-24,False
32609,METROPOLE - AE CARVALHO,16,2026-09-01,2026-09-24,False
32610,METROPOLE - AE CARVALHO,16,2026-09-01,2026-09-24,False
32611,METROPOLE - AE CARVALHO,16,2026-09-01,2026-09-24,False
32612,METROPOLE - AE CARVALHO,16,2026-09-01,2026-09-24,False
32613,METROPOLE - AE CARVALHO,16,2026-09-01,2026-09-24,False
32614,METROPOLE - AE CARVALHO,16,2026-09-01,2026-09-24,False
32615,METROPOLE - AE CARVALHO,16,2026-09-01,2026-09-24,False
32616,METROPOLE - AE CARVALHO,16,2026-09-01,2026-09-24,True
32617,METROPOLE - AE CARVALHO,16,2026-09-01,2026-09-24,False
32618,METROPOLE - AE CARVALHO,16,2026-09-01,2026-09-24,False
32619,METROPOLE - AE CARVALHO,16,2026-09-01,2026-09-24,False
32620,METROPOLE - AE CARVALHO,16,2026-09-01,2026-09-24,False
32621,METROPOLE - AE CARVALHO,16,2026-09-01,2026-09-24,False
32622,METROPOLE - AE CARVALHO,16,2026-09-01,2026-09-24,False
32623,METROPOLE - AE CARVALHO,16,2026-09-01,2026-09-24,False
32624,METROPOLE - AE CARVALHO,16,2026-09-01,2026-09-24,False
32625,METROPOLE - AE CARVALHO,16,2026-09-01,2026-09-24,False
32626,METROPOLE - AE CARVALHO,11,2026-09-09,2026-09-24,False
32627,METROPOLE - AE CARVALHO,16,2026-09-01,2026-09-24,False
32628,METROPOLE - AE CARVALHO,16,2026-09-01,2026-09-24,False
32629,METROPOLE - AE CARVALHO,16,2026-09-01,2026-09-24,False
32630,METROPOLE - AE CARVALHO,16,2026-09-01,2026-09-24,False
32631,METROPOLE - AE CARVALHO,16,2026-09-01,2026-09-24,False
32632,METROPOLE - AE CARVALHO,16,2026-09-01,2026-09-24,False
32633,METROPOLE - AE CARVALHO,16,2026-09-01,2026-09-24,False
32634,METROPOLE - AE CARVALHO,16,2026-09-01,2026-09-24,False
32635,METROPOLE - AE CARVALHO,16,2026-09-01,2026-09-24,False
32636,METROPOLE - AE CARVALHO,16,2026-09-01,2026-09-24,False
32637,METROPOLE - AE CARVALHO,16,2026-09-01,2026-09-24,False
32638,METROPOLE - AE CARVALHO,16,2026-09-01,2026-09-24,False
32639,METROPOLE - AE CARVALHO,16,2026-09-01,2026-09-24,False
32640,METROPOLE - AE CARVALHO,16,2026-09-01,2026-09-24,False
32641,METROPOLE - AE CARVALHO,16,2026-09-01,2026-09-24,True
32642,METROPOLE - AE CARVALHO,16,2026-09-01,2026-09-24,False
32643,METROPOLE - AE CARVALHO,16,2026-09-01,2026-09-24,False
32644,METROPOLE - AE CARVALHO,16,2026-09-01,2026-09-24,False
32645,METROPOLE - AE CARVALHO,16,2026-09-01,2026-09-24,False
32646,METROPOLE - AE CARVALHO,16,2026-09-01,2026-09-24,False
32647,METROPOLE - AE CARVALHO,16,2026-09-01,2026-09-24,False
32648,METROPOLE - AE CARVALHO,16,2026-09-01,2026-09-24,False
32649,METROPOLE - AE CARVALHO,16,2026-09-01,2026-09-24,False
32650,METROPOLE - EXPANDIR,16,2026-09-01,2026-09-24,False
32651,METROPOLE - EXPANDIR,16,2026-09-01,2026-09-24,False
32652,METROPOLE - EXPANDIR,16,2026-09-01,2026-09-24,False
32653,METROPOLE - EXPANDIR,16,2026-09-01,2026-09-24,False
32654,METROPOLE - AE CARVALHO | METROPOLE - EXPANDIR,16,2026-09-01,2026-09-24,False
32655,METROPOLE - AE CARVALHO | METROPOLE - EXPANDIR,16,2026-09-01,2026-09-24,False
32656,METROPOLE - AE CARVALHO | METROPOLE - EXPANDIR,16,2026-09-01,2026-09-24,False
32657,METROPOLE - ITAIM,16,2026-09-01,2026-09-24,False
32658,METROPOLE - ITAIM,15,2026-09-01,2026-09-24,False
32659,METROPOLE - ITAIM,16,2026-09-01,2026-09-24,False
32660,METROPOLE - EXPANDIR,16,2026-09-01,2026-09-24,False
32661,METROPOLE - EXPANDIR,12,2026-09-01,2026-09-18,False
32662,METROPOLE - EXPANDIR,16,2026-09-01,2026-09-24,False
32663,METROPOLE - EXPANDIR,16,2026-09-01,2026-09-24,False
32664,METROPOLE - EXPANDIR,16,2026-09-01,2026-09-24,False
32665,METROPOLE - EXPANDIR,16,2026-09-01,2026-09-24,False
32666,METROPOLE - EXPANDIR,16,2026-09-01,2026-09-24,False
32667,METROPOLE - EXPANDIR,16,2026-09-01,2026-09-24,False
32668,METROPOLE - EXPANDIR,16,2026-09-01,2026-09-24,False
32669,METROPOLE - EXPANDIR,16,2026-09-01,2026-09-24,False
32670,METROPOLE - EXPANDIR,16,2026-09-01,2026-09-24,False
32671,METROPOLE - EXPANDIR,16,2026-09-01,2026-09-24,False
32672,METROPOLE - EXPANDIR,16,2026-09-01,2026-09-24,False
32673,METROPOLE - EXPANDIR,16,2026-09-01,2026-09-24,False
32674,METROPOLE - ITAIM,16,2026-09-01,2026-09-24,False
32675,METROPOLE - ITAIM,16,2026-09-01,2026-09-24,False
32676,METROPOLE - ITAIM,15,2026-09-01,2026-09-24,False
32677,METROPOLE - ITAIM,16,2026-09-01,2026-09-24,False
32678,METROPOLE - ITAIM,16,2026-09-01,2026-09-24,False
32679,METROPOLE - ITAIM,16,2026-09-01,2026-09-24,False
32680,METROPOLE - ITAIM,16,2026-09-01,2026-09-24,False
32681,METROPOLE - ITAIM,16,2026-09-01,2026-09-24,False
32682,METROPOLE - ITAIM,15,2026-09-01,2026-09-24,False
32683,METROPOLE - ITAIM,10,2026-09-02,2026-09-24,False
32684,METROPOLE - ITAIM,13,2026-09-01,2026-09-24,False
32685,METROPOLE - ITAIM,13,2026-09-01,2026-09-22,False
32686,METROPOLE - ITAIM,16,2026-09-01,2026-09-24,False
32687,METROPOLE - ITAIM,16,2026-09-01,2026-09-24,False
32688,METROPOLE - ITAIM,16,2026-09-01,2026-09-24,False
32689,METROPOLE - ITAIM,16,2026-09-01,2026-09-24,False
32690,METROPOLE - ITAIM,13,2026-09-01,2026-09-24,False
32691,METROPOLE - ITAIM,16,2026-09-01,2026-09-24,False
32692,METROPOLE - ITAIM,5,2026-09-01,2026-09-24,False
32693,METROPOLE - ITAIM,5,2026-09-02,2026-09-22,False
32694,METROPOLE - EXPANDIR,16,2026-09-01,2026-09-24,False
32695,METROPOLE - EXPANDIR,16,2026-09-01,2026-09-24,False
32696,METROPOLE - EXPANDIR,16,2026-09-01,2026-09-24,False
32697,METROPOLE - EXPANDIR,16,2026-09-01,2026-09-24,False
32698,METROPOLE - EXPANDIR,16,2026-09-01,2026-09-24,False
32699,METROPOLE - EXPANDIR,16,2026-09-01,2026-09-24,False
32700,METROPOLE - EXPANDIR,16,2026-09-01,2026-09-24,False
32701,METROPOLE - EXPANDIR,16,2026-09-01,2026-09-24,False
32702,METROPOLE - EXPANDIR,16,2026-09-01,2026-09-24,False
32703,METROPOLE - EXPANDIR,16,2026-09-01,2026-09-24,False
32704,METROPOLE - EXPANDIR,15,2026-09-02,2026-09-24,False
32705,METROPOLE - EXPANDIR,16,2026-09-01,2026-09-24,False
32706,METROPOLE - EXPANDIR,16,2026-09-01,2026-09-24,False
32707,METROPOLE - EXPANDIR,16,2026-09-01,2026-09-24,False
32708,METROPOLE - EXPANDIR,16,2026-09-01,2026-09-24,False
32709,METROPOLE - EXPANDIR,16,2026-09-01,2026-09-24,False
32710,METROPOLE - EXPANDIR,16,2026-09-01,2026-09-24,False
32711,METROPOLE - EXPANDIR,13,2026-09-01,2026-09-24,False
32712,METROPOLE - EXPANDIR,16,2026-09-01,2026-09-24,False
32713,METROPOLE - EXPANDIR,16,2026-09-01,2026-09-24,False
32741,METROPOLE - ITAIM,16,2026-09-01,2026-09-24,False
32742,METROPOLE - ITAIM,16,2026-09-01,2026-09-24,False
32743,METROPOLE - ITAIM,16,2026-09-01,2026-09-24,False
32744,METROPOLE - AE CARVALHO,16,2026-09-01,2026-09-24,False
32745,METROPOLE - ITAIM,16,2026-09-01,2026-09-24,False
32746,METROPOLE - ITAIM,16,2026-09-01,2026-09-24,False
32791,METROPOLE - ITAIM,16,2026-09-01,2026-09-24,False
32841,METROPOLE - ITAIM,16,2026-09-01,2026-09-24,False
32880,METROPOLE - AE CARVALHO,1,2026-09-11,2026-09-11,False
32884,METROPOLE - AE CARVALHO,5,2026-09-02,2026-09-17,False
32885,METROPOLE - ITAIM,16,2026-09-01,2026-09-24,False
32886,METROPOLE - ITAIM,16,2026-09-01,2026-09-24,False
32887,METROPOLE - ITAIM,15,2026-09-01,2026-09-24,False
32888,METROPOLE - ITAIM,16,2026-09-01,2026-09-24,False
32889,METROPOLE - AE CARVALHO,16,2026-09-01,2026-09-24,False
32890,METROPOLE - AE CARVALHO,16,2026-09-01,2026-09-24,False
32891,METROPOLE - ITAIM,16,2026-09-01,2026-09-24,False
32892,METROPOLE - AE CARVALHO,16,2026-09-01,2026-09-24,False
32893,METROPOLE - AE CARVALHO,16,2026-09-01,2026-09-24,False
32894,METROPOLE - AE CARVALHO,16,2026-09-01,2026-09-24,False
32900,METROPOLE - ITAIM,16,2026-09-01,2026-09-24,False
32901,METROPOLE - ITAIM,16,2026-09-01,2026-09-24,False
32902,METROPOLE - ITAIM,12,2026-09-01,2026-09-24,False
32903,METROPOLE - ITAIM,16,2026-09-01,2026-09-24,False
32904,METROPOLE - ITAIM,16,2026-09-01,2026-09-24,False
32905,METROPOLE - ITAIM,16,2026-09-01,2026-09-24,False
32906,METROPOLE - ITAIM,16,2026-09-01,2026-09-24,False
32907,METROPOLE - ITAIM,16,2026-09-01,2026-09-24,False
32908,METROPOLE - ITAIM,16,2026-09-01,2026-09-24,False
32911,METROPOLE - ITAIM,16,2026-09-01,2026-09-24,False
32934,METROPOLE - ITAIM,16,2026-09-01,2026-09-24,False
32935,METROPOLE - ITAIM,16,2026-09-01,2026-09-24,False
32936,METROPOLE - ITAIM,16,2026-09-01,2026-09-24,False
32937,METROPOLE - ITAIM,3,2026-09-01,2026-09-03,False
32938,METROPOLE - ITAIM,16,2026-09-01,2026-09-24,False
32939,METROPOLE - ITAIM,16,2026-09-01,2026-09-24,False
32940,METROPOLE - ITAIM,16,2026-09-01,2026-09-24,False
32941,METROPOLE - ITAIM,16,2026-09-01,2026-09-24,False
32942,METROPOLE - ITAIM,16,2026-09-01,2026-09-24,False
32943,METROPOLE - ITAIM,16,2026-09-01,2026-09-24,False
32944,METROPOLE - ITAIM,16,2026-09-01,2026-09-24,False
32945,METROPOLE - ITAIM,16,2026-09-01,2026-09-24,False
32946,METROPOLE - ITAIM,16,2026-09-01,2026-09-24,False
32947,METROPOLE - ITAIM,16,2026-09-01,2026-09-24,False
32948,METROPOLE - ITAIM,16,2026-09-01,2026-09-24,False
32949,METROPOLE - ITAIM,16,2026-09-01,2026-09-24,False
32950,METROPOLE - AE CARVALHO,16,2026-09-01,2026-09-24,False
32952,METROPOLE - ITAIM,16,2026-09-01,2026-09-24,False
32953,METROPOLE - AE CARVALHO,16,2026-09-01,2026-09-24,False
32959,METROPOLE - AE CARVALHO,16,2026-09-01,2026-09-24,False
32960,METROPOLE - AE CARVALHO,16,2026-09-01,2026-09-24,True
32967,METROPOLE - AE CARVALHO,16,2026-09-01,2026-09-24,False
32969,METROPOLE - ITAIM,16,2026-09-01,2026-09-24,False
32974,METROPOLE - AE CARVALHO,16,2026-09-01,2026-09-24,False
32979,METROPOLE - AE CARVALHO,16,2026-09-01,2026-09-24,False
32985,METROPOLE - EXPANDIR | METROPOLE - ITAIM,12,2026-09-08,2026-09-24,False
32987,METROPOLE - ITAIM,16,2026-09-01,2026-09-24,False
35001,ALFA RODOBUS SPE,4,2026-09-01,2026-09-04,False
35104,ALFA RODOBUS SPE,16,2026-09-01,2026-09-24,False
35201,ALFA RODOBUS SPE,16,2026-09-01,2026-09-24,False
35202,ALFA RODOBUS SPE,16,2026-09-01,2026-09-24,False
35203,ALFA RODOBUS SPE,16,2026-09-01,2026-09-24,False
35204,ALFA RODOBUS SPE,16,2026-09-01,2026-09-24,False
35205,ALFA RODOBUS SPE,16,2026-09-01,2026-09-24,False
35206,ALFA RODOBUS SPE,16,2026-09-01,2026-09-24,False
35207,ALFA RODOBUS SPE,16,2026-09-01,2026-09-24,False
35208,ALFA RODOBUS SPE,16,2026-09-01,2026-09-24,False
35209,ALFA RODOBUS SPE,16,2026-09-01,2026-09-24,False
35210,ALFA RODOBUS SPE,16,2026-09-01,2026-09-24,False
35213,ALFA RODOBUS SPE,16,2026-09-01,2026-09-24,False
35214,ALFA RODOBUS SPE,16,2026-09-01,2026-09-24,False
35215,ALFA RODOBUS SPE,16,2026-09-01,2026-09-24,False
35216,ALFA RODOBUS SPE,16,2026-09-01,2026-09-24,False
35219,ALFA RODOBUS SPE,16,2026-09-01,2026-09-24,False
35220,ALFA RODOBUS SPE,16,2026-09-01,2026-09-24,False
35221,ALFA RODOBUS SPE,14,2026-09-03,2026-09-24,False
35222,ALFA RODOBUS SPE,14,2026-09-03,2026-09-24,False
35223,ALFA RODOBUS SPE,14,2026-09-03,2026-09-24,False
35224,ALFA RODOBUS SPE,4,2026-09-03,2026-09-18,False
35225,ALFA RODOBUS SPE,14,2026-09-03,2026-09-24,False
35226,ALFA RODOBUS SPE,13,2026-09-04,2026-09-24,False
35227,ALFA RODOBUS SPE,14,2026-09-03,2026-09-24,False
35228,ALFA RODOBUS SPE,14,2026-09-03,2026-09-24,False
35229,ALFA RODOBUS | ALFA RODOBUS SPE,14,2026-09-03,2026-09-24,False
35230,ALFA RODOBUS SPE,14,2026-09-03,2026-09-24,False
35231,ALFA RODOBUS SPE,13,2026-09-04,2026-09-24,False
35232,ALFA RODOBUS SPE,13,2026-09-04,2026-09-24,False
35234,ALFA RODOBUS SPE,12,2026-09-04,2026-09-24,False
35235,ALFA RODOBUS SPE,13,2026-09-04,2026-09-24,False
35236,ALFA RODOBUS SPE,12,2026-09-04,2026-09-24,False
35237,ALFA RODOBUS SPE,12,2026-09-04,2026-09-24,False
35503,ALFA RODOBUS SPE,16,2026-09-01,2026-09-24,False
35504,ALFA RODOBUS SPE,6,2026-09-01,2026-09-17,False
35505,ALFA RODOBUS SPE,16,2026-09-01,2026-09-24,False
35507,ALFA RODOBUS SPE,16,2026-09-01,2026-09-24,False
35508,ALFA RODOBUS SPE,2,2026-09-23,2026-09-24,False
35509,ALFA RODOBUS SPE,12,2026-09-01,2026-09-24,False
35512,ALFA RODOBUS SPE,16,2026-09-01,2026-09-24,False
35513,ALFA RODOBUS SPE,16,2026-09-01,2026-09-24,False
35514,ALFA RODOBUS SPE,14,2026-09-01,2026-09-24,False
35515,ALFA RODOBUS SPE,16,2026-09-01,2026-09-24,False
35516,ALFA RODOBUS SPE,16,2026-09-01,2026-09-24,False
35518,ALFA RODOBUS SPE,16,2026-09-01,2026-09-24,False
35519,ALFA RODOBUS SPE,10,2026-09-01,2026-09-24,False
35521,ALFA RODOBUS SPE,16,2026-09-01,2026-09-24,False
35522,ALFA RODOBUS SPE,16,2026-09-01,2026-09-24,False
35523,ALFA RODOBUS SPE,16,2026-09-01,2026-09-24,False
35524,ALFA RODOBUS SPE,16,2026-09-01,2026-09-24,False
35525,ALFA RODOBUS SPE,16,2026-09-01,2026-09-24,False
35526,ALFA RODOBUS SPE,16,2026-09-01,2026-09-24,False
35527,ALFA RODOBUS SPE,16,2026-09-01,2026-09-24,False
35528,ALFA RODOBUS SPE,13,2026-09-01,2026-09-21,False
35529,ALFA RODOBUS SPE,15,2026-09-02,2026-09-24,False
35701,ALFA RODOBUS SPE,16,2026-09-01,2026-09-24,False
35702,ALFA RODOBUS SPE,1,2026-09-03,2026-09-03,False
35703,ALFA RODOBUS SPE,16,2026-09-01,2026-09-24,False
35706,ALFA RODOBUS SPE,16,2026-09-01,2026-09-24,False
35707,ALFA RODOBUS SPE,16,2026-09-01,2026-09-24,False
35708,ALFA RODOBUS SPE,16,2026-09-01,2026-09-24,False
35709,ALFA RODOBUS SPE,16,2026-09-01,2026-09-24,False
35710,ALFA RODOBUS SPE,16,2026-09-01,2026-09-24,False
35714,ALFA RODOBUS SPE,16,2026-09-01,2026-09-24,False
35716,ALFA RODOBUS SPE,16,2026-09-01,2026-09-24,False
35717,ALFA RODOBUS SPE,16,2026-09-01,2026-09-24,False
35718,ALFA RODOBUS SPE,16,2026-09-01,2026-09-24,False
35721,ALFA RODOBUS SPE,16,2026-09-01,2026-09-24,False
35722,ALFA RODOBUS SPE,16,2026-09-01,2026-09-24,False
35725,ALFA RODOBUS SPE,3,2026-09-01,2026-09-24,False
35727,ALFA RODOBUS SPE,16,2026-09-01,2026-09-24,False
35728,ALFA RODOBUS SPE,7,2026-09-01,2026-09-10,False
35729,ALFA RODOBUS SPE,16,2026-09-01,2026-09-24,False
35730,ALFA RODOBUS SPE,7,2026-09-01,2026-09-10,False
35731,ALFA RODOBUS SPE,16,2026-09-01,2026-09-24,False
35732,ALFA RODOBUS SPE,16,2026-09-01,2026-09-24,False
35734,ALFA RODOBUS SPE,7,2026-09-02,2026-09-11,False
35735,ALFA RODOBUS SPE,16,2026-09-01,2026-09-24,False
35736,ALFA RODOBUS SPE,16,2026-09-01,2026-09-24,False
35737,ALFA RODOBUS SPE,16,2026-09-01,2026-09-24,False
35739,ALFA RODOBUS SPE,16,2026-09-01,2026-09-24,False
35744,ALFA RODOBUS SPE,16,2026-09-01,2026-09-24,False
35748,ALFA RODOBUS SPE,16,2026-09-01,2026-09-24,False
35752,ALFA RODOBUS SPE,15,2026-09-01,2026-09-24,False
35753,ALFA RODOBUS SPE,16,2026-09-01,2026-09-24,False
35754,ALFA RODOBUS SPE,16,2026-09-01,2026-09-24,False
35755,ALFA RODOBUS SPE,15,2026-09-01,2026-09-24,False
35756,ALFA RODOBUS SPE,1,2026-09-09,2026-09-09,False
35757,ALFA RODOBUS SPE,16,2026-09-01,2026-09-24,False
35758,ALFA RODOBUS SPE,16,2026-09-01,2026-09-24,False
35759,ALFA RODOBUS SPE,16,2026-09-01,2026-09-24,False
35764,ALFA RODOBUS SPE,16,2026-09-01,2026-09-24,False
35765,ALFA RODOBUS SPE,10,2026-09-01,2026-09-24,False
35769,ALFA RODOBUS SPE,16,2026-09-01,2026-09-24,False
35772,ALFA RODOBUS SPE,15,2026-09-01,2026-09-24,False
35774,ALFA RODOBUS SPE,16,2026-09-01,2026-09-24,False
35775,ALFA RODOBUS SPE,7,2026-09-01,2026-09-10,False
35778,ALFA RODOBUS SPE,16,2026-09-01,2026-09-24,False
35779,ALFA RODOBUS SPE,16,2026-09-01,2026-09-24,False
35780,ALFA RODOBUS SPE,16,2026-09-01,2026-09-24,False
35781,ALFA RODOBUS SPE,16,2026-09-01,2026-09-24,False
35782,ALFA RODOBUS SPE,16,2026-09-01,2026-09-24,False
35783,ALFA RODOBUS SPE,16,2026-09-01,2026-09-24,False
35784,ALFA RODOBUS SPE,16,2026-09-01,2026-09-24,False
35786,ALFA RODOBUS SPE,16,2026-09-01,2026-09-24,False
35789,ALFA RODOBUS SPE,1,2026-09-03,2026-09-03,False
35790,ALFA RODOBUS SPE,1,2026-09-24,2026-09-24,False
35791,ALFA RODOBUS SPE,16,2026-09-01,2026-09-24,False
35792,ALFA RODOBUS SPE,12,2026-09-08,2026-09-24,False
35793,ALFA RODOBUS SPE,16,2026-09-01,2026-09-24,False
35795,ALFA RODOBUS SPE,16,2026-09-01,2026-09-24,False
35796,ALFA RODOBUS SPE,16,2026-09-01,2026-09-24,False
35797,ALFA RODOBUS SPE,15,2026-09-01,2026-09-24,False
35798,ALFA RODOBUS SPE,3,2026-09-15,2026-09-17,False
35799,ALFA RODOBUS SPE,16,2026-09-01,2026-09-24,False
35802,ALFA RODOBUS SPE,16,2026-09-01,2026-09-24,False
35803,ALFA RODOBUS SPE,16,2026-09-01,2026-09-24,False
35807,ALFA RODOBUS SPE,6,2026-09-01,2026-09-24,False
35808,ALFA RODOBUS SPE,10,2026-09-08,2026-09-24,False
35811,ALFA RODOBUS SPE,10,2026-09-01,2026-09-24,False
35814,ALFA RODOBUS SPE,16,2026-09-01,2026-09-24,False
35816,ALFA RODOBUS SPE,16,2026-09-01,2026-09-24,False
35817,ALFA RODOBUS SPE,16,2026-09-01,2026-09-24,False
35819,ALFA RODOBUS SPE,16,2026-09-01,2026-09-24,False
35820,ALFA RODOBUS SPE,16,2026-09-01,2026-09-24,False
35824,ALFA RODOBUS SPE,16,2026-09-01,2026-09-24,False
35826,ALFA RODOBUS SPE,16,2026-09-01,2026-09-24,False
35827,ALFA RODOBUS SPE,16,2026-09-01,2026-09-24,False
35829,ALFA RODOBUS SPE,6,2026-09-17,2026-09-24,False
35831,ALFA RODOBUS SPE,12,2026-09-01,2026-09-24,False
35833,ALFA RODOBUS SPE,16,2026-09-01,2026-09-24,False
35834,ALFA RODOBUS SPE,16,2026-09-01,2026-09-24,False
35835,ALFA RODOBUS SPE,16,2026-09-01,2026-09-24,False
35837,ALFA RODOBUS SPE,14,2026-09-01,2026-09-24,False
35838,ALFA RODOBUS SPE,1,2026-09-03,2026-09-03,False
35840,ALFA RODOBUS SPE,16,2026-09-01,2026-09-24,False
35842,ALFA RODOBUS SPE,16,2026-09-01,2026-09-24,False
35846,ALFA RODOBUS SPE,12,2026-09-01,2026-09-21,False
35850,ALFA RODOBUS SPE,16,2026-09-01,2026-09-24,False
35852,ALFA RODOBUS SPE,16,2026-09-01,2026-09-24,False
35900,ALFA RODOBUS SPE,16,2026-09-01,2026-09-24,False
35903,ALFA RODOBUS SPE,16,2026-09-01,2026-09-24,False
35907,ALFA RODOBUS SPE,16,2026-09-01,2026-09-24,False
35909,ALFA RODOBUS SPE,16,2026-09-01,2026-09-24,False
35912,ALFA RODOBUS SPE,16,2026-09-01,2026-09-24,False
35913,ALFA RODOBUS SPE,16,2026-09-01,2026-09-24,False
35915,ALFA RODOBUS SPE,16,2026-09-01,2026-09-24,False
35918,ALFA RODOBUS SPE,16,2026-09-01,2026-09-24,False
35927,ALFA RODOBUS SPE,11,2026-09-01,2026-09-24,False
35928,ALFA RODOBUS SPE,16,2026-09-01,2026-09-24,False
35930,ALFA RODOBUS SPE,2,2026-09-04,2026-09-08,False
35939,ALFA RODOBUS SPE,16,2026-09-01,2026-09-24,False
35941,ALFA RODOBUS SPE,16,2026-09-01,2026-09-24,False
35944,ALFA RODOBUS SPE,11,2026-09-01,2026-09-24,False
35946,ALFA RODOBUS SPE,16,2026-09-01,2026-09-24,False
35947,ALFA RODOBUS SPE,16,2026-09-01,2026-09-24,False
35950,ALFA RODOBUS SPE,12,2026-09-01,2026-09-24,False
35952,ALFA RODOBUS SPE,16,2026-09-01,2026-09-24,False
35960,ALFA RODOBUS SPE,13,2026-09-01,2026-09-24,False
35964,ALFA RODOBUS SPE,16,2026-09-01,2026-09-24,False
35971,ALFA RODOBUS SPE,16,2026-09-01,2026-09-24,False
35975,ALFA RODOBUS SPE,4,2026-09-21,2026-09-24,False
35976,ALFA RODOBUS SPE,16,2026-09-01,2026-09-24,False
35980,ALFA RODOBUS SPE,4,2026-09-01,2026-09-04,False
35981,ALFA RODOBUS SPE,15,2026-09-01,2026-09-24,False
35982,ALFA RODOBUS SPE,10,2026-09-01,2026-09-16,False
35984,ALFA RODOBUS SPE,16,2026-09-01,2026-09-24,False
35985,ALFA RODOBUS SPE,16,2026-09-01,2026-09-24,False
35990,ALFA RODOBUS SPE,16,2026-09-01,2026-09-24,False
35991,ALFA RODOBUS SPE,16,2026-09-01,2026-09-24,False
35992,ALFA RODOBUS SPE,16,2026-09-01,2026-09-24,False
35993,ALFA RODOBUS SPE,16,2026-09-01,2026-09-24,False
35994,ALFA RODOBUS SPE,16,2026-09-01,2026-09-24,False
51001,VIA SUDESTE,16,2026-09-01,2026-09-24,False
51002,VIA SUDESTE,16,2026-09-01,2026-09-24,False
51003,VIA SUDESTE,16,2026-09-01,2026-09-24,True
51004,VIA SUDESTE,16,2026-09-01,2026-09-24,True
51005,VIA SUDESTE,16,2026-09-01,2026-09-24,False
51006,VIA SUDESTE,16,2026-09-01,2026-09-24,False
51007,VIA SUDESTE,16,2026-09-01,2026-09-24,False
51008,VIA SUDESTE,16,2026-09-01,2026-09-24,False
51009,VIA SUDESTE,16,2026-09-01,2026-09-24,False
51010,VIA SUDESTE,15,2026-09-01,2026-09-24,False
51011,VIA SUDESTE,16,2026-09-01,2026-09-24,False
51012,VIA SUDESTE,16,2026-09-01,2026-09-24,False
51013,VIA SUDESTE,16,2026-09-01,2026-09-24,False
51014,VIA SUDESTE,16,2026-09-01,2026-09-24,False
51016,VIA SUDESTE,16,2026-09-01,2026-09-24,False
51017,VIA SUDESTE,15,2026-09-02,2026-09-24,False
51018,VIA SUDESTE,16,2026-09-01,2026-09-24,False
51019,VIA SUDESTE,16,2026-09-01,2026-09-24,False
51020,VIA SUDESTE,16,2026-09-01,2026-09-24,False
51021,VIA SUDESTE,16,2026-09-01,2026-09-24,False
51022,VIA SUDESTE,16,2026-09-01,2026-09-24,True
51023,VIA SUDESTE,16,2026-09-01,2026-09-24,False
51024,VIA SUDESTE,16,2026-09-01,2026-09-24,False
51025,VIA SUDESTE,16,2026-09-01,2026-09-24,False
51026,VIA SUDESTE,16,2026-09-01,2026-09-24,False
51027,VIA SUDESTE,16,2026-09-01,2026-09-24,False
51028,VIA SUDESTE,16,2026-09-01,2026-09-24,False
51029,VIA SUDESTE,16,2026-09-01,2026-09-24,False
51030,VIA SUDESTE,16,2026-09-01,2026-09-24,False
51031,VIA SUDESTE,16,2026-09-01,2026-09-24,False
51032,VIA SUDESTE,16,2026-09-01,2026-09-24,False
51033,VIA SUDESTE,16,2026-09-01,2026-09-24,False
51034,VIA SUDESTE,16,2026-09-01,2026-09-24,False
51035,VIA SUDESTE,16,2026-09-01,2026-09-24,False
51036,VIA SUDESTE,16,2026-09-01,2026-09-24,False
51037,VIA SUDESTE,16,2026-09-01,2026-09-24,False
51038,VIA SUDESTE,16,2026-09-01,2026-09-24,False
51039,VIA SUDESTE,16,2026-09-01,2026-09-24,False
51040,VIA SUDESTE,16,2026-09-01,2026-09-24,False
51041,VIA SUDESTE,16,2026-09-01,2026-09-24,False
51042,VIA SUDESTE,16,2026-09-01,2026-09-24,False
51043,VIA SUDESTE,16,2026-09-01,2026-09-24,False
51044,VIA SUDESTE,16,2026-09-01,2026-09-24,False
51045,VIA SUDESTE,16,2026-09-01,2026-09-24,False
51046,VIA SUDESTE,16,2026-09-01,2026-09-24,False
51047,VIA SUDESTE,16,2026-09-01,2026-09-24,False
51048,VIA SUDESTE,16,2026-09-01,2026-09-24,False
51049,VIA SUDESTE,16,2026-09-01,2026-09-24,False
51050,VIA SUDESTE,16,2026-09-01,2026-09-24,False
51051,VIA SUDESTE,16,2026-09-01,2026-09-24,False
51052,VIA SUDESTE,16,2026-09-01,2026-09-24,False
51053,VIA SUDESTE,16,2026-09-01,2026-09-24,False
51054,VIA SUDESTE,16,2026-09-01,2026-09-24,False
51055,VIA SUDESTE,16,2026-09-01,2026-09-24,False
51056,VIA SUDESTE,16,2026-09-01,2026-09-24,False
51057,VIA SUDESTE,16,2026-09-01,2026-09-24,True
51058,VIA SUDESTE,14,2026-09-02,2026-09-24,False
51059,VIA SUDESTE,16,2026-09-01,2026-09-24,False
51060,VIA SUDESTE,16,2026-09-01,2026-09-24,True
51061,VIA SUDESTE,16,2026-09-01,2026-09-24,True
51062,VIA SUDESTE,16,2026-09-01,2026-09-24,False
51063,VIA SUDESTE,16,2026-09-01,2026-09-24,False
51064,VIA SUDESTE,16,2026-09-01,2026-09-24,False
51065,VIA SUDESTE,16,2026-09-01,2026-09-24,False
51066,VIA SUDESTE,16,2026-09-01,2026-09-24,False
51067,VIA SUDESTE,16,2026-09-01,2026-09-24,False
51068,VIA SUDESTE,16,2026-09-01,2026-09-24,False
51069,VIA SUDESTE,16,2026-09-01,2026-09-24,False
51070,VIA SUDESTE,15,2026-09-01,2026-09-24,False
51071,VIA SUDESTE,16,2026-09-01,2026-09-24,False
51072,VIA SUDESTE,16,2026-09-01,2026-09-24,False
51073,VIA SUDESTE,16,2026-09-01,2026-09-24,False
51074,VIA SUDESTE,16,2026-09-01,2026-09-24,False
51075,VIA SUDESTE,16,2026-09-01,2026-09-24,False
51076,VIA SUDESTE,16,2026-09-01,2026-09-24,False
51077,VIA SUDESTE,16,2026-09-01,2026-09-24,False
51078,VIA SUDESTE,16,2026-09-01,2026-09-24,False
51079,VIA SUDESTE,16,2026-09-01,2026-09-24,True
51080,VIA SUDESTE,16,2026-09-01,2026-09-24,False
51081,VIA SUDESTE,16,2026-09-01,2026-09-24,False
51082,VIA SUDESTE,16,2026-09-01,2026-09-24,False
51083,VIA SUDESTE,16,2026-09-01,2026-09-24,False
51084,VIA SUDESTE,16,2026-09-01,2026-09-24,False
51085,VIA SUDESTE,16,2026-09-01,2026-09-24,False
51086,VIA SUDESTE,16,2026-09-01,2026-09-24,False
51087,VIA SUDESTE,16,2026-09-01,2026-09-24,False
51088,VIA SUDESTE,16,2026-09-01,2026-09-24,False
51089,VIA SUDESTE,16,2026-09-01,2026-09-24,False
51090,VIA SUDESTE,16,2026-09-01,2026-09-24,False
51091,VIA SUDESTE,16,2026-09-01,2026-09-24,False
51092,VIA SUDESTE,16,2026-09-01,2026-09-24,False
51093,VIA SUDESTE,16,2026-09-01,2026-09-24,False
51094,VIA SUDESTE,16,2026-09-01,2026-09-24,False
51095,VIA SUDESTE,16,2026-09-01,2026-09-24,False
51096,VIA SUDESTE,16,2026-09-01,2026-09-24,False
51097,VIA SUDESTE,16,2026-09-01,2026-09-24,False
51098,VIA SUDESTE,16,2026-09-01,2026-09-24,False
51099,VIA SUDESTE,16,2026-09-01,2026-09-24,False
51100,VIA SUDESTE,16,2026-09-01,2026-09-24,False
51101,VIA SUDESTE,16,2026-09-01,2026-09-24,False
51102,VIA SUDESTE,16,2026-09-01,2026-09-24,False
51103,VIA SUDESTE,16,2026-09-01,2026-09-24,False
51104,VIA SUDESTE,16,2026-09-01,2026-09-24,False
51105,VIA SUDESTE,16,2026-09-01,2026-09-24,False
51106,VIA SUDESTE,16,2026-09-01,2026-09-24,False
51107,VIA SUDESTE,16,2026-09-01,2026-09-24,False
51108,VIA SUDESTE,16,2026-09-01,2026-09-24,False
51109,VIA SUDESTE,16,2026-09-01,2026-09-24,False
51110,VIA SUDESTE,16,2026-09-01,2026-09-24,False
51111,VIA SUDESTE,16,2026-09-01,2026-09-24,True
51112,VIA SUDESTE,16,2026-09-01,2026-09-24,False
51113,VIA SUDESTE,16,2026-09-01,2026-09-24,True
51114,VIA SUDESTE,16,2026-09-01,2026-09-24,False
51115,VIA SUDESTE,16,2026-09-01,2026-09-24,False
51116,VIA SUDESTE,16,2026-09-01,2026-09-24,True
51117,VIA SUDESTE,16,2026-09-01,2026-09-24,True
51118,VIA SUDESTE,16,2026-09-01,2026-09-24,False
51119,VIA SUDESTE,16,2026-09-01,2026-09-24,False
51120,VIA SUDESTE,16,2026-09-01,2026-09-24,False
51121,VIA SUDESTE,16,2026-09-01,2026-09-24,True
51122,VIA SUDESTE,13,2026-09-01,2026-09-24,True
51123,VIA SUDESTE,16,2026-09-01,2026-09-24,False
51124,VIA SUDESTE,16,2026-09-01,2026-09-24,False
51125,VIA SUDESTE,16,2026-09-01,2026-09-24,False
51126,VIA SUDESTE,16,2026-09-01,2026-09-24,False
51127,VIA SUDESTE,16,2026-09-01,2026-09-24,False
51128,VIA SUDESTE,16,2026-09-01,2026-09-24,False
51129,VIA SUDESTE,16,2026-09-01,2026-09-24,False
51130,VIA SUDESTE,16,2026-09-01,2026-09-24,False
51131,VIA SUDESTE,16,2026-09-01,2026-09-24,False
51132,VIA SUDESTE,16,2026-09-01,2026-09-24,True
51133,VIA SUDESTE,16,2026-09-01,2026-09-24,True
51134,VIA SUDESTE,16,2026-09-01,2026-09-24,False
51135,VIA SUDESTE,11,2026-09-01,2026-09-17,False
51136,VIA SUDESTE,16,2026-09-01,2026-09-24,False
51137,VIA SUDESTE,16,2026-09-01,2026-09-24,False
51138,VIA SUDESTE,16,2026-09-01,2026-09-24,False
51139,VIA SUDESTE,16,2026-09-01,2026-09-24,False
51140,VIA SUDESTE,16,2026-09-01,2026-09-24,False
51141,VIA SUDESTE,16,2026-09-01,2026-09-24,False
51142,VIA SUDESTE,16,2026-09-01,2026-09-24,False
51143,VIA SUDESTE,16,2026-09-01,2026-09-24,True
51144,VIA SUDESTE,16,2026-09-01,2026-09-24,False
51145,VIA SUDESTE,16,2026-09-01,2026-09-24,False
51146,VIA SUDESTE,16,2026-09-01,2026-09-24,False
51147,VIA SUDESTE,15,2026-09-01,2026-09-24,False
51148,VIA SUDESTE,16,2026-09-01,2026-09-24,False
51149,VIA SUDESTE,16,2026-09-01,2026-09-24,False
51150,VIA SUDESTE,16,2026-09-01,2026-09-24,False
51151,VIA SUDESTE,16,2026-09-01,2026-09-24,False
51152,VIA SUDESTE,16,2026-09-01,2026-09-24,False
51153,VIA SUDESTE,16,2026-09-01,2026-09-24,False
51154,VIA SUDESTE,16,2026-09-01,2026-09-24,False
51155,VIA SUDESTE,16,2026-09-01,2026-09-24,False
51156,VIA SUDESTE,16,2026-09-01,2026-09-24,False
51157,VIA SUDESTE,16,2026-09-01,2026-09-24,False
51158,VIA SUDESTE,16,2026-09-01,2026-09-24,False
51201,VIA SUDESTE,16,2026-09-01,2026-09-24,False
51202,VIA SUDESTE,16,2026-09-01,2026-09-24,False
51203,VIA SUDESTE,16,2026-09-01,2026-09-24,False
51204,VIA SUDESTE,16,2026-09-01,2026-09-24,False
51205,VIA SUDESTE,16,2026-09-01,2026-09-24,False
51206,VIA SUDESTE,16,2026-09-01,2026-09-24,False
51207,VIA SUDESTE,16,2026-09-01,2026-09-24,False
51208,VIA SUDESTE,16,2026-09-01,2026-09-24,False
51209,VIA SUDESTE,11,2026-09-01,2026-09-24,False
51210,VIA SUDESTE,16,2026-09-01,2026-09-24,False
51211,VIA SUDESTE,16,2026-09-01,2026-09-24,False
51212,VIA SUDESTE,8,2026-09-01,2026-09-11,False
51213,VIA SUDESTE,16,2026-09-01,2026-09-24,False
51214,VIA SUDESTE,16,2026-09-01,2026-09-24,False
51215,VIA SUDESTE,16,2026-09-01,2026-09-24,False
51216,VIA SUDESTE,16,2026-09-01,2026-09-24,False
51217,VIA SUDESTE,16,2026-09-01,2026-09-24,False
51218,VIA SUDESTE,16,2026-09-01,2026-09-24,True
51220,VIA SUDESTE,16,2026-09-01,2026-09-24,False
51221,VIA SUDESTE,16,2026-09-01,2026-09-24,False
51222,VIA SUDESTE,16,2026-09-01,2026-09-24,False
51223,VIA SUDESTE,10,2026-09-10,2026-09-24,False
51224,VIA SUDESTE,16,2026-09-01,2026-09-24,False
51225,VIA SUDESTE,16,2026-09-01,2026-09-24,False
51226,VIA SUDESTE,16,2026-09-01,2026-09-24,False
51227,VIA SUDESTE,16,2026-09-01,2026-09-24,False
51228,VIA SUDESTE,16,2026-09-01,2026-09-24,False
51229,VIA SUDESTE,16,2026-09-01,2026-09-24,False
51230,VIA SUDESTE,16,2026-09-01,2026-09-24,False
51231,VIA SUDESTE,16,2026-09-01,2026-09-24,False
51232,VIA SUDESTE,16,2026-09-01,2026-09-24,False
51233,VIA SUDESTE,16,2026-09-01,2026-09-24,False
51300,VIA SUDESTE,16,2026-09-01,2026-09-24,False
51301,VIA SUDESTE,16,2026-09-01,2026-09-24,False
51302,VIA SUDESTE,11,2026-09-01,2026-09-24,False
51303,VIA SUDESTE,16,2026-09-01,2026-09-24,False
51304,VIA SUDESTE,16,2026-09-01,2026-09-24,False
51305,VIA SUDESTE,15,2026-09-01,2026-09-24,False
51306,VIA SUDESTE,16,2026-09-01,2026-09-24,False
51307,VIA SUDESTE,16,2026-09-01,2026-09-24,False
51308,VIA SUDESTE,16,2026-09-01,2026-09-24,False
51309,VIA SUDESTE,16,2026-09-01,2026-09-24,False
51310,VIA SUDESTE,11,2026-09-01,2026-09-24,False
51311,VIA SUDESTE,16,2026-09-01,2026-09-24,False
51312,VIA SUDESTE,9,2026-09-01,2026-09-15,False
51313,VIA SUDESTE,16,2026-09-01,2026-09-24,False
51314,VIA SUDESTE,16,2026-09-01,2026-09-24,False
51315,VIA SUDESTE,15,2026-09-01,2026-09-24,False
51316,VIA SUDESTE,16,2026-09-01,2026-09-24,False
51317,VIA SUDESTE,15,2026-09-01,2026-09-24,False
51318,VIA SUDESTE,16,2026-09-01,2026-09-24,False
51319,VIA SUDESTE,16,2026-09-01,2026-09-24,False
51400,VIA SUDESTE,16,2026-09-01,2026-09-24,False
51401,VIA SUDESTE,12,2026-09-01,2026-09-24,False
51402,VIA SUDESTE,16,2026-09-01,2026-09-24,False
51403,VIA SUDESTE,16,2026-09-01,2026-09-24,False
51404,VIA SUDESTE,16,2026-09-01,2026-09-24,False
51405,VIA SUDESTE,16,2026-09-01,2026-09-24,False
51406,VIA SUDESTE,16,2026-09-01,2026-09-24,False
51407,VIA SUDESTE,16,2026-09-01,2026-09-24,False
51408,VIA SUDESTE,16,2026-09-01,2026-09-24,False
51409,VIA SUDESTE,16,2026-09-01,2026-09-24,False
51410,VIA SUDESTE,16,2026-09-01,2026-09-24,False
51411,VIA SUDESTE,16,2026-09-01,2026-09-24,False
51412,VIA SUDESTE,16,2026-09-01,2026-09-24,False
51413,VIA SUDESTE,16,2026-09-01,2026-09-24,False
51414,VIA SUDESTE,15,2026-09-01,2026-09-24,False
51415,VIA SUDESTE,16,2026-09-01,2026-09-24,False
51416,VIA SUDESTE,16,2026-09-01,2026-09-24,False
51417,VIA SUDESTE,16,2026-09-01,2026-09-24,False
51418,VIA SUDESTE,16,2026-09-01,2026-09-24,False
51419,VIA SUDESTE,16,2026-09-01,2026-09-24,False
51420,VIA SUDESTE,16,2026-09-01,2026-09-24,False
51421,VIA SUDESTE,16,2026-09-01,2026-09-24,False
51422,VIA SUDESTE,16,2026-09-01,2026-09-24,False
51423,VIA SUDESTE,16,2026-09-01,2026-09-24,False
51424,VIA SUDESTE,16,2026-09-01,2026-09-24,False
51425,VIA SUDESTE,16,2026-09-01,2026-09-24,False
51426,VIA SUDESTE,16,2026-09-01,2026-09-24,False
51427,VIA SUDESTE,16,2026-09-01,2026-09-24,False
51429,VIA SUDESTE,16,2026-09-01,2026-09-24,False
51430,VIA SUDESTE,16,2026-09-01,2026-09-24,False
51431,VIA SUDESTE,16,2026-09-01,2026-09-24,False
51432,VIA SUDESTE,14,2026-09-01,2026-09-24,False
51433,VIA SUDESTE,16,2026-09-01,2026-09-24,False
51434,VIA SUDESTE,16,2026-09-01,2026-09-24,False
51435,VIA SUDESTE,16,2026-09-01,2026-09-24,False
51436,VIA SUDESTE,16,2026-09-01,2026-09-24,False
51437,VIA SUDESTE,16,2026-09-01,2026-09-24,False
51438,VIA SUDESTE,16,2026-09-01,2026-09-24,False
51439,VIA SUDESTE,16,2026-09-01,2026-09-24,False
51440,VIA SUDESTE,16,2026-09-01,2026-09-24,False
51441,VIA SUDESTE,16,2026-09-01,2026-09-24,False
51442,VIA SUDESTE,16,2026-09-01,2026-09-24,False
51443,VIA SUDESTE,16,2026-09-01,2026-09-24,False
51444,VIA SUDESTE,16,2026-09-01,2026-09-24,False
51445,VIA SUDESTE,16,2026-09-01,2026-09-24,False
51446,VIA SUDESTE,16,2026-09-01,2026-09-24,False
51447,VIA SUDESTE,16,2026-09-01,2026-09-24,False
51448,VIA SUDESTE,16,2026-09-01,2026-09-24,False
51449,VIA SUDESTE,16,2026-09-01,2026-09-24,False
51450,VIA SUDESTE,16,2026-09-01,2026-09-24,False
51451,VIA SUDESTE,16,2026-09-01,2026-09-24,False
51452,VIA SUDESTE,16,2026-09-01,2026-09-24,False
51453,VIA SUDESTE,16,2026-09-01,2026-09-24,False
51454,VIA SUDESTE,16,2026-09-01,2026-09-24,False
51455,VIA SUDESTE,16,2026-09-01,2026-09-24,False
51569,VIA SUDESTE,16,2026-09-01,2026-09-24,False
51571,VIA SUDESTE,16,2026-09-01,2026-09-24,False
51572,VIA SUDESTE,16,2026-09-01,2026-09-24,False
51573,VIA SUDESTE,16,2026-09-01,2026-09-24,True
51574,VIA SUDESTE,14,2026-09-01,2026-09-24,True
51575,VIA SUDESTE,16,2026-09-01,2026-09-24,False
51576,VIA SUDESTE,16,2026-09-01,2026-09-24,False
51577,VIA SUDESTE,16,2026-09-01,2026-09-24,False
51578,VIA SUDESTE,16,2026-09-01,2026-09-24,True
51579,VIA SUDESTE,16,2026-09-01,2026-09-24,True
51580,VIA SUDESTE,11,2026-09-01,2026-09-24,False
51581,VIA SUDESTE,16,2026-09-01,2026-09-24,False
51582,VIA SUDESTE,16,2026-09-01,2026-09-24,False
51583,VIA SUDESTE,16,2026-09-01,2026-09-24,False
51584,VIA SUDESTE,16,2026-09-01,2026-09-24,False
51585,VIA SUDESTE,16,2026-09-01,2026-09-24,False
51586,VIA SUDESTE,16,2026-09-01,2026-09-24,False
51587,VIA SUDESTE,16,2026-09-01,2026-09-24,False
51588,VIA SUDESTE,16,2026-09-01,2026-09-24,False
51589,VIA SUDESTE,16,2026-09-01,2026-09-24,False
51590,VIA SUDESTE,16,2026-09-01,2026-09-24,False
51591,VIA SUDESTE,16,2026-09-01,2026-09-24,False
51592,VIA SUDESTE,16,2026-09-01,2026-09-24,False
51593,VIA SUDESTE,16,2026-09-01,2026-09-24,False
51594,VIA SUDESTE,16,2026-09-01,2026-09-24,False
51595,VIA SUDESTE,16,2026-09-01,2026-09-24,False
51596,VIA SUDESTE,16,2026-09-01,2026-09-24,False
51597,VIA SUDESTE,16,2026-09-01,2026-09-24,False
51598,VIA SUDESTE,16,2026-09-01,2026-09-24,False
52001,VIA SUDESTE,16,2026-09-01,2026-09-24,False
52002,VIA SUDESTE,16,2026-09-01,2026-09-24,False
52003,VIA SUDESTE,16,2026-09-01,2026-09-24,False
52004,VIA SUDESTE,16,2026-09-01,2026-09-24,False
52005,VIA SUDESTE,16,2026-09-01,2026-09-24,False
52006,VIA SUDESTE,16,2026-09-01,2026-09-24,False
52008,VIA SUDESTE,16,2026-09-01,2026-09-24,False
52011,VIA SUDESTE,16,2026-09-01,2026-09-24,False
52014,VIA SUDESTE,16,2026-09-01,2026-09-24,True
52015,VIA SUDESTE,16,2026-09-01,2026-09-24,False
52017,VIA SUDESTE,16,2026-09-01,2026-09-24,False
52020,VIA SUDESTE,16,2026-09-01,2026-09-24,False
52021,VIA SUDESTE,16,2026-09-01,2026-09-24,True
52022,VIA SUDESTE,16,2026-09-01,2026-09-24,False
52023,VIA SUDESTE,16,2026-09-01,2026-09-24,False
52024,VIA SUDESTE,16,2026-09-01,2026-09-24,True
52028,VIA SUDESTE,16,2026-09-01,2026-09-24,False
52029,VIA SUDESTE,16,2026-09-01,2026-09-24,False
52031,VIA SUDESTE,16,2026-09-01,2026-09-24,False
52032,VIA SUDESTE,16,2026-09-01,2026-09-24,False
52036,VIA SUDESTE,16,2026-09-01,2026-09-24,False
52038,VIA SUDESTE,16,2026-09-01,2026-09-24,False
52039,VIA SUDESTE,16,2026-09-01,2026-09-24,False
52040,VIA SUDESTE,16,2026-09-01,2026-09-24,False
52041,VIA SUDESTE,16,2026-09-01,2026-09-24,True
52042,VIA SUDESTE,16,2026-09-01,2026-09-24,True
52043,VIA SUDESTE,16,2026-09-01,2026-09-24,False
52044,VIA SUDESTE,16,2026-09-01,2026-09-24,False
52045,VIA SUDESTE,16,2026-09-01,2026-09-24,False
52046,VIA SUDESTE,16,2026-09-01,2026-09-24,False
52047,VIA SUDESTE,16,2026-09-01,2026-09-24,False
52050,VIA SUDESTE,16,2026-09-01,2026-09-24,False
52051,VIA SUDESTE,16,2026-09-01,2026-09-24,False
52052,VIA SUDESTE,16,2026-09-01,2026-09-24,False
52055,VIA SUDESTE,16,2026-09-01,2026-09-24,True
52058,VIA SUDESTE,16,2026-09-01,2026-09-24,False
52059,VIA SUDESTE,16,2026-09-01,2026-09-24,True
52060,VIA SUDESTE,16,2026-09-01,2026-09-24,False
52061,VIA SUDESTE,16,2026-09-01,2026-09-24,False
52062,VIA SUDESTE,16,2026-09-01,2026-09-24,False
52063,VIA SUDESTE,16,2026-09-01,2026-09-24,False
52064,VIA SUDESTE,16,2026-09-01,2026-09-24,False
52065,VIA SUDESTE,16,2026-09-01,2026-09-24,False
52067,VIA SUDESTE,16,2026-09-01,2026-09-24,False
52068,VIA SUDESTE,16,2026-09-01,2026-09-24,False
52069,VIA SUDESTE,16,2026-09-01,2026-09-24,False
52070,VIA SUDESTE,16,2026-09-01,2026-09-24,True
52072,VIA SUDESTE,16,2026-09-01,2026-09-24,False
52073,VIA SUDESTE,16,2026-09-01,2026-09-24,False
52074,VIA SUDESTE,16,2026-09-01,2026-09-24,True
52075,VIA SUDESTE,16,2026-09-01,2026-09-24,False
52076,VIA SUDESTE,16,2026-09-01,2026-09-24,False
52077,VIA SUDESTE,16,2026-09-01,2026-09-24,False
52078,VIA SUDESTE,16,2026-09-01,2026-09-24,True
52101,VIA SUDESTE,16,2026-09-01,2026-09-24,False
52102,VIA SUDESTE,16,2026-09-01,2026-09-24,False
52103,VIA SUDESTE,16,2026-09-01,2026-09-24,True
52104,VIA SUDESTE,16,2026-09-01,2026-09-24,True
52105,VIA SUDESTE,16,2026-09-01,2026-09-24,True
52106,VIA SUDESTE,16,2026-09-01,2026-09-24,False
52107,VIA SUDESTE,10,2026-09-10,2026-09-24,False
52108,VIA SUDESTE,16,2026-09-01,2026-09-24,False
52109,VIA SUDESTE,16,2026-09-01,2026-09-24,False
52110,VIA SUDESTE,16,2026-09-01,2026-09-24,True
52111,VIA SUDESTE,16,2026-09-01,2026-09-24,True
52112,VIA SUDESTE,5,2026-09-18,2026-09-24,False
52113,VIA SUDESTE,16,2026-09-01,2026-09-24,True
52114,VIA SUDESTE,16,2026-09-01,2026-09-24,False
52115,VIA SUDESTE,16,2026-09-01,2026-09-24,True
52116,VIA SUDESTE,16,2026-09-01,2026-09-24,False
52117,VIA SUDESTE,16,2026-09-01,2026-09-24,False
52118,VIA SUDESTE,2,2026-09-23,2026-09-24,False
52119,VIA SUDESTE,16,2026-09-01,2026-09-24,True
52120,VIA SUDESTE,16,2026-09-01,2026-09-24,False
52121,VIA SUDESTE,16,2026-09-01,2026-09-24,False
52122,VIA SUDESTE,16,2026-09-01,2026-09-24,False
52123,VIA SUDESTE,16,2026-09-01,2026-09-24,False
52124,VIA SUDESTE,16,2026-09-01,2026-09-24,True
52125,VIA SUDESTE,16,2026-09-01,2026-09-24,False
52126,VIA SUDESTE,13,2026-09-01,2026-09-24,True
52127,VIA SUDESTE,16,2026-09-01,2026-09-24,True
52128,VIA SUDESTE,16,2026-09-01,2026-09-24,False
52129,VIA SUDESTE,16,2026-09-01,2026-09-24,False
52130,VIA SUDESTE,16,2026-09-01,2026-09-24,False
52131,VIA SUDESTE,16,2026-09-01,2026-09-24,False
52132,VIA SUDESTE,16,2026-09-01,2026-09-24,True
52133,VIA SUDESTE,16,2026-09-01,2026-09-24,True
52134,VIA SUDESTE,16,2026-09-01,2026-09-24,False
52135,VIA SUDESTE,16,2026-09-01,2026-09-24,False
52136,VIA SUDESTE,16,2026-09-01,2026-09-24,False
52137,VIA SUDESTE,16,2026-09-01,2026-09-24,False
52138,VIA SUDESTE,16,2026-09-01,2026-09-24,False
52139,VIA SUDESTE,16,2026-09-01,2026-09-24,True
52140,VIA SUDESTE,16,2026-09-01,2026-09-24,False
52141,VIA SUDESTE,16,2026-09-01,2026-09-24,False
52142,VIA SUDESTE,16,2026-09-01,2026-09-24,False
52143,VIA SUDESTE,16,2026-09-01,2026-09-24,False
52144,VIA SUDESTE,16,2026-09-01,2026-09-24,False
52145,VIA SUDESTE,16,2026-09-01,2026-09-24,True
52146,VIA SUDESTE,16,2026-09-01,2026-09-24,False
52147,VIA SUDESTE,16,2026-09-01,2026-09-24,False
52148,VIA SUDESTE,16,2026-09-01,2026-09-24,True
52149,VIA SUDESTE,16,2026-09-01,2026-09-24,False
52150,VIA SUDESTE,16,2026-09-01,2026-09-24,False
52151,VIA SUDESTE,16,2026-09-01,2026-09-24,False
52152,VIA SUDESTE,16,2026-09-01,2026-09-24,False
52153,VIA SUDESTE,16,2026-09-01,2026-09-24,False
52154,VIA SUDESTE,16,2026-09-01,2026-09-24,False
52155,VIA SUDESTE,16,2026-09-01,2026-09-24,False
52156,VIA SUDESTE,16,2026-09-01,2026-09-24,False
52157,VIA SUDESTE,16,2026-09-01,2026-09-24,False
52158,VIA SUDESTE,16,2026-09-01,2026-09-24,False
52159,VIA SUDESTE,16,2026-09-01,2026-09-24,False
52200,VIA SUDESTE,16,2026-09-01,2026-09-24,False
52201,VIA SUDESTE,16,2026-09-01,2026-09-24,False
52202,VIA SUDESTE,16,2026-09-01,2026-09-24,False
52203,VIA SUDESTE,16,2026-09-01,2026-09-24,False
52204,VIA SUDESTE,16,2026-09-01,2026-09-24,False
52205,VIA SUDESTE,16,2026-09-01,2026-09-24,False
52206,VIA SUDESTE,11,2026-09-01,2026-09-24,False
52207,VIA SUDESTE,16,2026-09-01,2026-09-24,False
52208,VIA SUDESTE,16,2026-09-01,2026-09-24,False
52209,VIA SUDESTE,16,2026-09-01,2026-09-24,False
52210,VIA SUDESTE,16,2026-09-01,2026-09-24,False
52211,VIA SUDESTE,16,2026-09-01,2026-09-24,False
52212,VIA SUDESTE,16,2026-09-01,2026-09-24,False
52213,VIA SUDESTE,16,2026-09-01,2026-09-24,False
52214,VIA SUDESTE,16,2026-09-01,2026-09-24,False
52215,VIA SUDESTE,16,2026-09-01,2026-09-24,False
52216,VIA SUDESTE,16,2026-09-01,2026-09-24,False
52217,VIA SUDESTE,16,2026-09-01,2026-09-24,False
52218,VIA SUDESTE,16,2026-09-01,2026-09-24,False
52219,VIA SUDESTE,16,2026-09-01,2026-09-24,False
52220,VIA SUDESTE,16,2026-09-01,2026-09-24,False
52221,VIA SUDESTE,16,2026-09-01,2026-09-24,False
52222,VIA SUDESTE,16,2026-09-01,2026-09-24,False
52223,VIA SUDESTE,16,2026-09-01,2026-09-24,False
52400,VIA SUDESTE,16,2026-09-01,2026-09-24,False
52401,VIA SUDESTE,16,2026-09-01,2026-09-24,False
52402,VIA SUDESTE,16,2026-09-01,2026-09-24,False
52403,VIA SUDESTE,16,2026-09-01,2026-09-24,False
52404,VIA SUDESTE,16,2026-09-01,2026-09-24,False
52701,VIA SUDESTE,4,2026-09-01,2026-09-04,False
52702,VIA SUDESTE,16,2026-09-01,2026-09-24,False
52703,VIA SUDESTE,10,2026-09-01,2026-09-24,False
52704,VIA SUDESTE,4,2026-09-01,2026-09-04,False
52705,VIA SUDESTE,16,2026-09-01,2026-09-24,False
52706,VIA SUDESTE,4,2026-09-01,2026-09-04,False
52707,VIA SUDESTE,4,2026-09-01,2026-09-04,False
52708,VIA SUDESTE,16,2026-09-01,2026-09-24,False
52709,VIA SUDESTE,4,2026-09-01,2026-09-04,False
52710,VIA SUDESTE,5,2026-09-01,2026-09-09,False
52711,VIA SUDESTE,13,2026-09-01,2026-09-21,True
52712,VIA SUDESTE,16,2026-09-01,2026-09-24,True
52713,VIA SUDESTE,7,2026-09-16,2026-09-24,False
52714,VIA SUDESTE,16,2026-09-01,2026-09-24,True
52715,VIA SUDESTE,16,2026-09-01,2026-09-24,False
52716,VIA SUDESTE,5,2026-09-16,2026-09-24,False
52717,VIA SUDESTE,7,2026-09-16,2026-09-24,False
52718,VIA SUDESTE,13,2026-09-01,2026-09-21,True
52719,VIA SUDESTE,13,2026-09-01,2026-09-21,False
52720,VIA SUDESTE,13,2026-09-01,2026-09-21,False
52721,VIA SUDESTE,13,2026-09-01,2026-09-21,False
52722,VIA SUDESTE,13,2026-09-01,2026-09-21,False
52723,VIA SUDESTE,13,2026-09-01,2026-09-21,False
52725,VIA SUDESTE,7,2026-09-16,2026-09-24,False
52726,VIA SUDESTE,1,2026-09-02,2026-09-02,False
52727,VIA SUDESTE,7,2026-09-16,2026-09-24,False
52728,VIA SUDESTE,1,2026-09-02,2026-09-02,False
52729,VIA SUDESTE,5,2026-09-16,2026-09-24,False
52730,VIA SUDESTE,13,2026-09-01,2026-09-21,False
52731,VIA SUDESTE,13,2026-09-01,2026-09-21,False
52732,VIA SUDESTE,1,2026-09-24,2026-09-24,False
52733,VIA SUDESTE,7,2026-09-16,2026-09-24,False
52734,VIA SUDESTE,13,2026-09-01,2026-09-21,True
52735,VIA SUDESTE,13,2026-09-01,2026-09-21,False
52736,VIA SUDESTE,7,2026-09-16,2026-09-24,False
52737,VIA SUDESTE,7,2026-09-16,2026-09-24,False
52738,VIA SUDESTE,13,2026-09-01,2026-09-21,False
52739,VIA SUDESTE,5,2026-09-16,2026-09-24,False
52740,VIA SUDESTE,13,2026-09-01,2026-09-21,False
52741,VIA SUDESTE,13,2026-09-01,2026-09-21,False
52742,VIA SUDESTE,16,2026-09-01,2026-09-24,False
52743,VIA SUDESTE,16,2026-09-01,2026-09-24,False
52744,VIA SUDESTE,16,2026-09-01,2026-09-24,True
52745,VIA SUDESTE,16,2026-09-01,2026-09-24,True
52746,VIA SUDESTE,16,2026-09-01,2026-09-24,False
52748,VIA SUDESTE,16,2026-09-01,2026-09-24,True
52749,VIA SUDESTE,16,2026-09-01,2026-09-24,True
52750,VIA SUDESTE,16,2026-09-01,2026-09-24,False
52751,VIA SUDESTE,16,2026-09-01,2026-09-24,False
52752,VIA SUDESTE,16,2026-09-01,2026-09-24,True
52753,VIA SUDESTE,16,2026-09-01,2026-09-24,False
52754,VIA SUDESTE,16,2026-09-01,2026-09-24,True
52755,VIA SUDESTE,16,2026-09-01,2026-09-24,False
52756,VIA SUDESTE,16,2026-09-01,2026-09-24,False
52757,VIA SUDESTE,16,2026-09-01,2026-09-24,False
52758,VIA SUDESTE,1,2026-09-10,2026-09-10,False
52760,VIA SUDESTE,16,2026-09-01,2026-09-24,False
52761,VIA SUDESTE,13,2026-09-01,2026-09-21,False
52762,VIA SUDESTE,13,2026-09-01,2026-09-21,True
52763,VIA SUDESTE,13,2026-09-01,2026-09-21,True
52764,VIA SUDESTE,1,2026-09-01,2026-09-01,False
52765,VIA SUDESTE,13,2026-09-01,2026-09-21,False
52767,VIA SUDESTE,16,2026-09-01,2026-09-24,True
52768,VIA SUDESTE,16,2026-09-01,2026-09-24,False
52769,VIA SUDESTE,13,2026-09-01,2026-09-21,False
52770,VIA SUDESTE,16,2026-09-01,2026-09-24,False
52771,VIA SUDESTE,7,2026-09-16,2026-09-24,False
52772,VIA SUDESTE,1,2026-09-23,2026-09-23,False
52773,VIA SUDESTE,16,2026-09-01,2026-09-24,False
52774,VIA SUDESTE,13,2026-09-01,2026-09-21,True
52775,VIA SUDESTE,16,2026-09-01,2026-09-24,True
52776,VIA SUDESTE,16,2026-09-01,2026-09-24,False
52777,VIA SUDESTE,16,2026-09-01,2026-09-24,False
52778,VIA SUDESTE,16,2026-09-01,2026-09-24,False
52779,VIA SUDESTE,16,2026-09-01,2026-09-24,False
52780,VIA SUDESTE,16,2026-09-01,2026-09-24,False
52781,VIA SUDESTE,16,2026-09-01,2026-09-24,False
52782,VIA SUDESTE,16,2026-09-01,2026-09-24,True
52783,VIA SUDESTE,16,2026-09-01,2026-09-24,False
52784,VIA SUDESTE,16,2026-09-01,2026-09-24,False
52785,VIA SUDESTE,16,2026-09-01,2026-09-24,False
52786,VIA SUDESTE,16,2026-09-01,2026-09-24,False
52787,VIA SUDESTE,16,2026-09-01,2026-09-24,False
52788,VIA SUDESTE,16,2026-09-01,2026-09-24,True
52789,VIA SUDESTE,16,2026-09-01,2026-09-24,False
52790,VIA SUDESTE,16,2026-09-01,2026-09-24,False
52791,VIA SUDESTE,16,2026-09-01,2026-09-24,False
52792,VIA SUDESTE,13,2026-09-01,2026-09-24,False
52793,VIA SUDESTE,16,2026-09-01,2026-09-24,False
52794,VIA SUDESTE,16,2026-09-01,2026-09-24,False
52795,VIA SUDESTE,16,2026-09-01,2026-09-24,False
52796,VIA SUDESTE,16,2026-09-01,2026-09-24,True
52797,VIA SUDESTE,16,2026-09-01,2026-09-24,False
52798,VIA SUDESTE,16,2026-09-01,2026-09-24,False
52799,VIA SUDESTE,16,2026-09-01,2026-09-24,True
52800,VIA SUDESTE,16,2026-09-01,2026-09-24,False
52801,VIA SUDESTE,15,2026-09-01,2026-09-24,False
52802,VIA SUDESTE,16,2026-09-01,2026-09-24,False
52803,VIA SUDESTE,16,2026-09-01,2026-09-24,False
52804,VIA SUDESTE,16,2026-09-01,2026-09-24,False
52805,VIA SUDESTE,16,2026-09-01,2026-09-24,False
52806,VIA SUDESTE,16,2026-09-01,2026-09-24,False
52807,VIA SUDESTE,16,2026-09-01,2026-09-24,False
52808,VIA SUDESTE,16,2026-09-01,2026-09-24,False
52809,VIA SUDESTE,16,2026-09-01,2026-09-24,False
52810,VIA SUDESTE,16,2026-09-01,2026-09-24,False
52811,VIA SUDESTE,16,2026-09-01,2026-09-24,False
52812,VIA SUDESTE,16,2026-09-01,2026-09-24,False
52813,VIA SUDESTE,16,2026-09-01,2026-09-24,False
52814,VIA SUDESTE,16,2026-09-01,2026-09-24,False
52815,VIA SUDESTE,16,2026-09-01,2026-09-24,False
52816,VIA SUDESTE,16,2026-09-01,2026-09-24,False
52817,VIA SUDESTE,16,2026-09-01,2026-09-24,False
52818,VIA SUDESTE,16,2026-09-01,2026-09-24,False
52819,VIA SUDESTE,16,2026-09-01,2026-09-24,False
52820,VIA SUDESTE,16,2026-09-01,2026-09-24,False
52821,VIA SUDESTE,16,2026-09-01,2026-09-24,False
52822,VIA SUDESTE,16,2026-09-01,2026-09-24,False
52823,VIA SUDESTE,16,2026-09-01,2026-09-24,False
52824,VIA SUDESTE,16,2026-09-01,2026-09-24,False
52825,VIA SUDESTE,16,2026-09-01,2026-09-24,False
52826,VIA SUDESTE,16,2026-09-01,2026-09-24,False
52827,VIA SUDESTE,13,2026-09-01,2026-09-24,False
52828,VIA SUDESTE,16,2026-09-01,2026-09-24,True
52829,VIA SUDESTE,16,2026-09-01,2026-09-24,False
52830,VIA SUDESTE,16,2026-09-01,2026-09-24,False
52831,VIA SUDESTE,16,2026-09-01,2026-09-24,False
52832,VIA SUDESTE,16,2026-09-01,2026-09-24,False
52833,VIA SUDESTE,16,2026-09-01,2026-09-24,False
52834,VIA SUDESTE,16,2026-09-01,2026-09-24,True
52835,VIA SUDESTE,15,2026-09-01,2026-09-24,True
52836,VIA SUDESTE,16,2026-09-01,2026-09-24,False
52837,VIA SUDESTE,16,2026-09-01,2026-09-24,False
52838,VIA SUDESTE,16,2026-09-01,2026-09-24,True
52839,VIA SUDESTE,16,2026-09-01,2026-09-24,False
52840,VIA SUDESTE,16,2026-09-01,2026-09-24,False
52841,VIA SUDESTE,16,2026-09-01,2026-09-24,False
52842,VIA SUDESTE,16,2026-09-01,2026-09-24,False
52843,VIA SUDESTE,16,2026-09-01,2026-09-24,True
52844,VIA SUDESTE,16,2026-09-01,2026-09-24,False
52845,VIA SUDESTE,16,2026-09-01,2026-09-24,False
52846,VIA SUDESTE,16,2026-09-01,2026-09-24,False
52847,VIA SUDESTE,16,2026-09-01,2026-09-24,False
52848,VIA SUDESTE,16,2026-09-01,2026-09-24,False
52849,VIA SUDESTE,16,2026-09-01,2026-09-24,False
52850,VIA SUDESTE,16,2026-09-01,2026-09-24,False
52851,VIA SUDESTE,16,2026-09-01,2026-09-24,False
52852,VIA SUDESTE,16,2026-09-01,2026-09-24,False
52853,VIA SUDESTE,16,2026-09-01,2026-09-24,False
52854,VIA SUDESTE,16,2026-09-01,2026-09-24,False
52855,VIA SUDESTE,16,2026-09-01,2026-09-24,False
52856,VIA SUDESTE,16,2026-09-01,2026-09-24,False
52857,VIA SUDESTE,16,2026-09-01,2026-09-24,False
52859,VIA SUDESTE,16,2026-09-01,2026-09-24,False
52860,VIA SUDESTE,16,2026-09-01,2026-09-24,False
52861,VIA SUDESTE,16,2026-09-01,2026-09-24,False
52862,VIA SUDESTE,16,2026-09-01,2026-09-24,False
52863,VIA SUDESTE,16,2026-09-01,2026-09-24,False
52864,VIA SUDESTE,16,2026-09-01,2026-09-24,False
52865,VIA SUDESTE,16,2026-09-01,2026-09-24,False
52866,VIA SUDESTE,16,2026-09-01,2026-09-24,False
52867,VIA SUDESTE,16,2026-09-01,2026-09-24,False
52868,VIA SUDESTE,16,2026-09-01,2026-09-24,True
52869,VIA SUDESTE,16,2026-09-01,2026-09-24,False
52870,VIA SUDESTE,16,2026-09-01,2026-09-24,False
52871,VIA SUDESTE,16,2026-09-01,2026-09-24,False
52872,VIA SUDESTE,16,2026-09-01,2026-09-24,False
52873,VIA SUDESTE,16,2026-09-01,2026-09-24,False
52901,VIA SUDESTE,15,2026-09-01,2026-09-24,True
52902,VIA SUDESTE,16,2026-09-01,2026-09-24,False
52903,VIA SUDESTE,16,2026-09-01,2026-09-24,True
52904,VIA SUDESTE,16,2026-09-01,2026-09-24,True
52905,VIA SUDESTE,16,2026-09-01,2026-09-24,True
52906,VIA SUDESTE,16,2026-09-01,2026-09-24,True
52907,VIA SUDESTE,16,2026-09-01,2026-09-24,True
52908,VIA SUDESTE,16,2026-09-01,2026-09-24,False
52909,VIA SUDESTE,16,2026-09-01,2026-09-24,True
52910,VIA SUDESTE,14,2026-09-01,2026-09-22,True
52911,VIA SUDESTE,16,2026-09-01,2026-09-24,True
52912,VIA SUDESTE,16,2026-09-01,2026-09-24,False
52913,VIA SUDESTE,15,2026-09-01,2026-09-24,True
52914,VIA SUDESTE,16,2026-09-01,2026-09-24,False
52915,VIA SUDESTE,16,2026-09-01,2026-09-24,False
52916,VIA SUDESTE,16,2026-09-01,2026-09-24,False
52918,VIA SUDESTE,16,2026-09-01,2026-09-24,False
52919,VIA SUDESTE,16,2026-09-01,2026-09-24,True
52920,VIA SUDESTE,16,2026-09-01,2026-09-24,False
52921,VIA SUDESTE,16,2026-09-01,2026-09-24,False
52922,VIA SUDESTE,16,2026-09-01,2026-09-24,True
52923,VIA SUDESTE,16,2026-09-01,2026-09-24,True
52924,VIA SUDESTE,16,2026-09-01,2026-09-24,True
52925,VIA SUDESTE,16,2026-09-01,2026-09-24,False
52926,VIA SUDESTE,16,2026-09-01,2026-09-24,False
52927,VIA SUDESTE,16,2026-09-01,2026-09-24,False
52928,VIA SUDESTE,16,2026-09-01,2026-09-24,False
52929,VIA SUDESTE,12,2026-09-08,2026-09-24,False
52930,VIA SUDESTE,16,2026-09-01,2026-09-24,False
52931,VIA SUDESTE,16,2026-09-01,2026-09-24,False
52932,VIA SUDESTE,15,2026-09-01,2026-09-24,True
52933,VIA SUDESTE,16,2026-09-01,2026-09-24,False
52934,VIA SUDESTE,16,2026-09-01,2026-09-24,False
52935,VIA SUDESTE,16,2026-09-01,2026-09-24,True
52936,VIA SUDESTE,16,2026-09-01,2026-09-24,True
52937,VIA SUDESTE,16,2026-09-01,2026-09-24,False
52938,VIA SUDESTE,16,2026-09-01,2026-09-24,False
52939,VIA SUDESTE,16,2026-09-01,2026-09-24,False
52940,VIA SUDESTE,16,2026-09-01,2026-09-24,False
52941,VIA SUDESTE,16,2026-09-01,2026-09-24,False
52942,VIA SUDESTE,16,2026-09-01,2026-09-24,False
52943,VIA SUDESTE,16,2026-09-01,2026-09-24,True
52944,VIA SUDESTE,16,2026-09-01,2026-09-24,False
52945,VIA SUDESTE,16,2026-09-01,2026-09-24,False
52946,VIA SUDESTE,16,2026-09-01,2026-09-24,False
52947,VIA SUDESTE,16,2026-09-01,2026-09-24,False
61058,VIACAO GRAJAU,16,2026-09-01,2026-09-24,False
61059,VIACAO GRAJAU,16,2026-09-01,2026-09-24,False
61060,VIACAO GRAJAU,16,2026-09-01,2026-09-24,False
61061,VIACAO GRAJAU,16,2026-09-01,2026-09-24,False
61062,VIACAO GRAJAU,16,2026-09-01,2026-09-24,False
61063,VIACAO GRAJAU,16,2026-09-01,2026-09-24,False
61064,VIACAO GRAJAU,13,2026-09-04,2026-09-24,False
61065,VIACAO GRAJAU,16,2026-09-01,2026-09-24,True
61066,VIACAO GRAJAU,16,2026-09-01,2026-09-24,False
61067,VIACAO GRAJAU,11,2026-09-01,2026-09-24,False
61068,VIACAO GRAJAU,16,2026-09-01,2026-09-24,False
61069,VIACAO GRAJAU,16,2026-09-01,2026-09-24,False
61070,VIACAO GRAJAU,16,2026-09-01,2026-09-24,True
61071,VIACAO GRAJAU,16,2026-09-01,2026-09-24,False
61072,VIACAO GRAJAU,16,2026-09-01,2026-09-24,False
61073,VIACAO GRAJAU,16,2026-09-01,2026-09-24,False
61074,VIACAO GRAJAU,16,2026-09-01,2026-09-24,False
61075,VIACAO GRAJAU,16,2026-09-01,2026-09-24,False
61076,VIACAO GRAJAU,16,2026-09-01,2026-09-24,False
61096,VIACAO GRAJAU,16,2026-09-01,2026-09-24,False
61097,VIACAO GRAJAU,16,2026-09-01,2026-09-24,False
61098,VIACAO GRAJAU,16,2026-09-01,2026-09-24,False
61099,VIACAO GRAJAU,16,2026-09-01,2026-09-24,False
61210,VIACAO GRAJAU,16,2026-09-01,2026-09-24,False
61211,VIACAO GRAJAU,16,2026-09-01,2026-09-24,False
61212,VIACAO GRAJAU,16,2026-09-01,2026-09-24,False
61213,VIACAO GRAJAU,16,2026-09-01,2026-09-24,True
61214,VIACAO GRAJAU,16,2026-09-01,2026-09-24,False
61215,VIACAO GRAJAU,16,2026-09-01,2026-09-24,False
61216,VIACAO GRAJAU,16,2026-09-01,2026-09-24,False
61217,VIACAO GRAJAU,4,2026-09-01,2026-09-04,False
61218,VIACAO GRAJAU,16,2026-09-01,2026-09-24,False
61219,VIACAO GRAJAU,16,2026-09-01,2026-09-24,False
61220,VIACAO GRAJAU,16,2026-09-01,2026-09-24,False
61221,VIACAO GRAJAU,16,2026-09-01,2026-09-24,False
61222,VIACAO GRAJAU,16,2026-09-01,2026-09-24,False
61223,VIACAO GRAJAU,16,2026-09-01,2026-09-24,False
61224,VIACAO GRAJAU,16,2026-09-01,2026-09-24,True
61226,VIACAO GRAJAU,14,2026-09-01,2026-09-22,False
61227,VIACAO GRAJAU,16,2026-09-01,2026-09-24,False
61228,VIACAO GRAJAU,16,2026-09-01,2026-09-24,True
61230,VIACAO GRAJAU,16,2026-09-01,2026-09-24,False
61236,VIACAO GRAJAU,16,2026-09-01,2026-09-24,False
61237,VIACAO GRAJAU,16,2026-09-01,2026-09-24,False
61238,VIACAO GRAJAU,16,2026-09-01,2026-09-24,False
61239,VIACAO GRAJAU,16,2026-09-01,2026-09-24,False
61242,VIACAO GRAJAU,16,2026-09-01,2026-09-24,False
61243,VIACAO GRAJAU,16,2026-09-01,2026-09-24,False
61244,VIACAO GRAJAU,16,2026-09-01,2026-09-24,False
61245,VIACAO GRAJAU,16,2026-09-01,2026-09-24,False
61246,VIACAO GRAJAU,16,2026-09-01,2026-09-24,False
61247,VIACAO GRAJAU,16,2026-09-01,2026-09-24,False
61248,VIACAO GRAJAU,16,2026-09-01,2026-09-24,False
61249,VIACAO GRAJAU,16,2026-09-01,2026-09-24,False
61250,VIACAO GRAJAU,16,2026-09-01,2026-09-24,False
61261,VIACAO GRAJAU,16,2026-09-01,2026-09-24,False
61262,VIACAO GRAJAU,13,2026-09-01,2026-09-24,False
61263,VIACAO GRAJAU,16,2026-09-01,2026-09-24,False
61264,VIACAO GRAJAU,16,2026-09-01,2026-09-24,False
61265,VIACAO GRAJAU,16,2026-09-01,2026-09-24,False
61266,VIACAO GRAJAU,16,2026-09-01,2026-09-24,False
61267,VIACAO GRAJAU,16,2026-09-01,2026-09-24,False
61268,VIACAO GRAJAU,16,2026-09-01,2026-09-24,False
61269,VIACAO GRAJAU,16,2026-09-01,2026-09-24,False
61270,VIACAO GRAJAU,16,2026-09-01,2026-09-24,False
61271,VIACAO GRAJAU,16,2026-09-01,2026-09-24,False
61272,VIACAO GRAJAU,16,2026-09-01,2026-09-24,False
61273,VIACAO GRAJAU,16,2026-09-01,2026-09-24,True
61274,VIACAO GRAJAU,16,2026-09-01,2026-09-24,False
61275,VIACAO GRAJAU,16,2026-09-01,2026-09-24,False
61276,VIACAO GRAJAU,16,2026-09-01,2026-09-24,False
61277,VIACAO GRAJAU,12,2026-09-01,2026-09-18,False
61278,VIACAO GRAJAU,16,2026-09-01,2026-09-24,False
61279,VIACAO GRAJAU,16,2026-09-01,2026-09-24,False
61280,VIACAO GRAJAU,16,2026-09-01,2026-09-24,False
61281,VIACAO GRAJAU,16,2026-09-01,2026-09-24,False
61282,VIACAO GRAJAU,16,2026-09-01,2026-09-24,True
61283,VIACAO GRAJAU,16,2026-09-01,2026-09-24,False
61284,VIACAO GRAJAU,16,2026-09-01,2026-09-24,True
61285,VIACAO GRAJAU,16,2026-09-01,2026-09-24,False
61286,VIACAO GRAJAU,16,2026-09-01,2026-09-24,False
61287,VIACAO GRAJAU,16,2026-09-01,2026-09-24,False
61288,VIACAO GRAJAU,16,2026-09-01,2026-09-24,False
61289,VIACAO GRAJAU,16,2026-09-01,2026-09-24,False
61290,VIACAO GRAJAU,16,2026-09-01,2026-09-24,False
61291,VIACAO GRAJAU,16,2026-09-01,2026-09-24,False
61292,VIACAO GRAJAU,16,2026-09-01,2026-09-24,False
61293,VIACAO GRAJAU,1,2026-09-24,2026-09-24,False
61294,VIACAO GRAJAU,16,2026-09-01,2026-09-24,False
61295,VIACAO GRAJAU,16,2026-09-01,2026-09-24,True
61296,VIACAO GRAJAU,16,2026-09-01,2026-09-24,False
61297,VIACAO GRAJAU,16,2026-09-01,2026-09-24,False
61298,VIACAO GRAJAU,16,2026-09-01,2026-09-24,False
61299,VIACAO GRAJAU,16,2026-09-01,2026-09-24,False
61300,VIACAO GRAJAU,16,2026-09-01,2026-09-24,False
61301,VIACAO GRAJAU,16,2026-09-01,2026-09-24,False
61302,VIACAO GRAJAU,16,2026-09-01,2026-09-24,False
61303,VIACAO GRAJAU,16,2026-09-01,2026-09-24,False
61307,VIACAO GRAJAU,16,2026-09-01,2026-09-24,False
61308,VIACAO GRAJAU,16,2026-09-01,2026-09-24,False
61309,VIACAO GRAJAU,16,2026-09-01,2026-09-24,False
61310,VIACAO GRAJAU,16,2026-09-01,2026-09-24,False
61311,VIACAO GRAJAU,16,2026-09-01,2026-09-24,True
61312,VIACAO GRAJAU,16,2026-09-01,2026-09-24,False
61313,VIACAO GRAJAU,16,2026-09-01,2026-09-24,False
61314,VIACAO GRAJAU,16,2026-09-01,2026-09-24,True
61315,VIACAO GRAJAU,16,2026-09-01,2026-09-24,False
61316,VIACAO GRAJAU,14,2026-09-01,2026-09-24,True
61317,VIACAO GRAJAU,16,2026-09-01,2026-09-24,False
61318,VIACAO GRAJAU,16,2026-09-01,2026-09-24,False
61319,VIACAO GRAJAU,16,2026-09-01,2026-09-24,False
61320,VIACAO GRAJAU,16,2026-09-01,2026-09-24,False
61321,VIACAO GRAJAU,16,2026-09-01,2026-09-24,False
61322,VIACAO GRAJAU,16,2026-09-01,2026-09-24,False
61323,VIACAO GRAJAU,16,2026-09-01,2026-09-24,False
61324,VIACAO GRAJAU,16,2026-09-01,2026-09-24,False
61325,VIACAO GRAJAU,14,2026-09-01,2026-09-24,False
61326,VIACAO GRAJAU,16,2026-09-01,2026-09-24,False
61327,VIACAO GRAJAU,15,2026-09-01,2026-09-24,True
61328,VIACAO GRAJAU,16,2026-09-01,2026-09-24,False
61329,VIACAO GRAJAU,16,2026-09-01,2026-09-24,False
61330,VIACAO GRAJAU,16,2026-09-01,2026-09-24,False
61331,VIACAO GRAJAU,16,2026-09-01,2026-09-24,False
61333,VIACAO GRAJAU,16,2026-09-01,2026-09-24,False
61334,VIACAO GRAJAU,16,2026-09-01,2026-09-24,True
61335,VIACAO GRAJAU,16,2026-09-01,2026-09-24,False
61336,VIACAO GRAJAU,16,2026-09-01,2026-09-24,False
61337,VIACAO GRAJAU,16,2026-09-01,2026-09-24,False
61338,VIACAO GRAJAU,16,2026-09-01,2026-09-24,False
61339,VIACAO GRAJAU,16,2026-09-01,2026-09-24,False
61340,VIACAO GRAJAU,16,2026-09-01,2026-09-24,False
61341,VIACAO GRAJAU,16,2026-09-01,2026-09-24,False
61342,VIACAO GRAJAU,16,2026-09-01,2026-09-24,False
61343,VIACAO GRAJAU,16,2026-09-01,2026-09-24,False
61344,VIACAO GRAJAU,16,2026-09-01,2026-09-24,False
61345,VIACAO GRAJAU,16,2026-09-01,2026-09-24,False
61346,VIACAO GRAJAU,16,2026-09-01,2026-09-24,False
61347,VIACAO GRAJAU,16,2026-09-01,2026-09-24,False
61348,VIACAO GRAJAU,16,2026-09-01,2026-09-24,False
61349,VIACAO GRAJAU,16,2026-09-01,2026-09-24,False
61350,VIACAO GRAJAU,16,2026-09-01,2026-09-24,True
61351,VIACAO GRAJAU,16,2026-09-01,2026-09-24,False
61352,VIACAO GRAJAU,16,2026-09-01,2026-09-24,False
61353,VIACAO GRAJAU,16,2026-09-01,2026-09-24,False
61354,VIACAO GRAJAU,16,2026-09-01,2026-09-24,False
61355,VIACAO GRAJAU,16,2026-09-01,2026-09-24,False
61375,VIACAO GRAJAU,16,2026-09-01,2026-09-24,False
61376,VIACAO GRAJAU,16,2026-09-01,2026-09-24,False
61377,VIACAO GRAJAU,16,2026-09-01,2026-09-24,False
61378,VIACAO GRAJAU,16,2026-09-01,2026-09-24,False
61379,VIACAO GRAJAU,16,2026-09-01,2026-09-24,False
61380,VIACAO GRAJAU,16,2026-09-01,2026-09-24,False
61381,VIACAO GRAJAU,16,2026-09-01,2026-09-24,False
61382,VIACAO GRAJAU,16,2026-09-01,2026-09-24,False
61383,VIACAO GRAJAU,16,2026-09-01,2026-09-24,False
61384,VIACAO GRAJAU,16,2026-09-01,2026-09-24,False
61400,VIACAO GRAJAU,16,2026-09-01,2026-09-24,False
61401,VIACAO GRAJAU,16,2026-09-01,2026-09-24,False
61402,VIACAO GRAJAU,16,2026-09-01,2026-09-24,False
61403,VIACAO GRAJAU,16,2026-09-01,2026-09-24,False
61404,VIACAO GRAJAU,16,2026-09-01,2026-09-24,False
61405,VIACAO GRAJAU,16,2026-09-01,2026-09-24,False
61406,VIACAO GRAJAU,16,2026-09-01,2026-09-24,False
61407,VIACAO GRAJAU,16,2026-09-01,2026-09-24,False
61408,VIACAO GRAJAU,16,2026-09-01,2026-09-24,False
61409,VIACAO GRAJAU,12,2026-09-01,2026-09-24,False
61410,VIACAO GRAJAU,16,2026-09-01,2026-09-24,False
61411,VIACAO GRAJAU,16,2026-09-01,2026-09-24,False
61412,VIACAO GRAJAU,16,2026-09-01,2026-09-24,False
61413,VIACAO GRAJAU,15,2026-09-01,2026-09-23,False
61414,VIACAO GRAJAU,16,2026-09-01,2026-09-24,True
61415,VIACAO GRAJAU,16,2026-09-01,2026-09-24,False
61416,VIACAO GRAJAU,16,2026-09-01,2026-09-24,False
61417,VIACAO GRAJAU,16,2026-09-01,2026-09-24,False
61418,VIACAO GRAJAU,16,2026-09-01,2026-09-24,False
61419,VIACAO GRAJAU,16,2026-09-01,2026-09-24,False
61420,VIACAO GRAJAU,16,2026-09-01,2026-09-24,False
61421,VIACAO GRAJAU,16,2026-09-01,2026-09-24,False
61422,VIACAO GRAJAU,16,2026-09-01,2026-09-24,False
61423,VIACAO GRAJAU,16,2026-09-01,2026-09-24,False
61424,VIACAO GRAJAU,16,2026-09-01,2026-09-24,False
61425,VIACAO GRAJAU,16,2026-09-01,2026-09-24,False
61426,VIACAO GRAJAU,16,2026-09-01,2026-09-24,False
61427,VIACAO GRAJAU,16,2026-09-01,2026-09-24,False
61428,VIACAO GRAJAU,16,2026-09-01,2026-09-24,False
61429,VIACAO GRAJAU,16,2026-09-01,2026-09-24,False
61430,VIACAO GRAJAU,16,2026-09-01,2026-09-24,False
61431,VIACAO GRAJAU,16,2026-09-01,2026-09-24,False
61432,VIACAO GRAJAU,16,2026-09-01,2026-09-24,False
61433,VIACAO GRAJAU,16,2026-09-01,2026-09-24,False
61434,VIACAO GRAJAU,16,2026-09-01,2026-09-24,False
61435,VIACAO GRAJAU,16,2026-09-01,2026-09-24,False
61436,VIACAO GRAJAU,16,2026-09-01,2026-09-24,False
61437,VIACAO GRAJAU,16,2026-09-01,2026-09-24,False
61438,VIACAO GRAJAU,16,2026-09-01,2026-09-24,False
61439,VIACAO GRAJAU,12,2026-09-01,2026-09-24,False
61440,VIACAO GRAJAU,16,2026-09-01,2026-09-24,False
61441,VIACAO GRAJAU,16,2026-09-01,2026-09-24,False
61442,VIACAO GRAJAU,16,2026-09-01,2026-09-24,False
61443,VIACAO GRAJAU,16,2026-09-01,2026-09-24,False
61444,VIACAO GRAJAU,16,2026-09-01,2026-09-24,False
61445,VIACAO GRAJAU,16,2026-09-01,2026-09-24,False
61446,VIACAO GRAJAU,16,2026-09-01,2026-09-24,False
61447,VIACAO GRAJAU,16,2026-09-01,2026-09-24,False
61448,VIACAO GRAJAU,16,2026-09-01,2026-09-24,False
61449,VIACAO GRAJAU,16,2026-09-01,2026-09-24,False
61450,VIACAO GRAJAU,16,2026-09-01,2026-09-24,False
61451,VIACAO GRAJAU,16,2026-09-01,2026-09-24,False
61452,VIACAO GRAJAU,15,2026-09-01,2026-09-24,False
61453,VIACAO GRAJAU,16,2026-09-01,2026-09-24,False
61454,VIACAO GRAJAU,16,2026-09-01,2026-09-24,True
61455,VIACAO GRAJAU,16,2026-09-01,2026-09-24,False
61456,VIACAO GRAJAU,16,2026-09-01,2026-09-24,False
61457,VIACAO GRAJAU,13,2026-09-01,2026-09-24,False
61458,VIACAO GRAJAU,16,2026-09-01,2026-09-24,False
61471,VIACAO GRAJAU,8,2026-09-15,2026-09-24,False
61472,VIACAO GRAJAU,8,2026-09-15,2026-09-24,False
61511,VIACAO GRAJAU,16,2026-09-01,2026-09-24,True
61512,VIACAO GRAJAU,16,2026-09-01,2026-09-24,False
61513,VIACAO GRAJAU,16,2026-09-01,2026-09-24,False
61514,VIACAO GRAJAU,14,2026-09-01,2026-09-24,False
61515,VIACAO GRAJAU,16,2026-09-01,2026-09-24,False
61516,VIACAO GRAJAU,16,2026-09-01,2026-09-24,False
61517,VIACAO GRAJAU,16,2026-09-01,2026-09-24,False
61518,VIACAO GRAJAU,16,2026-09-01,2026-09-24,False
61519,VIACAO GRAJAU,16,2026-09-01,2026-09-24,False
61520,VIACAO GRAJAU,16,2026-09-01,2026-09-24,False
61521,VIACAO GRAJAU,16,2026-09-01,2026-09-24,False
61523,VIACAO GRAJAU,16,2026-09-01,2026-09-24,False
61524,VIACAO GRAJAU,16,2026-09-01,2026-09-24,False
61531,VIACAO GRAJAU,16,2026-09-01,2026-09-24,False
61532,VIACAO GRAJAU,16,2026-09-01,2026-09-24,False
61533,VIACAO GRAJAU,16,2026-09-01,2026-09-24,False
61534,VIACAO GRAJAU,4,2026-09-21,2026-09-24,False
61535,VIACAO GRAJAU,10,2026-09-08,2026-09-24,False
61536,VIACAO GRAJAU,16,2026-09-01,2026-09-24,False
61537,VIACAO GRAJAU,16,2026-09-01,2026-09-24,False
61538,VIACAO GRAJAU,9,2026-09-01,2026-09-23,False
61539,VIACAO GRAJAU,10,2026-09-10,2026-09-24,False
61540,VIACAO GRAJAU,16,2026-09-01,2026-09-24,False
61541,VIACAO GRAJAU,16,2026-09-01,2026-09-24,False
61542,VIACAO GRAJAU,12,2026-09-01,2026-09-18,False
61543,VIACAO GRAJAU,16,2026-09-01,2026-09-24,False
61544,VIACAO GRAJAU,16,2026-09-01,2026-09-24,False
61545,VIACAO GRAJAU,16,2026-09-01,2026-09-24,False
61546,VIACAO GRAJAU,16,2026-09-01,2026-09-24,False
61547,VIACAO GRAJAU,16,2026-09-01,2026-09-24,False
61548,VIACAO GRAJAU,16,2026-09-01,2026-09-24,False
61549,VIACAO GRAJAU,16,2026-09-01,2026-09-24,False
61550,VIACAO GRAJAU,14,2026-09-01,2026-09-24,False
61551,VIACAO GRAJAU,16,2026-09-01,2026-09-24,False
61552,VIACAO GRAJAU,16,2026-09-01,2026-09-24,False
61553,VIACAO GRAJAU,16,2026-09-01,2026-09-24,False
61554,VIACAO GRAJAU,16,2026-09-01,2026-09-24,False
61555,VIACAO GRAJAU,16,2026-09-01,2026-09-24,False
61556,VIACAO GRAJAU,16,2026-09-01,2026-09-24,False
61557,VIACAO GRAJAU,16,2026-09-01,2026-09-24,False
61558,VIACAO GRAJAU,16,2026-09-01,2026-09-24,False
61559,VIACAO GRAJAU,16,2026-09-01,2026-09-24,False
61560,VIACAO GRAJAU,16,2026-09-01,2026-09-24,False
61561,VIACAO GRAJAU,16,2026-09-01,2026-09-24,False
61562,VIACAO GRAJAU,16,2026-09-01,2026-09-24,False
61563,VIACAO GRAJAU,16,2026-09-01,2026-09-24,False
61564,VIACAO GRAJAU,9,2026-09-01,2026-09-15,False
61566,VIACAO GRAJAU,16,2026-09-01,2026-09-24,False
61567,VIACAO GRAJAU,16,2026-09-01,2026-09-24,False
61568,VIACAO GRAJAU,16,2026-09-01,2026-09-24,False
61569,VIACAO GRAJAU,16,2026-09-01,2026-09-24,False
61570,VIACAO GRAJAU,16,2026-09-01,2026-09-24,False
61571,VIACAO GRAJAU,16,2026-09-01,2026-09-24,True
61572,VIACAO GRAJAU,16,2026-09-01,2026-09-24,False
61573,VIACAO GRAJAU,16,2026-09-01,2026-09-24,False
61574,VIACAO GRAJAU,16,2026-09-01,2026-09-24,False
61575,VIACAO GRAJAU,16,2026-09-01,2026-09-24,False
61582,VIACAO GRAJAU,16,2026-09-01,2026-09-24,False
61584,VIACAO GRAJAU,16,2026-09-01,2026-09-24,False
61585,VIACAO GRAJAU,16,2026-09-01,2026-09-24,False
61586,VIACAO GRAJAU,16,2026-09-01,2026-09-24,False
61587,VIACAO GRAJAU,16,2026-09-01,2026-09-24,True
61588,VIACAO GRAJAU,16,2026-09-01,2026-09-24,False
61589,VIACAO GRAJAU,15,2026-09-02,2026-09-24,True
61590,VIACAO GRAJAU,16,2026-09-01,2026-09-24,False
61591,VIACAO GRAJAU,16,2026-09-01,2026-09-24,False
61593,VIACAO GRAJAU,16,2026-09-01,2026-09-24,False
61594,VIACAO GRAJAU,16,2026-09-01,2026-09-24,False
61640,VIACAO GRAJAU,16,2026-09-01,2026-09-24,False
61641,VIACAO GRAJAU,16,2026-09-01,2026-09-24,False
61642,VIACAO GRAJAU,15,2026-09-01,2026-09-24,False
61643,VIACAO GRAJAU,16,2026-09-01,2026-09-24,False
61644,VIACAO GRAJAU,16,2026-09-01,2026-09-24,False
61645,VIACAO GRAJAU,16,2026-09-01,2026-09-24,False
61646,VIACAO GRAJAU,16,2026-09-01,2026-09-24,False
61647,VIACAO GRAJAU,16,2026-09-01,2026-09-24,False
61648,VIACAO GRAJAU,16,2026-09-01,2026-09-24,False
61649,VIACAO GRAJAU,16,2026-09-01,2026-09-24,False
61650,VIACAO GRAJAU,16,2026-09-01,2026-09-24,False
61651,VIACAO GRAJAU,16,2026-09-01,2026-09-24,True
61652,VIACAO GRAJAU,16,2026-09-01,2026-09-24,False
61653,VIACAO GRAJAU,16,2026-09-01,2026-09-24,False
61654,VIACAO GRAJAU,16,2026-09-01,2026-09-24,True
61655,VIACAO GRAJAU,16,2026-09-01,2026-09-24,False
61656,VIACAO GRAJAU,16,2026-09-01,2026-09-24,False
61657,VIACAO GRAJAU,16,2026-09-01,2026-09-24,False
61658,VIACAO GRAJAU,16,2026-09-01,2026-09-24,False
61659,VIACAO GRAJAU,16,2026-09-01,2026-09-24,False
61660,VIACAO GRAJAU,16,2026-09-01,2026-09-24,False
61661,VIACAO GRAJAU,16,2026-09-01,2026-09-24,False
61662,VIACAO GRAJAU,16,2026-09-01,2026-09-24,False
61663,VIACAO GRAJAU,16,2026-09-01,2026-09-24,False
61664,VIACAO GRAJAU,16,2026-09-01,2026-09-24,False
61665,VIACAO GRAJAU,10,2026-09-10,2026-09-24,False
61666,VIACAO GRAJAU,16,2026-09-01,2026-09-24,False
61667,VIACAO GRAJAU,16,2026-09-01,2026-09-24,False
61668,VIACAO GRAJAU,16,2026-09-01,2026-09-24,False
61669,VIACAO GRAJAU,15,2026-09-01,2026-09-24,False
61670,VIACAO GRAJAU,16,2026-09-01,2026-09-24,False
61671,VIACAO GRAJAU,16,2026-09-01,2026-09-24,False
61672,VIACAO GRAJAU,15,2026-09-01,2026-09-24,False
61675,VIACAO GRAJAU,16,2026-09-01,2026-09-24,False
61676,VIACAO GRAJAU,16,2026-09-01,2026-09-24,False
61677,VIACAO GRAJAU,16,2026-09-01,2026-09-24,False
61678,VIACAO GRAJAU,16,2026-09-01,2026-09-24,False
61679,VIACAO GRAJAU,16,2026-09-01,2026-09-24,False
61680,VIACAO GRAJAU,16,2026-09-01,2026-09-24,False
61681,VIACAO GRAJAU,16,2026-09-01,2026-09-24,False
61682,VIACAO GRAJAU,16,2026-09-01,2026-09-24,False
61683,VIACAO GRAJAU,16,2026-09-01,2026-09-24,False
61684,VIACAO GRAJAU,15,2026-09-01,2026-09-24,False
61735,VIACAO GRAJAU,16,2026-09-01,2026-09-24,False
61736,VIACAO GRAJAU,16,2026-09-01,2026-09-24,False
61737,VIACAO GRAJAU,16,2026-09-01,2026-09-24,False
61739,VIACAO GRAJAU,16,2026-09-01,2026-09-24,False
61740,VIACAO GRAJAU,16,2026-09-01,2026-09-24,False
61741,VIACAO GRAJAU,16,2026-09-01,2026-09-24,False
61742,VIACAO GRAJAU,16,2026-09-01,2026-09-24,False
61743,VIACAO GRAJAU,12,2026-09-01,2026-09-24,False
61744,VIACAO GRAJAU,16,2026-09-01,2026-09-24,False
61745,VIACAO GRAJAU,16,2026-09-01,2026-09-24,False
61746,VIACAO GRAJAU,16,2026-09-01,2026-09-24,False
61747,VIACAO GRAJAU,16,2026-09-01,2026-09-24,False
61748,VIACAO GRAJAU,16,2026-09-01,2026-09-24,False
61749,VIACAO GRAJAU,16,2026-09-01,2026-09-24,False
61750,VIACAO GRAJAU,16,2026-09-01,2026-09-24,False
61751,VIACAO GRAJAU,16,2026-09-01,2026-09-24,False
61752,VIACAO GRAJAU,16,2026-09-01,2026-09-24,False
61753,VIACAO GRAJAU,16,2026-09-01,2026-09-24,False
61754,VIACAO GRAJAU,16,2026-09-01,2026-09-24,False
61755,VIACAO GRAJAU,16,2026-09-01,2026-09-24,False
61756,VIACAO GRAJAU,14,2026-09-01,2026-09-24,False
61757,VIACAO GRAJAU,16,2026-09-01,2026-09-24,False
61758,VIACAO GRAJAU,15,2026-09-01,2026-09-24,False
61759,VIACAO GRAJAU,15,2026-09-01,2026-09-24,False
61760,VIACAO GRAJAU,16,2026-09-01,2026-09-24,False
61761,VIACAO GRAJAU,16,2026-09-01,2026-09-24,False
61762,VIACAO GRAJAU,16,2026-09-01,2026-09-24,False
61763,VIACAO GRAJAU,16,2026-09-01,2026-09-24,False
61764,VIACAO GRAJAU,16,2026-09-01,2026-09-24,False
61765,VIACAO GRAJAU,16,2026-09-01,2026-09-24,False
61766,VIACAO GRAJAU,14,2026-09-01,2026-09-24,True
61767,VIACAO GRAJAU,16,2026-09-01,2026-09-24,False
61768,VIACAO GRAJAU,16,2026-09-01,2026-09-24,False
61769,VIACAO GRAJAU,14,2026-09-01,2026-09-24,False
61770,VIACAO GRAJAU,16,2026-09-01,2026-09-24,False
61771,VIACAO GRAJAU,15,2026-09-01,2026-09-24,False
61772,VIACAO GRAJAU,11,2026-09-09,2026-09-24,False
61773,VIACAO GRAJAU,16,2026-09-01,2026-09-24,False
61774,VIACAO GRAJAU,1,2026-09-23,2026-09-23,False
61775,VIACAO GRAJAU,16,2026-09-01,2026-09-24,False
61777,VIACAO GRAJAU,16,2026-09-01,2026-09-24,False
61778,VIACAO GRAJAU,16,2026-09-01,2026-09-24,False
61779,VIACAO GRAJAU,16,2026-09-01,2026-09-24,False
61780,VIACAO GRAJAU,16,2026-09-01,2026-09-24,False
61781,VIACAO GRAJAU,3,2026-09-01,2026-09-03,False
61782,VIACAO GRAJAU,16,2026-09-01,2026-09-24,False
61783,VIACAO GRAJAU,16,2026-09-01,2026-09-24,False
61784,VIACAO GRAJAU,16,2026-09-01,2026-09-24,False
61785,VIACAO GRAJAU,16,2026-09-01,2026-09-24,False
61786,VIACAO GRAJAU,16,2026-09-01,2026-09-24,False
61787,VIACAO GRAJAU,16,2026-09-01,2026-09-24,False
61788,VIACAO GRAJAU,16,2026-09-01,2026-09-24,False
61789,VIACAO GRAJAU,16,2026-09-01,2026-09-24,False
61790,VIACAO GRAJAU,16,2026-09-01,2026-09-24,False
61791,VIACAO GRAJAU,16,2026-09-01,2026-09-24,False
61792,VIACAO GRAJAU,16,2026-09-01,2026-09-24,False
61793,VIACAO GRAJAU,16,2026-09-01,2026-09-24,True
61794,VIACAO GRAJAU,16,2026-09-01,2026-09-24,False
61795,VIACAO GRAJAU,16,2026-09-01,2026-09-24,False
61796,VIACAO GRAJAU,16,2026-09-01,2026-09-24,False
61797,VIACAO GRAJAU,16,2026-09-01,2026-09-24,False
61798,VIACAO GRAJAU,16,2026-09-01,2026-09-24,False
61799,VIACAO GRAJAU,16,2026-09-01,2026-09-24,False
61800,VIACAO GRAJAU,16,2026-09-01,2026-09-24,False
61801,VIACAO GRAJAU,16,2026-09-01,2026-09-24,False
61802,VIACAO GRAJAU,16,2026-09-01,2026-09-24,False
61803,VIACAO GRAJAU,13,2026-09-01,2026-09-24,False
61804,VIACAO GRAJAU,16,2026-09-01,2026-09-24,False
61805,VIACAO GRAJAU,16,2026-09-01,2026-09-24,False
61806,VIACAO GRAJAU,16,2026-09-01,2026-09-24,False
61807,VIACAO GRAJAU,16,2026-09-01,2026-09-24,False
61808,VIACAO GRAJAU,16,2026-09-01,2026-09-24,False
61809,VIACAO GRAJAU,16,2026-09-01,2026-09-24,False
61810,VIACAO GRAJAU,16,2026-09-01,2026-09-24,False
61811,VIACAO GRAJAU,14,2026-09-01,2026-09-24,False
61812,VIACAO GRAJAU,16,2026-09-01,2026-09-24,False
61813,VIACAO GRAJAU,10,2026-09-10,2026-09-24,False
61814,VIACAO GRAJAU,16,2026-09-01,2026-09-24,False
61815,VIACAO GRAJAU,16,2026-09-01,2026-09-24,False
61816,VIACAO GRAJAU,16,2026-09-01,2026-09-24,False
61817,VIACAO GRAJAU,16,2026-09-01,2026-09-24,False
61818,VIACAO GRAJAU,16,2026-09-01,2026-09-24,False
61819,VIACAO GRAJAU,16,2026-09-01,2026-09-24,False
68001,A2 TRANSPORTES,16,2026-09-01,2026-09-24,False
68002,A2 TRANSPORTES,16,2026-09-01,2026-09-24,False
68007,A2 TRANSPORTES,16,2026-09-01,2026-09-24,False
68010,A2 TRANSPORTES,16,2026-09-01,2026-09-24,False
68011,A2 TRANSPORTES,16,2026-09-01,2026-09-24,False
68012,A2 TRANSPORTES,16,2026-09-01,2026-09-24,False
68013,A2 TRANSPORTES,16,2026-09-01,2026-09-24,False
68014,A2 TRANSPORTES,16,2026-09-01,2026-09-24,False
68015,A2 TRANSPORTES,4,2026-09-15,2026-09-18,False
68017,A2 TRANSPORTES,16,2026-09-01,2026-09-24,False
68018,A2 TRANSPORTES,11,2026-09-04,2026-09-24,False
68019,A2 TRANSPORTES,16,2026-09-01,2026-09-24,False
68021,A2 TRANSPORTES,16,2026-09-01,2026-09-24,False
68023,A2 TRANSPORTES,16,2026-09-01,2026-09-24,False
68024,A2 TRANSPORTES,16,2026-09-01,2026-09-24,False
68028,A2 TRANSPORTES,16,2026-09-01,2026-09-24,False
68029,A2 TRANSPORTES,7,2026-09-16,2026-09-24,False
68035,A2 TRANSPORTES,16,2026-09-01,2026-09-24,False
68038,A2 TRANSPORTES,16,2026-09-01,2026-09-24,False
68040,A2 TRANSPORTES,14,2026-09-01,2026-09-24,False
68041,A2 TRANSPORTES,16,2026-09-01,2026-09-24,False
68042,A2 TRANSPORTES,16,2026-09-01,2026-09-24,False
68043,A2 TRANSPORTES,16,2026-09-01,2026-09-24,True
68044,A2 TRANSPORTES,16,2026-09-01,2026-09-24,False
68046,A2 TRANSPORTES,16,2026-09-01,2026-09-24,False
68047,A2 TRANSPORTES,16,2026-09-01,2026-09-24,False
68050,A2 TRANSPORTES,16,2026-09-01,2026-09-24,False
68052,A2 TRANSPORTES,15,2026-09-01,2026-09-24,False
68053,A2 TRANSPORTES,15,2026-09-01,2026-09-24,False
68054,A2 TRANSPORTES,16,2026-09-01,2026-09-24,False
68055,A2 TRANSPORTES,16,2026-09-01,2026-09-24,False
68059,A2 TRANSPORTES,16,2026-09-01,2026-09-24,False
68060,A2 TRANSPORTES,16,2026-09-01,2026-09-24,False
68062,A2 TRANSPORTES,10,2026-09-01,2026-09-24,False
68064,A2 TRANSPORTES,16,2026-09-01,2026-09-24,False
68067,A2 TRANSPORTES,16,2026-09-01,2026-09-24,False
68068,A2 TRANSPORTES,16,2026-09-01,2026-09-24,False
68069,A2 TRANSPORTES,16,2026-09-01,2026-09-24,False
68070,A2 TRANSPORTES,6,2026-09-11,2026-09-24,False
68072,A2 TRANSPORTES,16,2026-09-01,2026-09-24,False
68073,A2 TRANSPORTES,16,2026-09-01,2026-09-24,False
68074,A2 TRANSPORTES,16,2026-09-01,2026-09-24,False
68077,A2 TRANSPORTES,15,2026-09-02,2026-09-24,False
68079,A2 TRANSPORTES,5,2026-09-10,2026-09-24,False
68080,A2 TRANSPORTES,10,2026-09-10,2026-09-24,False
68085,A2 TRANSPORTES,16,2026-09-01,2026-09-24,False
68086,A2 TRANSPORTES,16,2026-09-01,2026-09-24,False
68087,A2 TRANSPORTES,10,2026-09-02,2026-09-24,False
68096,A2 TRANSPORTES,16,2026-09-01,2026-09-24,False
68097,A2 TRANSPORTES,16,2026-09-01,2026-09-24,False
68100,A2 TRANSPORTES,16,2026-09-01,2026-09-24,False
68103,A2 TRANSPORTES,16,2026-09-01,2026-09-24,False
68104,A2 TRANSPORTES,16,2026-09-01,2026-09-24,False
68107,A2 TRANSPORTES,7,2026-09-01,2026-09-10,False
68111,A2 TRANSPORTES,16,2026-09-01,2026-09-24,False
68115,A2 TRANSPORTES,7,2026-09-02,2026-09-11,False
68116,A2 TRANSPORTES,16,2026-09-01,2026-09-24,False
68117,A2 TRANSPORTES,16,2026-09-01,2026-09-24,False
68120,A2 TRANSPORTES,16,2026-09-01,2026-09-24,False
68122,A2 TRANSPORTES,12,2026-09-08,2026-09-24,False
68127,A2 TRANSPORTES,16,2026-09-01,2026-09-24,False
68128,A2 TRANSPORTES,9,2026-09-11,2026-09-24,False
68130,A2 TRANSPORTES,16,2026-09-01,2026-09-24,False
68131,A2 TRANSPORTES,16,2026-09-01,2026-09-24,False
68133,A2 TRANSPORTES,16,2026-09-01,2026-09-24,False
68135,A2 TRANSPORTES,16,2026-09-01,2026-09-24,False
68136,A2 TRANSPORTES,13,2026-09-04,2026-09-24,False
68138,A2 TRANSPORTES,16,2026-09-01,2026-09-24,False
68139,A2 TRANSPORTES,16,2026-09-01,2026-09-24,False
68142,A2 TRANSPORTES,16,2026-09-01,2026-09-24,False
68143,A2 TRANSPORTES,16,2026-09-01,2026-09-24,False
68147,A2 TRANSPORTES,16,2026-09-01,2026-09-24,False
68151,A2 TRANSPORTES,16,2026-09-01,2026-09-24,False
68153,A2 TRANSPORTES,16,2026-09-01,2026-09-24,False
68154,A2 TRANSPORTES,16,2026-09-01,2026-09-24,False
68155,A2 TRANSPORTES,16,2026-09-01,2026-09-24,False
68157,A2 TRANSPORTES,16,2026-09-01,2026-09-24,False
68159,A2 TRANSPORTES,16,2026-09-01,2026-09-24,False
68160,A2 TRANSPORTES,16,2026-09-01,2026-09-24,False
68162,A2 TRANSPORTES,16,2026-09-01,2026-09-24,False
68172,A2 TRANSPORTES,16,2026-09-01,2026-09-24,False
68173,A2 TRANSPORTES,16,2026-09-01,2026-09-24,False
68174,A2 TRANSPORTES,16,2026-09-01,2026-09-24,False
68175,A2 TRANSPORTES,16,2026-09-01,2026-09-24,False
68177,A2 TRANSPORTES,14,2026-09-01,2026-09-24,False
68179,A2 TRANSPORTES,15,2026-09-02,2026-09-24,False
68181,A2 TRANSPORTES,16,2026-09-01,2026-09-24,False
68182,A2 TRANSPORTES,16,2026-09-01,2026-09-24,False
68183,A2 TRANSPORTES,2,2026-09-15,2026-09-16,False
68184,A2 TRANSPORTES,16,2026-09-01,2026-09-24,False
68185,A2 TRANSPORTES,16,2026-09-01,2026-09-24,False
68186,A2 TRANSPORTES,16,2026-09-01,2026-09-24,False
68190,A2 TRANSPORTES,16,2026-09-01,2026-09-24,False
68191,A2 TRANSPORTES,4,2026-09-03,2026-09-09,False
68192,A2 TRANSPORTES,16,2026-09-01,2026-09-24,False
68194,A2 TRANSPORTES,16,2026-09-01,2026-09-24,False
68195,A2 TRANSPORTES,16,2026-09-01,2026-09-24,False
68196,A2 TRANSPORTES,1,2026-09-24,2026-09-24,False
68199,A2 TRANSPORTES,16,2026-09-01,2026-09-24,False
68201,A2 TRANSPORTES,16,2026-09-01,2026-09-24,False
68202,A2 TRANSPORTES,16,2026-09-01,2026-09-24,False
68203,A2 TRANSPORTES,16,2026-09-01,2026-09-24,False
68205,A2 TRANSPORTES,16,2026-09-01,2026-09-24,False
68211,A2 TRANSPORTES,16,2026-09-01,2026-09-24,False
68212,A2 TRANSPORTES,16,2026-09-01,2026-09-24,False
68216,A2 TRANSPORTES,16,2026-09-01,2026-09-24,False
68218,A2 TRANSPORTES,16,2026-09-01,2026-09-24,False
68219,A2 TRANSPORTES,16,2026-09-01,2026-09-24,False
68221,A2 TRANSPORTES,8,2026-09-01,2026-09-18,False
68225,A2 TRANSPORTES,16,2026-09-01,2026-09-24,False
68230,A2 TRANSPORTES,16,2026-09-01,2026-09-24,False
68236,A2 TRANSPORTES,9,2026-09-03,2026-09-24,False
68237,A2 TRANSPORTES,15,2026-09-01,2026-09-24,False
68240,A2 TRANSPORTES,16,2026-09-01,2026-09-24,False
68242,A2 TRANSPORTES,16,2026-09-01,2026-09-24,False
68243,A2 TRANSPORTES,15,2026-09-02,2026-09-24,False
68244,A2 TRANSPORTES,14,2026-09-01,2026-09-24,False
68245,A2 TRANSPORTES,15,2026-09-02,2026-09-24,False
68246,A2 TRANSPORTES,16,2026-09-01,2026-09-24,False
68247,A2 TRANSPORTES,3,2026-09-16,2026-09-24,False
68248,A2 TRANSPORTES,16,2026-09-01,2026-09-24,False
68249,A2 TRANSPORTES,16,2026-09-01,2026-09-24,False
68250,A2 TRANSPORTES,7,2026-09-01,2026-09-24,False
68252,A2 TRANSPORTES,16,2026-09-01,2026-09-24,False
68253,A2 TRANSPORTES,16,2026-09-01,2026-09-24,False
68256,A2 TRANSPORTES,14,2026-09-01,2026-09-24,False
68258,A2 TRANSPORTES,16,2026-09-01,2026-09-24,False
68261,A2 TRANSPORTES,16,2026-09-01,2026-09-24,False
68263,A2 TRANSPORTES,2,2026-09-03,2026-09-04,False
68265,A2 TRANSPORTES,16,2026-09-01,2026-09-24,False
68266,A2 TRANSPORTES,16,2026-09-01,2026-09-24,False
68267,A2 TRANSPORTES,16,2026-09-01,2026-09-24,False
68269,A2 TRANSPORTES,16,2026-09-01,2026-09-24,False
68270,A2 TRANSPORTES,8,2026-09-15,2026-09-24,False
68271,A2 TRANSPORTES,13,2026-09-01,2026-09-24,False
68273,A2 TRANSPORTES,16,2026-09-01,2026-09-24,False
68274,A2 TRANSPORTES,16,2026-09-01,2026-09-24,False
68275,A2 TRANSPORTES,2,2026-09-21,2026-09-22,False
68277,A2 TRANSPORTES,16,2026-09-01,2026-09-24,False
68279,A2 TRANSPORTES,16,2026-09-01,2026-09-24,False
68280,A2 TRANSPORTES,15,2026-09-01,2026-09-24,False
68281,A2 TRANSPORTES,1,2026-09-23,2026-09-23,False
68282,A2 TRANSPORTES,16,2026-09-01,2026-09-24,False
68283,A2 TRANSPORTES,14,2026-09-01,2026-09-24,False
68284,A2 TRANSPORTES,15,2026-09-01,2026-09-24,False
68285,A2 TRANSPORTES,16,2026-09-01,2026-09-24,False
68286,A2 TRANSPORTES,16,2026-09-01,2026-09-24,False
68287,A2 TRANSPORTES,16,2026-09-01,2026-09-24,False
68288,A2 TRANSPORTES,12,2026-09-01,2026-09-24,False
68290,A2 TRANSPORTES,15,2026-09-02,2026-09-24,False
68293,A2 TRANSPORTES,16,2026-09-01,2026-09-24,False
68294,A2 TRANSPORTES,16,2026-09-01,2026-09-24,False
68298,A2 TRANSPORTES,16,2026-09-01,2026-09-24,False
68300,A2 TRANSPORTES,3,2026-09-02,2026-09-04,False
68302,A2 TRANSPORTES,3,2026-09-02,2026-09-04,False
68306,A2 TRANSPORTES,14,2026-09-01,2026-09-24,False
68309,A2 TRANSPORTES,5,2026-09-16,2026-09-24,False
68310,A2 TRANSPORTES,16,2026-09-01,2026-09-24,False
68311,A2 TRANSPORTES,16,2026-09-01,2026-09-24,False
68314,A2 TRANSPORTES,3,2026-09-04,2026-09-24,False
68315,A2 TRANSPORTES,16,2026-09-01,2026-09-24,False
68316,A2 TRANSPORTES,16,2026-09-01,2026-09-24,False
68317,A2 TRANSPORTES,16,2026-09-01,2026-09-24,False
68318,A2 TRANSPORTES,16,2026-09-01,2026-09-24,False
68320,A2 TRANSPORTES,16,2026-09-01,2026-09-24,False
68322,A2 TRANSPORTES,12,2026-09-01,2026-09-24,False
68323,A2 TRANSPORTES,16,2026-09-01,2026-09-24,False
68325,A2 TRANSPORTES,16,2026-09-01,2026-09-24,False
68326,A2 TRANSPORTES,16,2026-09-01,2026-09-24,False
68328,A2 TRANSPORTES,16,2026-09-01,2026-09-24,False
68329,A2 TRANSPORTES,16,2026-09-01,2026-09-24,False
68330,A2 TRANSPORTES,16,2026-09-01,2026-09-24,False
68332,A2 TRANSPORTES,14,2026-09-01,2026-09-24,False
68333,A2 TRANSPORTES,16,2026-09-01,2026-09-24,False
68334,A2 TRANSPORTES,15,2026-09-01,2026-09-24,False
68335,A2 TRANSPORTES,16,2026-09-01,2026-09-24,False
68336,A2 TRANSPORTES,3,2026-09-09,2026-09-18,False
68338,A2 TRANSPORTES,16,2026-09-01,2026-09-24,False
68339,A2 TRANSPORTES,16,2026-09-01,2026-09-24,False
68340,A2 TRANSPORTES,8,2026-09-03,2026-09-24,False
68341,A2 TRANSPORTES,7,2026-09-04,2026-09-22,False
68342,A2 TRANSPORTES,16,2026-09-01,2026-09-24,False
68345,A2 TRANSPORTES,16,2026-09-01,2026-09-24,False
68349,A2 TRANSPORTES,10,2026-09-01,2026-09-24,False
68350,A2 TRANSPORTES,16,2026-09-01,2026-09-24,False
68353,A2 TRANSPORTES,16,2026-09-01,2026-09-24,False
68354,A2 TRANSPORTES,16,2026-09-01,2026-09-24,False
68355,A2 TRANSPORTES,16,2026-09-01,2026-09-24,False
68356,A2 TRANSPORTES,16,2026-09-01,2026-09-24,False
68357,A2 TRANSPORTES,16,2026-09-01,2026-09-24,False
68358,A2 TRANSPORTES,16,2026-09-01,2026-09-24,False
68359,A2 TRANSPORTES,16,2026-09-01,2026-09-24,False
68360,A2 TRANSPORTES,16,2026-09-01,2026-09-24,False
68361,A2 TRANSPORTES,16,2026-09-01,2026-09-24,False
68362,A2 TRANSPORTES,16,2026-09-01,2026-09-24,False
68363,A2 TRANSPORTES,16,2026-09-01,2026-09-24,False
68364,A2 TRANSPORTES,16,2026-09-01,2026-09-24,False
68367,A2 TRANSPORTES,16,2026-09-01,2026-09-24,False
68368,A2 TRANSPORTES,16,2026-09-01,2026-09-24,False
68369,A2 TRANSPORTES,3,2026-09-02,2026-09-04,False
68371,A2 TRANSPORTES,16,2026-09-01,2026-09-24,False
68372,A2 TRANSPORTES,16,2026-09-01,2026-09-24,False
68373,A2 TRANSPORTES,16,2026-09-01,2026-09-24,False
68374,A2 TRANSPORTES,7,2026-09-01,2026-09-10,False
68382,A2 TRANSPORTES,16,2026-09-01,2026-09-24,False
68384,A2 TRANSPORTES,16,2026-09-01,2026-09-24,False
68385,A2 TRANSPORTES,16,2026-09-01,2026-09-24,False
68387,A2 TRANSPORTES,15,2026-09-02,2026-09-24,False
68388,A2 TRANSPORTES,16,2026-09-01,2026-09-24,False
68393,A2 TRANSPORTES,1,2026-09-01,2026-09-01,False
68394,A2 TRANSPORTES,16,2026-09-01,2026-09-24,False
68396,A2 TRANSPORTES,16,2026-09-01,2026-09-24,False
68397,A2 TRANSPORTES,16,2026-09-01,2026-09-24,False
68401,A2 TRANSPORTES,16,2026-09-01,2026-09-24,False
68402,A2 TRANSPORTES,16,2026-09-01,2026-09-24,False
68403,A2 TRANSPORTES,16,2026-09-01,2026-09-24,False
68404,A2 TRANSPORTES,15,2026-09-01,2026-09-24,False
68405,A2 TRANSPORTES,16,2026-09-01,2026-09-24,False
68406,A2 TRANSPORTES,16,2026-09-01,2026-09-24,False
68408,A2 TRANSPORTES,16,2026-09-01,2026-09-24,False
68409,A2 TRANSPORTES,16,2026-09-01,2026-09-24,False
68410,A2 TRANSPORTES,16,2026-09-01,2026-09-24,False
68411,A2 TRANSPORTES,16,2026-09-01,2026-09-24,False
68412,A2 TRANSPORTES,16,2026-09-01,2026-09-24,False
68413,A2 TRANSPORTES,16,2026-09-01,2026-09-24,False
68415,A2 TRANSPORTES,16,2026-09-01,2026-09-24,False
68416,A2 TRANSPORTES,16,2026-09-01,2026-09-24,False
68417,A2 TRANSPORTES,16,2026-09-01,2026-09-24,False
68418,A2 TRANSPORTES,9,2026-09-01,2026-09-21,False
68419,A2 TRANSPORTES,13,2026-09-04,2026-09-24,False
68420,A2 TRANSPORTES,7,2026-09-03,2026-09-24,False
68421,A2 TRANSPORTES,16,2026-09-01,2026-09-24,False
68422,A2 TRANSPORTES,16,2026-09-01,2026-09-24,False
68423,A2 TRANSPORTES,16,2026-09-01,2026-09-24,False
68424,A2 TRANSPORTES,16,2026-09-01,2026-09-24,False
68425,A2 TRANSPORTES,16,2026-09-01,2026-09-24,False
68426,A2 TRANSPORTES,16,2026-09-01,2026-09-24,False
68427,A2 TRANSPORTES,16,2026-09-01,2026-09-24,False
68429,A2 TRANSPORTES,16,2026-09-01,2026-09-24,False
68430,A2 TRANSPORTES,16,2026-09-01,2026-09-24,False
68431,A2 TRANSPORTES,16,2026-09-01,2026-09-24,False
68432,A2 TRANSPORTES,16,2026-09-01,2026-09-24,False
68433,A2 TRANSPORTES,16,2026-09-01,2026-09-24,False
68434,A2 TRANSPORTES,16,2026-09-01,2026-09-24,False
68435,A2 TRANSPORTES,10,2026-09-01,2026-09-24,False
68436,A2 TRANSPORTES,16,2026-09-01,2026-09-24,False
68437,A2 TRANSPORTES,16,2026-09-01,2026-09-24,False
68449,A2 TRANSPORTES,16,2026-09-01,2026-09-24,False
68450,A2 TRANSPORTES,13,2026-09-04,2026-09-24,False
68454,A2 TRANSPORTES,15,2026-09-01,2026-09-23,False
68456,A2 TRANSPORTES,8,2026-09-03,2026-09-24,False
68459,A2 TRANSPORTES,11,2026-09-09,2026-09-24,False
68462,A2 TRANSPORTES,16,2026-09-01,2026-09-24,False
68463,A2 TRANSPORTES,16,2026-09-01,2026-09-24,False
68465,A2 TRANSPORTES,16,2026-09-01,2026-09-24,True
68466,A2 TRANSPORTES,16,2026-09-01,2026-09-24,False
68467,A2 TRANSPORTES,16,2026-09-01,2026-09-24,False
68470,A2 TRANSPORTES,16,2026-09-01,2026-09-24,False
68472,A2 TRANSPORTES,15,2026-09-01,2026-09-24,False
68473,A2 TRANSPORTES,16,2026-09-01,2026-09-24,False
68474,A2 TRANSPORTES,16,2026-09-01,2026-09-24,False
68475,A2 TRANSPORTES,16,2026-09-01,2026-09-24,False
68476,A2 TRANSPORTES,2,2026-09-02,2026-09-10,False
68477,A2 TRANSPORTES,16,2026-09-01,2026-09-24,False
68478,A2 TRANSPORTES,16,2026-09-01,2026-09-24,False
68479,A2 TRANSPORTES,16,2026-09-01,2026-09-24,False
68482,A2 TRANSPORTES,3,2026-09-02,2026-09-04,False
68487,A2 TRANSPORTES,16,2026-09-01,2026-09-24,False
68488,A2 TRANSPORTES,16,2026-09-01,2026-09-24,False
68489,A2 TRANSPORTES,16,2026-09-01,2026-09-24,False
68491,A2 TRANSPORTES,16,2026-09-01,2026-09-24,False
68492,A2 TRANSPORTES,12,2026-09-03,2026-09-24,False
68494,A2 TRANSPORTES,16,2026-09-01,2026-09-24,False
68495,A2 TRANSPORTES,7,2026-09-08,2026-09-24,False
68496,A2 TRANSPORTES,16,2026-09-01,2026-09-24,False
68497,A2 TRANSPORTES,11,2026-09-01,2026-09-24,False
68498,A2 TRANSPORTES,16,2026-09-01,2026-09-24,False
68501,A2 TRANSPORTES,9,2026-09-04,2026-09-24,False
68502,A2 TRANSPORTES,16,2026-09-01,2026-09-24,False
68503,A2 TRANSPORTES,14,2026-09-01,2026-09-24,False
68504,A2 TRANSPORTES,16,2026-09-01,2026-09-24,False
68505,A2 TRANSPORTES,16,2026-09-01,2026-09-24,False
68507,A2 TRANSPORTES,16,2026-09-01,2026-09-24,False
68508,A2 TRANSPORTES,16,2026-09-01,2026-09-24,True
68510,A2 TRANSPORTES,16,2026-09-01,2026-09-24,False
68517,A2 TRANSPORTES,16,2026-09-01,2026-09-24,False
68518,A2 TRANSPORTES,1,2026-09-01,2026-09-01,False
68519,A2 TRANSPORTES,16,2026-09-01,2026-09-24,False
68520,A2 TRANSPORTES,16,2026-09-01,2026-09-24,False
68521,A2 TRANSPORTES,16,2026-09-01,2026-09-24,False
68522,A2 TRANSPORTES,16,2026-09-01,2026-09-24,False
68523,A2 TRANSPORTES,16,2026-09-01,2026-09-24,False
68524,A2 TRANSPORTES,16,2026-09-01,2026-09-24,False
68525,A2 TRANSPORTES,16,2026-09-01,2026-09-24,False
68526,A2 TRANSPORTES,16,2026-09-01,2026-09-24,False
68527,A2 TRANSPORTES,16,2026-09-01,2026-09-24,False
68528,A2 TRANSPORTES,16,2026-09-01,2026-09-24,False
68529,A2 TRANSPORTES,14,2026-09-01,2026-09-24,False
68530,A2 TRANSPORTES,16,2026-09-01,2026-09-24,False
68531,A2 TRANSPORTES,16,2026-09-01,2026-09-24,False
68532,A2 TRANSPORTES,16,2026-09-01,2026-09-24,False
68533,A2 TRANSPORTES,16,2026-09-01,2026-09-24,False
68534,A2 TRANSPORTES,16,2026-09-01,2026-09-24,False
68535,A2 TRANSPORTES,16,2026-09-01,2026-09-24,False
68536,A2 TRANSPORTES,16,2026-09-01,2026-09-24,False
68537,A2 TRANSPORTES,16,2026-09-01,2026-09-24,False
68538,A2 TRANSPORTES,16,2026-09-01,2026-09-24,False
68539,A2 TRANSPORTES,16,2026-09-01,2026-09-24,False
68540,A2 TRANSPORTES,16,2026-09-01,2026-09-24,False
68541,A2 TRANSPORTES,16,2026-09-01,2026-09-24,False
68542,A2 TRANSPORTES,16,2026-09-01,2026-09-24,False
68543,A2 TRANSPORTES,16,2026-09-01,2026-09-24,False
68544,A2 TRANSPORTES,16,2026-09-01,2026-09-24,False
68545,A2 TRANSPORTES,16,2026-09-01,2026-09-24,False
68546,A2 TRANSPORTES,16,2026-09-01,2026-09-24,False
68547,A2 TRANSPORTES,16,2026-09-01,2026-09-24,False
68548,A2 TRANSPORTES,16,2026-09-01,2026-09-24,False
68549,A2 TRANSPORTES,16,2026-09-01,2026-09-24,False
68550,A2 TRANSPORTES,16,2026-09-01,2026-09-24,False
68551,A2 TRANSPORTES,16,2026-09-01,2026-09-24,False
68552,A2 TRANSPORTES,16,2026-09-01,2026-09-24,False
68553,A2 TRANSPORTES,16,2026-09-01,2026-09-24,False
68554,A2 TRANSPORTES,16,2026-09-01,2026-09-24,False
68556,A2 TRANSPORTES,16,2026-09-01,2026-09-24,False
68557,A2 TRANSPORTES,16,2026-09-01,2026-09-24,False
68559,A2 TRANSPORTES,16,2026-09-01,2026-09-24,False
68560,A2 TRANSPORTES,16,2026-09-01,2026-09-24,False
68561,A2 TRANSPORTES,16,2026-09-01,2026-09-24,False
68562,A2 TRANSPORTES,15,2026-09-01,2026-09-23,False
68563,A2 TRANSPORTES,16,2026-09-01,2026-09-24,False
68564,A2 TRANSPORTES,16,2026-09-01,2026-09-24,False
68565,A2 TRANSPORTES,15,2026-09-01,2026-09-24,False
68566,A2 TRANSPORTES,16,2026-09-01,2026-09-24,False
68567,A2 TRANSPORTES,16,2026-09-01,2026-09-24,False
68568,A2 TRANSPORTES,16,2026-09-01,2026-09-24,False
68569,A2 TRANSPORTES,16,2026-09-01,2026-09-24,False
68570,A2 TRANSPORTES,16,2026-09-01,2026-09-24,False
68571,A2 TRANSPORTES,16,2026-09-01,2026-09-24,False
68572,A2 TRANSPORTES,16,2026-09-01,2026-09-24,False
68573,A2 TRANSPORTES,16,2026-09-01,2026-09-24,False
68574,A2 TRANSPORTES,16,2026-09-01,2026-09-24,False
68576,A2 TRANSPORTES,16,2026-09-01,2026-09-24,False
68577,A2 TRANSPORTES,16,2026-09-01,2026-09-24,False
68578,A2 TRANSPORTES,16,2026-09-01,2026-09-24,False
68579,A2 TRANSPORTES,3,2026-09-02,2026-09-04,False
68580,A2 TRANSPORTES,16,2026-09-01,2026-09-24,False
68581,A2 TRANSPORTES,16,2026-09-01,2026-09-24,False
68582,A2 TRANSPORTES,16,2026-09-01,2026-09-24,True
68585,A2 TRANSPORTES,16,2026-09-01,2026-09-24,False
68586,A2 TRANSPORTES,16,2026-09-01,2026-09-24,False
68587,A2 TRANSPORTES,16,2026-09-01,2026-09-24,False
68588,A2 TRANSPORTES,4,2026-09-21,2026-09-24,False
68589,A2 TRANSPORTES,4,2026-09-21,2026-09-24,True
68590,A2 TRANSPORTES,4,2026-09-21,2026-09-24,False
68591,A2 TRANSPORTES,15,2026-09-01,2026-09-24,False
68592,A2 TRANSPORTES,6,2026-09-17,2026-09-24,False
68593,A2 TRANSPORTES,16,2026-09-01,2026-09-24,False
68594,A2 TRANSPORTES,4,2026-09-21,2026-09-24,True
68595,A2 TRANSPORTES,4,2026-09-21,2026-09-24,False
68597,A2 TRANSPORTES,4,2026-09-21,2026-09-24,False
68598,A2 TRANSPORTES,4,2026-09-21,2026-09-24,False
68599,A2 TRANSPORTES,4,2026-09-21,2026-09-24,False
68601,A2 TRANSPORTES,4,2026-09-21,2026-09-24,False
68602,A2 TRANSPORTES,16,2026-09-01,2026-09-24,False
68603,A2 TRANSPORTES,4,2026-09-21,2026-09-24,True
68604,A2 TRANSPORTES,4,2026-09-21,2026-09-24,False
68606,A2 TRANSPORTES,4,2026-09-21,2026-09-24,False
68608,A2 TRANSPORTES,16,2026-09-01,2026-09-24,False
68609,A2 TRANSPORTES,16,2026-09-01,2026-09-24,False
68610,A2 TRANSPORTES,4,2026-09-21,2026-09-24,False
68611,A2 TRANSPORTES,4,2026-09-21,2026-09-24,False
68612,A2 TRANSPORTES,4,2026-09-21,2026-09-24,False
68613,A2 TRANSPORTES,4,2026-09-21,2026-09-24,False
68615,A2 TRANSPORTES,4,2026-09-21,2026-09-24,False
68616,A2 TRANSPORTES,4,2026-09-21,2026-09-24,False
68618,A2 TRANSPORTES,4,2026-09-21,2026-09-24,False
68620,A2 TRANSPORTES,4,2026-09-21,2026-09-24,False
68621,A2 TRANSPORTES,4,2026-09-21,2026-09-24,False
68622,A2 TRANSPORTES,12,2026-09-08,2026-09-24,False
68623,A2 TRANSPORTES,13,2026-09-04,2026-09-24,False
68624,A2 TRANSPORTES,4,2026-09-21,2026-09-24,False
68625,A2 TRANSPORTES,4,2026-09-21,2026-09-24,False
68626,A2 TRANSPORTES,4,2026-09-21,2026-09-24,False
68627,A2 TRANSPORTES,16,2026-09-01,2026-09-24,False
68628,A2 TRANSPORTES,4,2026-09-21,2026-09-24,False
68629,A2 TRANSPORTES,4,2026-09-21,2026-09-24,False
68631,A2 TRANSPORTES,4,2026-09-21,2026-09-24,False
68632,A2 TRANSPORTES,4,2026-09-21,2026-09-24,False
68633,A2 TRANSPORTES,4,2026-09-21,2026-09-24,False
68634,A2 TRANSPORTES,16,2026-09-01,2026-09-24,False
68635,A2 TRANSPORTES,4,2026-09-21,2026-09-24,False
68636,A2 TRANSPORTES,16,2026-09-01,2026-09-24,False
68637,A2 TRANSPORTES,4,2026-09-21,2026-09-24,False
68638,A2 TRANSPORTES,4,2026-09-21,2026-09-24,False
68639,A2 TRANSPORTES,4,2026-09-21,2026-09-24,True
68640,A2 TRANSPORTES,4,2026-09-21,2026-09-24,True
68641,A2 TRANSPORTES,4,2026-09-21,2026-09-24,False
68642,A2 TRANSPORTES,4,2026-09-21,2026-09-24,False
68643,A2 TRANSPORTES,4,2026-09-21,2026-09-24,False
68644,A2 TRANSPORTES,4,2026-09-21,2026-09-24,False
68645,A2 TRANSPORTES,4,2026-09-21,2026-09-24,False
68646,A2 TRANSPORTES,4,2026-09-21,2026-09-24,False
68648,A2 TRANSPORTES,4,2026-09-21,2026-09-24,False
68649,A2 TRANSPORTES,3,2026-09-22,2026-09-24,False
68650,A2 TRANSPORTES,4,2026-09-21,2026-09-24,False
68651,A2 TRANSPORTES,16,2026-09-01,2026-09-24,False
68652,A2 TRANSPORTES,4,2026-09-21,2026-09-24,True
68653,A2 TRANSPORTES,1,2026-09-24,2026-09-24,False
68654,A2 TRANSPORTES,3,2026-09-02,2026-09-04,False
68655,A2 TRANSPORTES,4,2026-09-21,2026-09-24,False
68656,A2 TRANSPORTES,4,2026-09-21,2026-09-24,False
68657,A2 TRANSPORTES,4,2026-09-21,2026-09-24,True
68658,A2 TRANSPORTES,4,2026-09-21,2026-09-24,False
68659,A2 TRANSPORTES,4,2026-09-21,2026-09-24,False
68660,A2 TRANSPORTES,4,2026-09-21,2026-09-24,False
68665,A2 TRANSPORTES,14,2026-09-02,2026-09-24,False
68672,A2 TRANSPORTES,16,2026-09-01,2026-09-24,False
68674,A2 TRANSPORTES,16,2026-09-01,2026-09-24,False
68675,A2 TRANSPORTES,16,2026-09-01,2026-09-24,False
68676,A2 TRANSPORTES,3,2026-09-21,2026-09-24,False
68678,A2 TRANSPORTES,11,2026-09-04,2026-09-24,False
68692,A2 TRANSPORTES,16,2026-09-01,2026-09-24,False
68701,A2 TRANSPORTES,16,2026-09-01,2026-09-24,False
68706,A2 TRANSPORTES,16,2026-09-01,2026-09-24,False
68707,A2 TRANSPORTES,16,2026-09-01,2026-09-24,False
68708,A2 TRANSPORTES,16,2026-09-01,2026-09-24,False
68712,A2 TRANSPORTES,8,2026-09-15,2026-09-24,False
68713,A2 TRANSPORTES,11,2026-09-08,2026-09-24,False
68725,A2 TRANSPORTES,16,2026-09-01,2026-09-24,False
68730,A2 TRANSPORTES,16,2026-09-01,2026-09-24,False
68741,A2 TRANSPORTES,16,2026-09-01,2026-09-24,False
68748,A2 TRANSPORTES,16,2026-09-01,2026-09-24,False
68749,A2 TRANSPORTES,16,2026-09-01,2026-09-24,False
68756,A2 TRANSPORTES,16,2026-09-01,2026-09-24,False
68759,A2 TRANSPORTES,16,2026-09-01,2026-09-24,False
68761,A2 TRANSPORTES,16,2026-09-01,2026-09-24,False
68766,A2 TRANSPORTES,16,2026-09-01,2026-09-24,False
68770,A2 TRANSPORTES,3,2026-09-02,2026-09-04,False
68777,A2 TRANSPORTES,16,2026-09-01,2026-09-24,False
68779,A2 TRANSPORTES,13,2026-09-03,2026-09-24,False
68780,A2 TRANSPORTES,16,2026-09-01,2026-09-24,False
68784,A2 TRANSPORTES,16,2026-09-01,2026-09-24,False
68800,A2 TRANSPORTES,16,2026-09-01,2026-09-24,False
68811,A2 TRANSPORTES,12,2026-09-01,2026-09-24,False
68813,A2 TRANSPORTES,16,2026-09-01,2026-09-24,False
68816,A2 TRANSPORTES,16,2026-09-01,2026-09-24,False
68818,A2 TRANSPORTES,5,2026-09-18,2026-09-24,False
68826,A2 TRANSPORTES,16,2026-09-01,2026-09-24,False
68827,A2 TRANSPORTES,16,2026-09-01,2026-09-24,False
68830,A2 TRANSPORTES,16,2026-09-01,2026-09-24,False
68831,A2 TRANSPORTES,16,2026-09-01,2026-09-24,False
68838,A2 TRANSPORTES,16,2026-09-01,2026-09-24,False
68841,A2 TRANSPORTES,3,2026-09-02,2026-09-04,False
68842,A2 TRANSPORTES,13,2026-09-01,2026-09-24,False
68845,A2 TRANSPORTES,16,2026-09-01,2026-09-24,False
68847,A2 TRANSPORTES,16,2026-09-01,2026-09-24,False
68850,A2 TRANSPORTES,16,2026-09-01,2026-09-24,False
68852,A2 TRANSPORTES,16,2026-09-01,2026-09-24,False
68853,A2 TRANSPORTES,16,2026-09-01,2026-09-24,False
68854,A2 TRANSPORTES,16,2026-09-01,2026-09-24,False
68855,A2 TRANSPORTES,16,2026-09-01,2026-09-24,False
68862,A2 TRANSPORTES,3,2026-09-02,2026-09-04,False
68864,A2 TRANSPORTES,8,2026-09-01,2026-09-11,False
68868,A2 TRANSPORTES,16,2026-09-01,2026-09-24,False
68869,A2 TRANSPORTES,16,2026-09-01,2026-09-24,False
68870,A2 TRANSPORTES,16,2026-09-01,2026-09-24,False
68871,A2 TRANSPORTES,16,2026-09-01,2026-09-24,False
68873,A2 TRANSPORTES,14,2026-09-01,2026-09-24,False
68875,A2 TRANSPORTES,16,2026-09-01,2026-09-24,False
68876,A2 TRANSPORTES,16,2026-09-01,2026-09-24,False
68878,A2 TRANSPORTES,16,2026-09-01,2026-09-24,False
68879,A2 TRANSPORTES,16,2026-09-01,2026-09-24,False
68880,A2 TRANSPORTES,16,2026-09-01,2026-09-24,False
68885,A2 TRANSPORTES,16,2026-09-01,2026-09-24,False
68886,A2 TRANSPORTES,8,2026-09-02,2026-09-24,False
68887,A2 TRANSPORTES,10,2026-09-10,2026-09-24,False
68888,A2 TRANSPORTES,16,2026-09-01,2026-09-24,False
68889,A2 TRANSPORTES,15,2026-09-01,2026-09-24,False
68890,A2 TRANSPORTES,16,2026-09-01,2026-09-24,False
68896,A2 TRANSPORTES,16,2026-09-01,2026-09-24,False
68897,A2 TRANSPORTES,16,2026-09-01,2026-09-24,False
68900,A2 TRANSPORTES,8,2026-09-01,2026-09-11,False
68901,A2 TRANSPORTES,9,2026-09-01,2026-09-24,False
68902,A2 TRANSPORTES,16,2026-09-01,2026-09-24,False
68903,A2 TRANSPORTES,16,2026-09-01,2026-09-24,False
68904,A2 TRANSPORTES,16,2026-09-01,2026-09-24,False
68905,A2 TRANSPORTES,9,2026-09-01,2026-09-15,False
68907,A2 TRANSPORTES,16,2026-09-01,2026-09-24,False
68908,A2 TRANSPORTES,8,2026-09-01,2026-09-24,False
68909,A2 TRANSPORTES,16,2026-09-01,2026-09-24,False
68910,A2 TRANSPORTES,16,2026-09-01,2026-09-24,False
68911,A2 TRANSPORTES,15,2026-09-01,2026-09-24,False
68912,A2 TRANSPORTES,14,2026-09-01,2026-09-24,False
68913,A2 TRANSPORTES,4,2026-09-21,2026-09-24,False
68914,A2 TRANSPORTES,16,2026-09-01,2026-09-24,False
68915,A2 TRANSPORTES,16,2026-09-01,2026-09-24,False
68916,A2 TRANSPORTES,16,2026-09-01,2026-09-24,False
68917,A2 TRANSPORTES,16,2026-09-01,2026-09-24,False
68918,A2 TRANSPORTES,16,2026-09-01,2026-09-24,False
68919,A2 TRANSPORTES,16,2026-09-01,2026-09-24,False
68920,A2 TRANSPORTES,16,2026-09-01,2026-09-24,False
68921,A2 TRANSPORTES,16,2026-09-01,2026-09-24,False
68922,A2 TRANSPORTES,16,2026-09-01,2026-09-24,False
68923,A2 TRANSPORTES,11,2026-09-01,2026-09-24,False
68924,A2 TRANSPORTES,16,2026-09-01,2026-09-24,False
68925,A2 TRANSPORTES,16,2026-09-01,2026-09-24,False
68927,A2 TRANSPORTES,16,2026-09-01,2026-09-24,False
68928,A2 TRANSPORTES,7,2026-09-01,2026-09-23,False
68929,A2 TRANSPORTES,16,2026-09-01,2026-09-24,False
68930,A2 TRANSPORTES,16,2026-09-01,2026-09-24,False
68931,A2 TRANSPORTES,16,2026-09-01,2026-09-24,False
68933,A2 TRANSPORTES,16,2026-09-01,2026-09-24,False
68934,A2 TRANSPORTES,16,2026-09-01,2026-09-24,False
68935,A2 TRANSPORTES,16,2026-09-01,2026-09-24,False
68936,A2 TRANSPORTES,14,2026-09-01,2026-09-23,False
68937,A2 TRANSPORTES,16,2026-09-01,2026-09-24,False
68938,A2 TRANSPORTES,7,2026-09-04,2026-09-24,False
68939,A2 TRANSPORTES,16,2026-09-01,2026-09-24,False
68941,A2 TRANSPORTES,10,2026-09-01,2026-09-24,False
68942,A2 TRANSPORTES,16,2026-09-01,2026-09-24,False
68943,A2 TRANSPORTES,14,2026-09-01,2026-09-24,False
68944,A2 TRANSPORTES,16,2026-09-01,2026-09-24,False
73001,METROPOLE PAULISTA - DEPINEDO,16,2026-09-01,2026-09-24,False
73002,METROPOLE PAULISTA - DEPINEDO,16,2026-09-01,2026-09-24,False
73003,METROPOLE PAULISTA - DEPINEDO,16,2026-09-01,2026-09-24,False
73004,METROPOLE PAULISTA - DEPINEDO,16,2026-09-01,2026-09-24,True
73005,METROPOLE PAULISTA - DEPINEDO,16,2026-09-01,2026-09-24,False
73006,METROPOLE PAULISTA - DEPINEDO,16,2026-09-01,2026-09-24,False
73007,METROPOLE PAULISTA - DEPINEDO,16,2026-09-01,2026-09-24,False
73008,METROPOLE PAULISTA - DEPINEDO,14,2026-09-01,2026-09-24,False
73009,METROPOLE PAULISTA - DEPINEDO,16,2026-09-01,2026-09-24,False
73010,METROPOLE PAULISTA - DEPINEDO,16,2026-09-01,2026-09-24,False
73011,METROPOLE PAULISTA - DEPINEDO,16,2026-09-01,2026-09-24,False
73012,METROPOLE PAULISTA - DEPINEDO,16,2026-09-01,2026-09-24,False
73013,METROPOLE PAULISTA - DEPINEDO,16,2026-09-01,2026-09-24,False
73014,METROPOLE PAULISTA - DEPINEDO,16,2026-09-01,2026-09-24,False
73015,METROPOLE PAULISTA - DEPINEDO,16,2026-09-01,2026-09-24,False
73016,METROPOLE PAULISTA - DEPINEDO,16,2026-09-01,2026-09-24,False
73017,METROPOLE PAULISTA - DEPINEDO,16,2026-09-01,2026-09-24,False
73018,METROPOLE PAULISTA - DEPINEDO,16,2026-09-01,2026-09-24,False
73019,METROPOLE PAULISTA - DEPINEDO,16,2026-09-01,2026-09-24,False
73020,METROPOLE PAULISTA - DEPINEDO,16,2026-09-01,2026-09-24,False
73021,METROPOLE PAULISTA - DEPINEDO,16,2026-09-01,2026-09-24,False
73123,METROPOLE PAULISTA - DEPINEDO,16,2026-09-01,2026-09-24,False
73201,METROPOLE - MBOI - MIRIM,16,2026-09-01,2026-09-24,False
73202,METROPOLE - MBOI - MIRIM,16,2026-09-01,2026-09-24,False
73203,METROPOLE - MBOI - MIRIM,16,2026-09-01,2026-09-24,True
73204,METROPOLE - MBOI - MIRIM,16,2026-09-01,2026-09-24,False
73205,METROPOLE - MBOI - MIRIM,16,2026-09-01,2026-09-24,False
73206,METROPOLE - MBOI - MIRIM,16,2026-09-01,2026-09-24,False
73207,METROPOLE - MBOI - MIRIM,16,2026-09-01,2026-09-24,False
73208,METROPOLE - MBOI - MIRIM,16,2026-09-01,2026-09-24,False
73209,METROPOLE - MBOI - MIRIM,16,2026-09-01,2026-09-24,False
73210,METROPOLE - MBOI - MIRIM,13,2026-09-04,2026-09-24,False
73211,METROPOLE - MBOI - MIRIM,16,2026-09-01,2026-09-24,False
73212,METROPOLE - MBOI - MIRIM,16,2026-09-01,2026-09-24,False
73213,METROPOLE - MBOI - MIRIM,16,2026-09-01,2026-09-24,False
73214,METROPOLE - MBOI - MIRIM,16,2026-09-01,2026-09-24,False
73216,METROPOLE - MBOI - MIRIM,16,2026-09-01,2026-09-24,False
73217,METROPOLE - MBOI - MIRIM,16,2026-09-01,2026-09-24,False
73218,METROPOLE - MBOI - MIRIM,16,2026-09-01,2026-09-24,False
73219,METROPOLE - MBOI - MIRIM,16,2026-09-01,2026-09-24,True
73220,METROPOLE - MBOI - MIRIM,16,2026-09-01,2026-09-24,False
73221,METROPOLE - MBOI - MIRIM,16,2026-09-01,2026-09-24,False
73222,METROPOLE - MBOI - MIRIM,16,2026-09-01,2026-09-24,False
73225,METROPOLE - MBOI - MIRIM,16,2026-09-01,2026-09-24,False
73226,METROPOLE - MBOI - MIRIM,16,2026-09-01,2026-09-24,False
73227,METROPOLE - MBOI - MIRIM,16,2026-09-01,2026-09-24,False
73228,METROPOLE - MBOI - MIRIM,16,2026-09-01,2026-09-24,False
73229,METROPOLE - MBOI - MIRIM,16,2026-09-01,2026-09-24,False
73230,METROPOLE - MBOI - MIRIM,16,2026-09-01,2026-09-24,False
73231,METROPOLE - MBOI - MIRIM,16,2026-09-01,2026-09-24,False
73232,METROPOLE - MBOI - MIRIM,16,2026-09-01,2026-09-24,False
73233,METROPOLE - MBOI - MIRIM,16,2026-09-01,2026-09-24,False
73301,METROPOLE PAULISTA - DEPINEDO,16,2026-09-01,2026-09-24,False
73302,METROPOLE PAULISTA - DEPINEDO,16,2026-09-01,2026-09-24,False
73303,METROPOLE PAULISTA - DEPINEDO,16,2026-09-01,2026-09-24,False
73304,METROPOLE PAULISTA - DEPINEDO,16,2026-09-01,2026-09-24,False
73305,METROPOLE PAULISTA - DEPINEDO,16,2026-09-01,2026-09-24,False
73306,METROPOLE PAULISTA - DEPINEDO,16,2026-09-01,2026-09-24,False
73351,METROPOLE - MBOI - MIRIM,16,2026-09-01,2026-09-24,False
73352,METROPOLE - MBOI - MIRIM,16,2026-09-01,2026-09-24,False
73354,METROPOLE - MBOI - MIRIM,16,2026-09-01,2026-09-24,False
73355,METROPOLE - MBOI - MIRIM,16,2026-09-01,2026-09-24,False
73356,METROPOLE - MBOI - MIRIM,16,2026-09-01,2026-09-24,False
73357,METROPOLE - MBOI - MIRIM,8,2026-09-01,2026-09-11,True
73358,METROPOLE - MBOI - MIRIM,16,2026-09-01,2026-09-24,False
73359,METROPOLE - MBOI - MIRIM,16,2026-09-01,2026-09-24,False
73360,METROPOLE - MBOI - MIRIM,16,2026-09-01,2026-09-24,False
73361,METROPOLE - MBOI - MIRIM,16,2026-09-01,2026-09-24,False
73362,METROPOLE - MBOI - MIRIM,16,2026-09-01,2026-09-24,True
73363,METROPOLE - MBOI - MIRIM,16,2026-09-01,2026-09-24,False
73364,METROPOLE - MBOI - MIRIM,16,2026-09-01,2026-09-24,False
73365,METROPOLE - MBOI - MIRIM,16,2026-09-01,2026-09-24,False
73366,METROPOLE - MBOI - MIRIM,16,2026-09-01,2026-09-24,False
73367,METROPOLE - MBOI - MIRIM,16,2026-09-01,2026-09-24,False
73368,METROPOLE - MBOI - MIRIM,16,2026-09-01,2026-09-24,False
73369,METROPOLE - MBOI - MIRIM,16,2026-09-01,2026-09-24,False
73370,METROPOLE - MBOI - MIRIM,2,2026-09-01,2026-09-02,False
73371,METROPOLE - MBOI - MIRIM,16,2026-09-01,2026-09-24,False
73372,METROPOLE - MBOI - MIRIM,16,2026-09-01,2026-09-24,False
73373,METROPOLE - MBOI - MIRIM,16,2026-09-01,2026-09-24,False
73374,METROPOLE - MBOI - MIRIM,16,2026-09-01,2026-09-24,False
73375,METROPOLE - MBOI - MIRIM,16,2026-09-01,2026-09-24,False
73376,METROPOLE - MBOI - MIRIM,16,2026-09-01,2026-09-24,False
73377,METROPOLE - MBOI - MIRIM,16,2026-09-01,2026-09-24,False
73378,METROPOLE - MBOI - MIRIM,16,2026-09-01,2026-09-24,False
73380,METROPOLE - MBOI - MIRIM,16,2026-09-01,2026-09-24,False
73381,METROPOLE - MBOI - MIRIM,16,2026-09-01,2026-09-24,True
73382,METROPOLE - MBOI - MIRIM,16,2026-09-01,2026-09-24,False
73401,METROPOLE - MBOI - MIRIM,16,2026-09-01,2026-09-24,False
73403,METROPOLE - MBOI - MIRIM,16,2026-09-01,2026-09-24,False
73404,METROPOLE PAULISTA - DEPINEDO,16,2026-09-01,2026-09-24,False
73405,METROPOLE PAULISTA - DEPINEDO,16,2026-09-01,2026-09-24,False
73410,METROPOLE - MBOI - MIRIM,16,2026-09-01,2026-09-24,False
73411,METROPOLE - MBOI - MIRIM,16,2026-09-01,2026-09-24,False
73412,METROPOLE - MBOI - MIRIM,16,2026-09-01,2026-09-24,False
73413,METROPOLE - MBOI - MIRIM,16,2026-09-01,2026-09-24,False
73414,METROPOLE - MBOI - MIRIM,16,2026-09-01,2026-09-24,False
73416,METROPOLE - MBOI - MIRIM,16,2026-09-01,2026-09-24,False
73417,METROPOLE - MBOI - MIRIM,16,2026-09-01,2026-09-24,False
73418,METROPOLE - MBOI - MIRIM,16,2026-09-01,2026-09-24,False
73419,METROPOLE - MBOI - MIRIM,16,2026-09-01,2026-09-24,False
73420,METROPOLE - MBOI - MIRIM,16,2026-09-01,2026-09-24,False
73421,METROPOLE - MBOI - MIRIM,16,2026-09-01,2026-09-24,False
73422,METROPOLE - MBOI - MIRIM,16,2026-09-01,2026-09-24,False
73423,METROPOLE - MBOI - MIRIM,16,2026-09-01,2026-09-24,False
73424,METROPOLE - MBOI - MIRIM,16,2026-09-01,2026-09-24,False
73425,METROPOLE - MBOI - MIRIM,16,2026-09-01,2026-09-24,False
73426,METROPOLE - MBOI - MIRIM,16,2026-09-01,2026-09-24,False
73427,METROPOLE - MBOI - MIRIM,16,2026-09-01,2026-09-24,False
73428,METROPOLE - MBOI - MIRIM,15,2026-09-01,2026-09-24,False
73429,METROPOLE - MBOI - MIRIM,16,2026-09-01,2026-09-24,False
73430,METROPOLE - MBOI - MIRIM,16,2026-09-01,2026-09-24,False
73431,METROPOLE - MBOI - MIRIM,16,2026-09-01,2026-09-24,False
73432,METROPOLE - MBOI - MIRIM,16,2026-09-01,2026-09-24,False
73433,METROPOLE - MBOI - MIRIM,16,2026-09-01,2026-09-24,False
73434,METROPOLE - MBOI - MIRIM,16,2026-09-01,2026-09-24,False
73435,METROPOLE - MBOI - MIRIM,16,2026-09-01,2026-09-24,False
73436,METROPOLE - MBOI - MIRIM,16,2026-09-01,2026-09-24,False
73437,METROPOLE - MBOI - MIRIM,16,2026-09-01,2026-09-24,False
73438,METROPOLE - MBOI - MIRIM,16,2026-09-01,2026-09-24,False
73439,METROPOLE - MBOI - MIRIM,16,2026-09-01,2026-09-24,False
73440,METROPOLE - MBOI - MIRIM,16,2026-09-01,2026-09-24,False
73441,METROPOLE - MBOI - MIRIM,16,2026-09-01,2026-09-24,False
73442,METROPOLE - MBOI - MIRIM,16,2026-09-01,2026-09-24,False
73443,METROPOLE - MBOI - MIRIM,16,2026-09-01,2026-09-24,False
73444,METROPOLE - MBOI - MIRIM,16,2026-09-01,2026-09-24,False
73445,METROPOLE - MBOI - MIRIM,16,2026-09-01,2026-09-24,False
73446,METROPOLE - MBOI - MIRIM,16,2026-09-01,2026-09-24,False
73447,METROPOLE - MBOI - MIRIM,16,2026-09-01,2026-09-24,False
73448,METROPOLE - MBOI - MIRIM,16,2026-09-01,2026-09-24,False
73449,METROPOLE - MBOI - MIRIM,16,2026-09-01,2026-09-24,False
73450,METROPOLE - MBOI - MIRIM,16,2026-09-01,2026-09-24,False
73451,METROPOLE - MBOI - MIRIM,16,2026-09-01,2026-09-24,False
73452,METROPOLE - MBOI - MIRIM,16,2026-09-01,2026-09-24,False
73454,METROPOLE - MBOI - MIRIM,16,2026-09-01,2026-09-24,False
73456,METROPOLE - MBOI - MIRIM,16,2026-09-01,2026-09-24,False
73457,METROPOLE - MBOI - MIRIM,16,2026-09-01,2026-09-24,False
73458,METROPOLE - MBOI - MIRIM,16,2026-09-01,2026-09-24,False
73459,METROPOLE - MBOI - MIRIM,16,2026-09-01,2026-09-24,False
73462,METROPOLE - MBOI - MIRIM,16,2026-09-01,2026-09-24,False
73471,METROPOLE - MBOI - MIRIM,16,2026-09-01,2026-09-24,False
73472,METROPOLE - MBOI - MIRIM,16,2026-09-01,2026-09-24,False
73473,METROPOLE - MBOI - MIRIM,16,2026-09-01,2026-09-24,False
73474,METROPOLE - MBOI - MIRIM,16,2026-09-01,2026-09-24,False
73475,METROPOLE - MBOI - MIRIM,16,2026-09-01,2026-09-24,False
73476,METROPOLE - MBOI - MIRIM,16,2026-09-01,2026-09-24,False
73477,METROPOLE - MBOI - MIRIM,16,2026-09-01,2026-09-24,False
73478,METROPOLE - MBOI - MIRIM,16,2026-09-01,2026-09-24,False
73479,METROPOLE - MBOI - MIRIM,16,2026-09-01,2026-09-24,False
73480,METROPOLE - MBOI - MIRIM,16,2026-09-01,2026-09-24,False
73481,METROPOLE - MBOI - MIRIM,16,2026-09-01,2026-09-24,False
73482,METROPOLE - MBOI - MIRIM,16,2026-09-01,2026-09-24,False
73484,METROPOLE - MBOI - MIRIM,16,2026-09-01,2026-09-24,False
73485,METROPOLE - MBOI - MIRIM,16,2026-09-01,2026-09-24,False
73486,METROPOLE - MBOI - MIRIM,16,2026-09-01,2026-09-24,False
73487,METROPOLE PAULISTA - DEPINEDO,16,2026-09-01,2026-09-24,False
73488,METROPOLE PAULISTA - DEPINEDO,16,2026-09-01,2026-09-24,False
73489,METROPOLE PAULISTA - DEPINEDO,16,2026-09-01,2026-09-24,False
73490,METROPOLE PAULISTA - DEPINEDO,16,2026-09-01,2026-09-24,False
73500,METROPOLE PAULISTA - DEPINEDO,16,2026-09-01,2026-09-24,False
73501,METROPOLE PAULISTA - DEPINEDO,16,2026-09-01,2026-09-24,False
73502,METROPOLE PAULISTA - DEPINEDO,16,2026-09-01,2026-09-24,False
73503,METROPOLE PAULISTA - DEPINEDO,14,2026-09-01,2026-09-22,False
73504,METROPOLE PAULISTA - DEPINEDO,16,2026-09-01,2026-09-24,False
73600,METROPOLE - MBOI - MIRIM,16,2026-09-01,2026-09-24,False
73606,METROPOLE - MBOI - MIRIM,16,2026-09-01,2026-09-24,False
73607,METROPOLE - MBOI - MIRIM,16,2026-09-01,2026-09-24,False
73609,METROPOLE - MBOI - MIRIM,16,2026-09-01,2026-09-24,False
73610,METROPOLE - MBOI - MIRIM,16,2026-09-01,2026-09-24,False
73611,METROPOLE - MBOI - MIRIM,16,2026-09-01,2026-09-24,False
73612,METROPOLE - MBOI - MIRIM,16,2026-09-01,2026-09-24,True
73613,METROPOLE - MBOI - MIRIM,16,2026-09-01,2026-09-24,False
73614,METROPOLE - MBOI - MIRIM,16,2026-09-01,2026-09-24,True
73615,METROPOLE - MBOI - MIRIM,16,2026-09-01,2026-09-24,False
73616,METROPOLE - MBOI - MIRIM,13,2026-09-04,2026-09-24,False
73617,METROPOLE - MBOI - MIRIM,16,2026-09-01,2026-09-24,False
73618,METROPOLE - MBOI - MIRIM,16,2026-09-01,2026-09-24,False
73619,METROPOLE - MBOI - MIRIM,10,2026-09-10,2026-09-24,False
73620,METROPOLE - MBOI - MIRIM,16,2026-09-01,2026-09-24,False
73621,METROPOLE - MBOI - MIRIM,16,2026-09-01,2026-09-24,False
73622,METROPOLE - MBOI - MIRIM,16,2026-09-01,2026-09-24,False
73623,METROPOLE - MBOI - MIRIM,16,2026-09-01,2026-09-24,False
73624,METROPOLE - MBOI - MIRIM,16,2026-09-01,2026-09-24,False
73631,METROPOLE - MBOI - MIRIM,16,2026-09-01,2026-09-24,False
73632,METROPOLE - MBOI - MIRIM,16,2026-09-01,2026-09-24,False
73634,METROPOLE - MBOI - MIRIM,6,2026-09-01,2026-09-24,False
73635,METROPOLE - MBOI - MIRIM,16,2026-09-01,2026-09-24,False
73636,METROPOLE - MBOI - MIRIM,16,2026-09-01,2026-09-24,False
73637,METROPOLE - MBOI - MIRIM,16,2026-09-01,2026-09-24,False
73638,METROPOLE - MBOI - MIRIM,16,2026-09-01,2026-09-24,False
73639,METROPOLE - MBOI - MIRIM,16,2026-09-01,2026-09-24,False
73640,METROPOLE - MBOI - MIRIM,16,2026-09-01,2026-09-24,False
73641,METROPOLE - MBOI - MIRIM,16,2026-09-01,2026-09-24,False
73642,METROPOLE - MBOI - MIRIM,16,2026-09-01,2026-09-24,True
73643,METROPOLE - MBOI - MIRIM | METROPOLE PAULISTA - DEPINEDO,16,2026-09-01,2026-09-24,False
73644,METROPOLE - MBOI - MIRIM | METROPOLE PAULISTA - DEPINEDO,16,2026-09-01,2026-09-24,False
73645,METROPOLE - MBOI - MIRIM | METROPOLE PAULISTA - DEPINEDO,16,2026-09-01,2026-09-24,False
73646,METROPOLE - MBOI - MIRIM | METROPOLE PAULISTA - DEPINEDO,12,2026-09-01,2026-09-18,False
73647,METROPOLE - MBOI - MIRIM | METROPOLE PAULISTA - DEPINEDO,16,2026-09-01,2026-09-24,False
73648,METROPOLE - MBOI - MIRIM | METROPOLE PAULISTA - DEPINEDO,16,2026-09-01,2026-09-24,False
73767,METROPOLE PAULISTA - DEPINEDO,9,2026-09-11,2026-09-24,True
73768,METROPOLE PAULISTA - DEPINEDO,15,2026-09-02,2026-09-24,False
73770,METROPOLE PAULISTA - DEPINEDO,15,2026-09-02,2026-09-24,False
73771,METROPOLE PAULISTA - DEPINEDO,16,2026-09-01,2026-09-24,False
73773,METROPOLE PAULISTA - DEPINEDO,16,2026-09-01,2026-09-24,False
73774,METROPOLE PAULISTA - DEPINEDO,16,2026-09-01,2026-09-24,False
73775,METROPOLE PAULISTA - DEPINEDO,16,2026-09-01,2026-09-24,True
73776,METROPOLE PAULISTA - DEPINEDO,13,2026-09-01,2026-09-24,True
73777,METROPOLE PAULISTA - DEPINEDO,13,2026-09-04,2026-09-24,False
73778,METROPOLE PAULISTA - DEPINEDO,16,2026-09-01,2026-09-24,False
73779,METROPOLE PAULISTA - DEPINEDO,5,2026-09-18,2026-09-24,False
73780,METROPOLE PAULISTA - DEPINEDO,16,2026-09-01,2026-09-24,False
73781,METROPOLE PAULISTA - DEPINEDO,5,2026-09-11,2026-09-18,False
73782,METROPOLE PAULISTA - DEPINEDO,8,2026-09-15,2026-09-24,False
73783,METROPOLE PAULISTA - DEPINEDO,12,2026-09-08,2026-09-24,False
73784,METROPOLE PAULISTA - DEPINEDO,16,2026-09-01,2026-09-24,False
73785,METROPOLE PAULISTA - DEPINEDO,8,2026-09-15,2026-09-24,True
73786,METROPOLE PAULISTA - DEPINEDO,14,2026-09-03,2026-09-24,False
73787,METROPOLE PAULISTA - DEPINEDO,8,2026-09-02,2026-09-24,False
73788,METROPOLE PAULISTA - DEPINEDO,16,2026-09-01,2026-09-24,False
73789,METROPOLE PAULISTA - DEPINEDO,16,2026-09-01,2026-09-24,False
73790,METROPOLE PAULISTA - DEPINEDO,15,2026-09-01,2026-09-24,False
73791,METROPOLE PAULISTA - DEPINEDO,9,2026-09-11,2026-09-24,False
73792,METROPOLE PAULISTA - DEPINEDO,4,2026-09-21,2026-09-24,False
73793,METROPOLE PAULISTA - DEPINEDO,16,2026-09-01,2026-09-24,False
73795,METROPOLE PAULISTA - DEPINEDO,14,2026-09-03,2026-09-24,False
73796,METROPOLE PAULISTA - DEPINEDO,16,2026-09-01,2026-09-24,True
73797,METROPOLE PAULISTA - DEPINEDO,9,2026-09-11,2026-09-24,False
73798,METROPOLE PAULISTA - DEPINEDO,15,2026-09-02,2026-09-24,False
73799,METROPOLE PAULISTA - DEPINEDO,2,2026-09-23,2026-09-24,False
73800,METROPOLE PAULISTA - DEPINEDO,5,2026-09-18,2026-09-24,False
73801,METROPOLE PAULISTA - DEPINEDO,16,2026-09-01,2026-09-24,False
73802,METROPOLE PAULISTA - DEPINEDO,16,2026-09-01,2026-09-24,False
73803,METROPOLE PAULISTA - DEPINEDO,16,2026-09-01,2026-09-24,True
73804,METROPOLE PAULISTA - DEPINEDO,16,2026-09-01,2026-09-24,False
73805,METROPOLE PAULISTA - DEPINEDO,16,2026-09-01,2026-09-24,False
73806,METROPOLE PAULISTA - DEPINEDO,16,2026-09-01,2026-09-24,False
73807,METROPOLE PAULISTA - DEPINEDO,16,2026-09-01,2026-09-24,False
73808,METROPOLE PAULISTA - DEPINEDO,16,2026-09-01,2026-09-24,False
73809,METROPOLE PAULISTA - DEPINEDO,16,2026-09-01,2026-09-24,False
73810,METROPOLE PAULISTA - DEPINEDO,16,2026-09-01,2026-09-24,False
73811,METROPOLE PAULISTA - DEPINEDO,16,2026-09-01,2026-09-24,False
73812,METROPOLE PAULISTA - DEPINEDO,16,2026-09-01,2026-09-24,False
73813,METROPOLE PAULISTA - DEPINEDO,16,2026-09-01,2026-09-24,False
73814,METROPOLE PAULISTA - DEPINEDO,16,2026-09-01,2026-09-24,False
73815,METROPOLE PAULISTA - DEPINEDO,16,2026-09-01,2026-09-24,False
73816,METROPOLE PAULISTA - DEPINEDO,16,2026-09-01,2026-09-24,False
73817,METROPOLE PAULISTA - DEPINEDO,16,2026-09-01,2026-09-24,False
73819,METROPOLE PAULISTA - DEPINEDO,16,2026-09-01,2026-09-24,False
73820,METROPOLE PAULISTA - DEPINEDO,16,2026-09-01,2026-09-24,False
73821,METROPOLE PAULISTA - DEPINEDO,16,2026-09-01,2026-09-24,False
73822,METROPOLE PAULISTA - DEPINEDO,16,2026-09-01,2026-09-24,False
73823,METROPOLE PAULISTA - DEPINEDO,16,2026-09-01,2026-09-24,False
73824,METROPOLE PAULISTA - DEPINEDO,16,2026-09-01,2026-09-24,False
73825,METROPOLE PAULISTA - DEPINEDO,16,2026-09-01,2026-09-24,False
73826,METROPOLE PAULISTA - DEPINEDO,16,2026-09-01,2026-09-24,False
73827,METROPOLE PAULISTA - DEPINEDO,16,2026-09-01,2026-09-24,False
73828,METROPOLE PAULISTA - DEPINEDO,16,2026-09-01,2026-09-24,False
73829,METROPOLE PAULISTA - DEPINEDO,15,2026-09-01,2026-09-24,False
73830,METROPOLE PAULISTA - DEPINEDO,16,2026-09-01,2026-09-24,False
73831,METROPOLE PAULISTA - DEPINEDO,16,2026-09-01,2026-09-24,False
73832,METROPOLE PAULISTA - DEPINEDO,16,2026-09-01,2026-09-24,False
73833,METROPOLE PAULISTA - DEPINEDO,12,2026-09-01,2026-09-24,False
73834,METROPOLE PAULISTA - DEPINEDO,16,2026-09-01,2026-09-24,False
73835,METROPOLE PAULISTA - DEPINEDO,16,2026-09-01,2026-09-24,False
73836,METROPOLE PAULISTA - DEPINEDO,12,2026-09-03,2026-09-24,False
73837,METROPOLE PAULISTA - DEPINEDO,16,2026-09-01,2026-09-24,False
73838,METROPOLE PAULISTA - DEPINEDO,16,2026-09-01,2026-09-24,False
73839,METROPOLE PAULISTA - DEPINEDO,16,2026-09-01,2026-09-24,False
73840,METROPOLE PAULISTA - DEPINEDO,16,2026-09-01,2026-09-24,True
73841,METROPOLE PAULISTA - DEPINEDO,16,2026-09-01,2026-09-24,False
73842,METROPOLE PAULISTA - DEPINEDO,12,2026-09-01,2026-09-24,False
73843,METROPOLE PAULISTA - DEPINEDO,5,2026-09-01,2026-09-24,False
73844,METROPOLE PAULISTA - DEPINEDO,16,2026-09-01,2026-09-24,False
73845,METROPOLE PAULISTA - DEPINEDO,16,2026-09-01,2026-09-24,False
73846,METROPOLE PAULISTA - DEPINEDO,16,2026-09-01,2026-09-24,False
73847,METROPOLE PAULISTA - DEPINEDO,16,2026-09-01,2026-09-24,False
73848,METROPOLE PAULISTA - DEPINEDO,16,2026-09-01,2026-09-24,False
73849,METROPOLE PAULISTA - DEPINEDO,16,2026-09-01,2026-09-24,False
73850,METROPOLE PAULISTA - DEPINEDO,16,2026-09-01,2026-09-24,False
73851,METROPOLE PAULISTA - DEPINEDO,16,2026-09-01,2026-09-24,False
73852,METROPOLE PAULISTA - DEPINEDO,16,2026-09-01,2026-09-24,False
73853,METROPOLE PAULISTA - DEPINEDO,16,2026-09-01,2026-09-24,False
73854,METROPOLE PAULISTA - DEPINEDO,14,2026-09-01,2026-09-22,False
73855,METROPOLE PAULISTA - DEPINEDO,16,2026-09-01,2026-09-24,False
73856,METROPOLE PAULISTA - DEPINEDO,16,2026-09-01,2026-09-24,False
73857,METROPOLE PAULISTA - DEPINEDO,14,2026-09-01,2026-09-24,False
73860,METROPOLE PAULISTA - DEPINEDO,16,2026-09-01,2026-09-24,False
73861,METROPOLE PAULISTA - DEPINEDO,15,2026-09-02,2026-09-24,False
73862,METROPOLE PAULISTA - DEPINEDO,16,2026-09-01,2026-09-24,False
73863,METROPOLE PAULISTA - DEPINEDO,16,2026-09-01,2026-09-24,False
73864,METROPOLE PAULISTA - DEPINEDO,16,2026-09-01,2026-09-24,True
73865,METROPOLE PAULISTA - DEPINEDO,16,2026-09-01,2026-09-24,False
73866,METROPOLE PAULISTA - DEPINEDO,16,2026-09-01,2026-09-24,False
73867,METROPOLE PAULISTA - DEPINEDO,16,2026-09-01,2026-09-24,False
73868,METROPOLE PAULISTA - DEPINEDO,16,2026-09-01,2026-09-24,False
73869,METROPOLE PAULISTA - DEPINEDO,16,2026-09-01,2026-09-24,False
73870,METROPOLE PAULISTA - DEPINEDO,16,2026-09-01,2026-09-24,False
73871,METROPOLE PAULISTA - DEPINEDO,16,2026-09-01,2026-09-24,False
73872,METROPOLE PAULISTA - DEPINEDO,16,2026-09-01,2026-09-24,False
73873,METROPOLE PAULISTA - DEPINEDO,16,2026-09-01,2026-09-24,False
73874,METROPOLE PAULISTA - DEPINEDO,16,2026-09-01,2026-09-24,False
73875,METROPOLE PAULISTA - DEPINEDO,16,2026-09-01,2026-09-24,False
73876,METROPOLE PAULISTA - DEPINEDO,16,2026-09-01,2026-09-24,False
73877,METROPOLE PAULISTA - DEPINEDO,16,2026-09-01,2026-09-24,False
73878,METROPOLE PAULISTA - DEPINEDO,16,2026-09-01,2026-09-24,False
73879,METROPOLE PAULISTA - DEPINEDO,15,2026-09-02,2026-09-24,False
73880,METROPOLE PAULISTA - DEPINEDO,16,2026-09-01,2026-09-24,False
73881,METROPOLE PAULISTA - DEPINEDO,16,2026-09-01,2026-09-24,False
73882,METROPOLE PAULISTA - DEPINEDO,16,2026-09-01,2026-09-24,False
73883,METROPOLE PAULISTA - DEPINEDO,16,2026-09-01,2026-09-24,False
73884,METROPOLE PAULISTA - DEPINEDO,16,2026-09-01,2026-09-24,False
73885,METROPOLE PAULISTA - DEPINEDO,16,2026-09-01,2026-09-24,False
73886,METROPOLE PAULISTA - DEPINEDO,16,2026-09-01,2026-09-24,False
73887,METROPOLE PAULISTA - DEPINEDO,16,2026-09-01,2026-09-24,False
73888,METROPOLE PAULISTA - DEPINEDO,16,2026-09-01,2026-09-24,False
73889,METROPOLE PAULISTA - DEPINEDO,16,2026-09-01,2026-09-24,False
73890,METROPOLE PAULISTA - DEPINEDO,16,2026-09-01,2026-09-24,False
73891,METROPOLE PAULISTA - DEPINEDO,16,2026-09-01,2026-09-24,False
73892,METROPOLE PAULISTA - DEPINEDO,16,2026-09-01,2026-09-24,False
73893,METROPOLE PAULISTA - DEPINEDO,14,2026-09-01,2026-09-24,False
73894,METROPOLE PAULISTA - DEPINEDO,16,2026-09-01,2026-09-24,False
73895,METROPOLE PAULISTA - DEPINEDO,12,2026-09-01,2026-09-18,False
73896,METROPOLE PAULISTA - DEPINEDO,16,2026-09-01,2026-09-24,False
73897,METROPOLE PAULISTA - DEPINEDO,16,2026-09-01,2026-09-24,False
73898,METROPOLE PAULISTA - DEPINEDO,16,2026-09-01,2026-09-24,False
73899,METROPOLE PAULISTA - DEPINEDO,16,2026-09-01,2026-09-24,False
73900,METROPOLE PAULISTA - DEPINEDO,16,2026-09-01,2026-09-24,False
73901,METROPOLE PAULISTA - DEPINEDO,16,2026-09-01,2026-09-24,False
73902,METROPOLE PAULISTA - DEPINEDO,16,2026-09-01,2026-09-24,False
73903,METROPOLE PAULISTA - DEPINEDO,16,2026-09-01,2026-09-24,False
73904,METROPOLE PAULISTA - DEPINEDO,16,2026-09-01,2026-09-24,False
73905,METROPOLE PAULISTA - DEPINEDO,16,2026-09-01,2026-09-24,False
73906,METROPOLE PAULISTA - DEPINEDO,16,2026-09-01,2026-09-24,False
73907,METROPOLE PAULISTA - DEPINEDO,16,2026-09-01,2026-09-24,False
73908,METROPOLE PAULISTA - DEPINEDO,16,2026-09-01,2026-09-24,False
73909,METROPOLE PAULISTA - DEPINEDO,16,2026-09-01,2026-09-24,False
73910,METROPOLE PAULISTA - DEPINEDO,16,2026-09-01,2026-09-24,False
73911,METROPOLE PAULISTA - DEPINEDO,16,2026-09-01,2026-09-24,False
73912,METROPOLE PAULISTA - DEPINEDO,14,2026-09-01,2026-09-24,False
73913,METROPOLE PAULISTA - DEPINEDO,16,2026-09-01,2026-09-24,False
73914,METROPOLE PAULISTA - DEPINEDO,16,2026-09-01,2026-09-24,False
73915,METROPOLE PAULISTA - DEPINEDO,13,2026-09-01,2026-09-24,False
73916,METROPOLE PAULISTA - DEPINEDO,16,2026-09-01,2026-09-24,False
73917,METROPOLE PAULISTA - DEPINEDO,16,2026-09-01,2026-09-24,False
73918,METROPOLE PAULISTA - DEPINEDO,16,2026-09-01,2026-09-24,False
73919,METROPOLE PAULISTA - DEPINEDO,16,2026-09-01,2026-09-24,False
73920,METROPOLE PAULISTA - DEPINEDO,16,2026-09-01,2026-09-24,False
73921,METROPOLE PAULISTA - DEPINEDO,12,2026-09-01,2026-09-24,False
73922,METROPOLE PAULISTA - DEPINEDO,16,2026-09-01,2026-09-24,False
73923,METROPOLE - MBOI - MIRIM,16,2026-09-01,2026-09-24,False
73924,METROPOLE - MBOI - MIRIM,16,2026-09-01,2026-09-24,False
73925,METROPOLE - MBOI - MIRIM,16,2026-09-01,2026-09-24,False
73926,METROPOLE - MBOI - MIRIM,16,2026-09-01,2026-09-24,False
73927,METROPOLE - MBOI - MIRIM,16,2026-09-01,2026-09-24,False
73928,METROPOLE - MBOI - MIRIM,16,2026-09-01,2026-09-24,False
73929,METROPOLE - MBOI - MIRIM,16,2026-09-01,2026-09-24,False
73930,METROPOLE - MBOI - MIRIM,16,2026-09-01,2026-09-24,False
73931,METROPOLE - MBOI - MIRIM,16,2026-09-01,2026-09-24,False
73932,METROPOLE - MBOI - MIRIM,16,2026-09-01,2026-09-24,True
73933,METROPOLE - MBOI - MIRIM,16,2026-09-01,2026-09-24,False
73934,METROPOLE - MBOI - MIRIM,16,2026-09-01,2026-09-24,False
73935,METROPOLE - MBOI - MIRIM,16,2026-09-01,2026-09-24,False
73936,METROPOLE - MBOI - MIRIM | METROPOLE PAULISTA - DEPINEDO,16,2026-09-01,2026-09-24,False
73937,METROPOLE - MBOI - MIRIM | METROPOLE PAULISTA - DEPINEDO,16,2026-09-01,2026-09-24,False
73938,METROPOLE - MBOI - MIRIM | METROPOLE PAULISTA - DEPINEDO,16,2026-09-01,2026-09-24,False
73939,METROPOLE - MBOI - MIRIM | METROPOLE PAULISTA - DEPINEDO,16,2026-09-01,2026-09-24,False
73940,METROPOLE - MBOI - MIRIM | METROPOLE PAULISTA - DEPINEDO,16,2026-09-01,2026-09-24,False
73941,METROPOLE - MBOI - MIRIM | METROPOLE PAULISTA - DEPINEDO,16,2026-09-01,2026-09-24,False
73942,METROPOLE PAULISTA - DEPINEDO,16,2026-09-01,2026-09-24,False
73943,METROPOLE PAULISTA - DEPINEDO,16,2026-09-01,2026-09-24,False
73944,METROPOLE PAULISTA - DEPINEDO,16,2026-09-01,2026-09-24,False
73945,METROPOLE PAULISTA - DEPINEDO,16,2026-09-01,2026-09-24,False
73946,METROPOLE PAULISTA - DEPINEDO,16,2026-09-01,2026-09-24,False
73947,METROPOLE PAULISTA - DEPINEDO,16,2026-09-01,2026-09-24,False
73948,METROPOLE PAULISTA - DEPINEDO,16,2026-09-01,2026-09-24,False
73949,METROPOLE PAULISTA - DEPINEDO,16,2026-09-01,2026-09-24,False
73950,METROPOLE PAULISTA - DEPINEDO,16,2026-09-01,2026-09-24,False
73951,METROPOLE PAULISTA - DEPINEDO,16,2026-09-01,2026-09-24,False
73952,METROPOLE - MBOI - MIRIM,16,2026-09-01,2026-09-24,False
73953,METROPOLE - MBOI - MIRIM,16,2026-09-01,2026-09-24,False
73954,METROPOLE - MBOI - MIRIM,16,2026-09-01,2026-09-24,False
73955,METROPOLE - MBOI - MIRIM,16,2026-09-01,2026-09-24,False
73956,METROPOLE - MBOI - MIRIM,16,2026-09-01,2026-09-24,False
73957,METROPOLE - MBOI - MIRIM,16,2026-09-01,2026-09-24,False
73958,METROPOLE PAULISTA - DEPINEDO,16,2026-09-01,2026-09-24,False
73959,METROPOLE PAULISTA - DEPINEDO,16,2026-09-01,2026-09-24,False
73960,METROPOLE PAULISTA - DEPINEDO,16,2026-09-01,2026-09-24,False
73961,METROPOLE PAULISTA - DEPINEDO,16,2026-09-01,2026-09-24,False
73962,METROPOLE PAULISTA - DEPINEDO,16,2026-09-01,2026-09-24,False
73963,METROPOLE PAULISTA - DEPINEDO,16,2026-09-01,2026-09-24,False
73964,METROPOLE PAULISTA - DEPINEDO,16,2026-09-01,2026-09-24,False
73965,METROPOLE PAULISTA - DEPINEDO,16,2026-09-01,2026-09-24,False
73966,METROPOLE PAULISTA - DEPINEDO,16,2026-09-01,2026-09-24,False
73967,METROPOLE PAULISTA - DEPINEDO,16,2026-09-01,2026-09-24,False
73968,METROPOLE PAULISTA - DEPINEDO,16,2026-09-01,2026-09-24,False
73969,METROPOLE PAULISTA - DEPINEDO,16,2026-09-01,2026-09-24,False
73970,METROPOLE PAULISTA - DEPINEDO,14,2026-09-01,2026-09-24,False
73971,METROPOLE PAULISTA - DEPINEDO,16,2026-09-01,2026-09-24,False
73972,METROPOLE PAULISTA - DEPINEDO,16,2026-09-01,2026-09-24,False
73973,METROPOLE PAULISTA - DEPINEDO,16,2026-09-01,2026-09-24,False
73974,METROPOLE PAULISTA - DEPINEDO,16,2026-09-01,2026-09-24,False
73975,METROPOLE PAULISTA - DEPINEDO,16,2026-09-01,2026-09-24,False
73976,METROPOLE PAULISTA - DEPINEDO,16,2026-09-01,2026-09-24,False
73977,METROPOLE PAULISTA - DEPINEDO,16,2026-09-01,2026-09-24,False
73978,METROPOLE PAULISTA - DEPINEDO,16,2026-09-01,2026-09-24,False
73979,METROPOLE PAULISTA - DEPINEDO,16,2026-09-01,2026-09-24,False
73980,METROPOLE PAULISTA - DEPINEDO,16,2026-09-01,2026-09-24,False
73981,METROPOLE PAULISTA - DEPINEDO,16,2026-09-01,2026-09-24,False
73982,METROPOLE PAULISTA - DEPINEDO,16,2026-09-01,2026-09-24,False
73983,METROPOLE PAULISTA - DEPINEDO,16,2026-09-01,2026-09-24,False
73984,METROPOLE PAULISTA - DEPINEDO,16,2026-09-01,2026-09-24,False
73985,METROPOLE PAULISTA - DEPINEDO,16,2026-09-01,2026-09-24,False
73986,METROPOLE PAULISTA - DEPINEDO,16,2026-09-01,2026-09-24,False
73988,METROPOLE PAULISTA - DEPINEDO,16,2026-09-01,2026-09-24,False
82405,GATO PRETO,16,2026-09-01,2026-09-24,False
82406,GATO PRETO,16,2026-09-01,2026-09-24,False
82407,GATO PRETO,16,2026-09-01,2026-09-24,False
82408,GATO PRETO,16,2026-09-01,2026-09-24,False
82409,GATO PRETO,14,2026-09-01,2026-09-22,False
82410,GATO PRETO,16,2026-09-01,2026-09-24,False
82411,GATO PRETO,16,2026-09-01,2026-09-24,False
82413,GATO PRETO,16,2026-09-01,2026-09-24,False
82415,GATO PRETO,16,2026-09-01,2026-09-24,False
82416,GATO PRETO,12,2026-09-03,2026-09-24,False
82417,GATO PRETO,16,2026-09-01,2026-09-24,False
82418,GATO PRETO,16,2026-09-01,2026-09-24,False
82419,GATO PRETO,16,2026-09-01,2026-09-24,False
82420,GATO PRETO,16,2026-09-01,2026-09-24,False
82421,GATO PRETO,15,2026-09-01,2026-09-24,False
82422,GATO PRETO,16,2026-09-01,2026-09-24,False
82423,GATO PRETO,12,2026-09-03,2026-09-24,False
82424,GATO PRETO,16,2026-09-01,2026-09-24,False
82435,GATO PRETO,16,2026-09-01,2026-09-24,False
82438,GATO PRETO,16,2026-09-01,2026-09-24,False
82439,GATO PRETO,16,2026-09-01,2026-09-24,False
82440,GATO PRETO,16,2026-09-01,2026-09-24,False
82441,GATO PRETO,16,2026-09-01,2026-09-24,False
82443,GATO PRETO,16,2026-09-01,2026-09-24,False
82444,GATO PRETO,16,2026-09-01,2026-09-24,False
82445,GATO PRETO,16,2026-09-01,2026-09-24,False
82446,GATO PRETO,16,2026-09-01,2026-09-24,False
82447,GATO PRETO,16,2026-09-01,2026-09-24,False
82448,GATO PRETO,16,2026-09-01,2026-09-24,False
82449,GATO PRETO,16,2026-09-01,2026-09-24,False
82450,GATO PRETO,16,2026-09-01,2026-09-24,False
82451,GATO PRETO,16,2026-09-01,2026-09-24,False
82452,GATO PRETO,16,2026-09-01,2026-09-24,False
82453,GATO PRETO,16,2026-09-01,2026-09-24,False
82454,GATO PRETO,16,2026-09-01,2026-09-24,False
82455,GATO PRETO,16,2026-09-01,2026-09-24,False
82456,GATO PRETO,16,2026-09-01,2026-09-24,False
82457,GATO PRETO,16,2026-09-01,2026-09-24,False
82458,GATO PRETO,4,2026-09-21,2026-09-24,False
82459,GATO PRETO,16,2026-09-01,2026-09-24,False
82460,GATO PRETO,16,2026-09-01,2026-09-24,False
82462,GATO PRETO,16,2026-09-01,2026-09-24,False
82463,GATO PRETO,16,2026-09-01,2026-09-24,False
82464,GATO PRETO,15,2026-09-02,2026-09-24,False
82465,GATO PRETO,16,2026-09-01,2026-09-24,False
82466,GATO PRETO,16,2026-09-01,2026-09-24,False
82480,GATO PRETO,16,2026-09-01,2026-09-24,False
82481,GATO PRETO,16,2026-09-01,2026-09-24,False
82482,GATO PRETO,16,2026-09-01,2026-09-24,False
82483,GATO PRETO,16,2026-09-01,2026-09-24,False
82484,GATO PRETO,16,2026-09-01,2026-09-24,False
82485,GATO PRETO,16,2026-09-01,2026-09-24,False
82486,GATO PRETO,16,2026-09-01,2026-09-24,False
82487,GATO PRETO,16,2026-09-01,2026-09-24,False
82488,GATO PRETO,16,2026-09-01,2026-09-24,False
82489,GATO PRETO,16,2026-09-01,2026-09-24,False
82490,GATO PRETO,16,2026-09-01,2026-09-24,False
82491,GATO PRETO,15,2026-09-01,2026-09-24,False
82492,GATO PRETO,16,2026-09-01,2026-09-24,False
82493,GATO PRETO,16,2026-09-01,2026-09-24,False
82494,GATO PRETO,16,2026-09-01,2026-09-24,False
82495,GATO PRETO,16,2026-09-01,2026-09-24,False
82496,GATO PRETO,13,2026-09-01,2026-09-24,False
82497,GATO PRETO,16,2026-09-01,2026-09-24,False
82498,GATO PRETO,16,2026-09-01,2026-09-24,False
82499,GATO PRETO,16,2026-09-01,2026-09-24,False
82500,GATO PRETO,11,2026-09-01,2026-09-18,False
82501,GATO PRETO,15,2026-09-01,2026-09-24,False
82502,GATO PRETO,16,2026-09-01,2026-09-24,False
82503,GATO PRETO,16,2026-09-01,2026-09-24,False
82504,GATO PRETO,16,2026-09-01,2026-09-24,False
82505,GATO PRETO,16,2026-09-01,2026-09-24,False
82506,GATO PRETO,16,2026-09-01,2026-09-24,False
82507,GATO PRETO,16,2026-09-01,2026-09-24,False
82508,GATO PRETO,14,2026-09-03,2026-09-24,False
82509,GATO PRETO,15,2026-09-01,2026-09-24,False
82510,GATO PRETO,4,2026-09-02,2026-09-24,False
82511,GATO PRETO,16,2026-09-01,2026-09-24,False
82512,GATO PRETO,16,2026-09-01,2026-09-24,False
82513,GATO PRETO,14,2026-09-01,2026-09-24,False
82514,GATO PRETO,15,2026-09-01,2026-09-24,False
82515,GATO PRETO,16,2026-09-01,2026-09-24,False
82516,GATO PRETO,12,2026-09-01,2026-09-24,False
82517,GATO PRETO,16,2026-09-01,2026-09-24,False
82518,GATO PRETO,2,2026-09-23,2026-09-24,False
82535,GATO PRETO,16,2026-09-01,2026-09-24,False
82536,GATO PRETO,16,2026-09-01,2026-09-24,False
82537,GATO PRETO,16,2026-09-01,2026-09-24,False
82538,GATO PRETO,15,2026-09-02,2026-09-24,False
82539,GATO PRETO,16,2026-09-01,2026-09-24,False
82540,GATO PRETO,16,2026-09-01,2026-09-24,False
82541,GATO PRETO,15,2026-09-01,2026-09-24,False
82542,GATO PRETO,16,2026-09-01,2026-09-24,False
82543,GATO PRETO,16,2026-09-01,2026-09-24,False
82544,GATO PRETO,16,2026-09-01,2026-09-24,False
82546,GATO PRETO,15,2026-09-01,2026-09-24,False
82550,GATO PRETO,12,2026-09-01,2026-09-18,False
82551,GATO PRETO,16,2026-09-01,2026-09-24,False
82552,GATO PRETO,16,2026-09-01,2026-09-24,False
82553,GATO PRETO,16,2026-09-01,2026-09-24,False
82557,GATO PRETO,16,2026-09-01,2026-09-24,False
82558,GATO PRETO,16,2026-09-01,2026-09-24,False
82559,GATO PRETO,16,2026-09-01,2026-09-24,False
82560,GATO PRETO,16,2026-09-01,2026-09-24,False
82561,GATO PRETO,16,2026-09-01,2026-09-24,False
82562,GATO PRETO,16,2026-09-01,2026-09-24,False
82563,GATO PRETO,16,2026-09-01,2026-09-24,False
82564,GATO PRETO,16,2026-09-01,2026-09-24,False
82565,GATO PRETO,15,2026-09-02,2026-09-24,False
82566,GATO PRETO,16,2026-09-01,2026-09-24,False
82567,GATO PRETO,16,2026-09-01,2026-09-24,False
82568,GATO PRETO,16,2026-09-01,2026-09-24,False
82569,GATO PRETO,16,2026-09-01,2026-09-24,False
82570,GATO PRETO,16,2026-09-01,2026-09-24,False
82571,GATO PRETO,16,2026-09-01,2026-09-24,False
82572,GATO PRETO,16,2026-09-01,2026-09-24,False
82573,GATO PRETO,16,2026-09-01,2026-09-24,False
82574,GATO PRETO,16,2026-09-01,2026-09-24,False
82575,GATO PRETO,16,2026-09-01,2026-09-24,False
82576,GATO PRETO,16,2026-09-01,2026-09-24,False
82577,GATO PRETO,16,2026-09-01,2026-09-24,False
82578,GATO PRETO,10,2026-09-01,2026-09-24,False
82579,GATO PRETO,16,2026-09-01,2026-09-24,False
82580,GATO PRETO,16,2026-09-01,2026-09-24,False
82581,GATO PRETO,16,2026-09-01,2026-09-24,False
82582,GATO PRETO,16,2026-09-01,2026-09-24,False
82583,GATO PRETO,16,2026-09-01,2026-09-24,False
82584,GATO PRETO,16,2026-09-01,2026-09-24,False
82585,GATO PRETO,15,2026-09-01,2026-09-24,False
82587,GATO PRETO,16,2026-09-01,2026-09-24,False
82593,GATO PRETO,16,2026-09-01,2026-09-24,False
82600,GATO PRETO,16,2026-09-01,2026-09-24,False
82617,GATO PRETO,16,2026-09-01,2026-09-24,False
82618,GATO PRETO,14,2026-09-01,2026-09-22,False
82619,GATO PRETO,16,2026-09-01,2026-09-24,False
82620,GATO PRETO,16,2026-09-01,2026-09-24,False
82621,GATO PRETO,16,2026-09-01,2026-09-24,False
82622,GATO PRETO,16,2026-09-01,2026-09-24,False
82623,GATO PRETO,16,2026-09-01,2026-09-24,False
82624,GATO PRETO,16,2026-09-01,2026-09-24,False
82625,GATO PRETO,14,2026-09-01,2026-09-24,False
82626,GATO PRETO,16,2026-09-01,2026-09-24,False
82627,GATO PRETO,16,2026-09-01,2026-09-24,False
82628,GATO PRETO,12,2026-09-01,2026-09-18,False
82629,GATO PRETO,16,2026-09-01,2026-09-24,False
82630,GATO PRETO,16,2026-09-01,2026-09-24,False
82631,GATO PRETO,16,2026-09-01,2026-09-24,False
82632,GATO PRETO,16,2026-09-01,2026-09-24,False
82633,GATO PRETO,16,2026-09-01,2026-09-24,False
82634,GATO PRETO,16,2026-09-01,2026-09-24,False
82635,GATO PRETO,16,2026-09-01,2026-09-24,False
82636,GATO PRETO,16,2026-09-01,2026-09-24,False
82637,GATO PRETO,16,2026-09-01,2026-09-24,False
82638,GATO PRETO,16,2026-09-01,2026-09-24,False
82642,GATO PRETO,16,2026-09-01,2026-09-24,False
82643,GATO PRETO,16,2026-09-01,2026-09-24,False
82647,GATO PRETO,16,2026-09-01,2026-09-24,False
82648,GATO PRETO,16,2026-09-01,2026-09-24,False
82649,GATO PRETO,16,2026-09-01,2026-09-24,False
82650,GATO PRETO,16,2026-09-01,2026-09-24,False
82651,GATO PRETO,16,2026-09-01,2026-09-24,False
82652,GATO PRETO,10,2026-09-01,2026-09-24,False
82653,GATO PRETO,16,2026-09-01,2026-09-24,False
82654,GATO PRETO,16,2026-09-01,2026-09-24,False
82655,GATO PRETO,16,2026-09-01,2026-09-24,False
82656,GATO PRETO,16,2026-09-01,2026-09-24,False
82657,GATO PRETO,16,2026-09-01,2026-09-24,False
82658,GATO PRETO,16,2026-09-01,2026-09-24,False
82659,GATO PRETO,16,2026-09-01,2026-09-24,False
82660,GATO PRETO,16,2026-09-01,2026-09-24,False
82661,GATO PRETO,16,2026-09-01,2026-09-24,False
82662,GATO PRETO,16,2026-09-01,2026-09-24,False
82663,GATO PRETO,16,2026-09-01,2026-09-24,False
82664,GATO PRETO,16,2026-09-01,2026-09-24,False
82665,GATO PRETO,16,2026-09-01,2026-09-24,False
82693,GATO PRETO,7,2026-09-01,2026-09-10,False
82694,GATO PRETO,16,2026-09-01,2026-09-24,False
82695,GATO PRETO,16,2026-09-01,2026-09-24,False
82696,GATO PRETO,15,2026-09-01,2026-09-24,False
82697,GATO PRETO,16,2026-09-01,2026-09-24,False
82698,GATO PRETO,16,2026-09-01,2026-09-24,False
82699,GATO PRETO,16,2026-09-01,2026-09-24,False
82700,GATO PRETO,16,2026-09-01,2026-09-24,False
82701,GATO PRETO,4,2026-09-01,2026-09-24,False
82702,GATO PRETO,16,2026-09-01,2026-09-24,False
82703,GATO PRETO,16,2026-09-01,2026-09-24,False
82704,GATO PRETO,16,2026-09-01,2026-09-24,False
82705,GATO PRETO,16,2026-09-01,2026-09-24,False
82706,GATO PRETO,16,2026-09-01,2026-09-24,False
82707,GATO PRETO,16,2026-09-01,2026-09-24,False
82708,GATO PRETO,16,2026-09-01,2026-09-24,False
82709,GATO PRETO,16,2026-09-01,2026-09-24,False
82710,GATO PRETO,16,2026-09-01,2026-09-24,False
82711,GATO PRETO,12,2026-09-01,2026-09-24,False
82712,GATO PRETO,16,2026-09-01,2026-09-24,False
82713,GATO PRETO,16,2026-09-01,2026-09-24,False
82714,GATO PRETO,16,2026-09-01,2026-09-24,False
82715,GATO PRETO,16,2026-09-01,2026-09-24,False
82716,GATO PRETO,16,2026-09-01,2026-09-24,False
82717,GATO PRETO,16,2026-09-01,2026-09-24,False
82718,GATO PRETO,16,2026-09-01,2026-09-24,False
82719,GATO PRETO,15,2026-09-01,2026-09-23,False
82720,GATO PRETO,11,2026-09-01,2026-09-24,False
82721,GATO PRETO,16,2026-09-01,2026-09-24,False
82722,GATO PRETO,16,2026-09-01,2026-09-24,False
82723,GATO PRETO,16,2026-09-01,2026-09-24,False
82724,GATO PRETO,16,2026-09-01,2026-09-24,False
82725,GATO PRETO,16,2026-09-01,2026-09-24,False
82726,GATO PRETO,16,2026-09-01,2026-09-24,False
82727,GATO PRETO,16,2026-09-01,2026-09-24,False
82728,GATO PRETO,16,2026-09-01,2026-09-24,False
82729,GATO PRETO,16,2026-09-01,2026-09-24,False
82730,GATO PRETO,16,2026-09-01,2026-09-24,False
82731,GATO PRETO,16,2026-09-01,2026-09-24,False
82733,GATO PRETO,16,2026-09-01,2026-09-24,False
82734,GATO PRETO,16,2026-09-01,2026-09-24,False
82735,GATO PRETO,16,2026-09-01,2026-09-24,False
82737,GATO PRETO,16,2026-09-01,2026-09-24,False
82738,GATO PRETO,13,2026-09-01,2026-09-24,False
82739,GATO PRETO,16,2026-09-01,2026-09-24,False
82740,GATO PRETO,16,2026-09-01,2026-09-24,False
82741,GATO PRETO,16,2026-09-01,2026-09-24,False
82742,GATO PRETO,16,2026-09-01,2026-09-24,False
82743,GATO PRETO,16,2026-09-01,2026-09-24,False
82744,GATO PRETO,16,2026-09-01,2026-09-24,False
82745,GATO PRETO,16,2026-09-01,2026-09-24,False
82746,GATO PRETO,16,2026-09-01,2026-09-24,False
82747,GATO PRETO,16,2026-09-01,2026-09-24,False
82748,GATO PRETO,16,2026-09-01,2026-09-24,False
82749,GATO PRETO,16,2026-09-01,2026-09-24,False
82750,GATO PRETO,16,2026-09-01,2026-09-24,False
82751,GATO PRETO,16,2026-09-01,2026-09-24,False
82752,GATO PRETO,12,2026-09-01,2026-09-18,False
82753,GATO PRETO,16,2026-09-01,2026-09-24,False
82754,GATO PRETO,16,2026-09-01,2026-09-24,False
82755,GATO PRETO,16,2026-09-01,2026-09-24,False
82756,GATO PRETO,8,2026-09-01,2026-09-11,False
82757,GATO PRETO,16,2026-09-01,2026-09-24,False
82758,GATO PRETO,16,2026-09-01,2026-09-24,False
82759,GATO PRETO,16,2026-09-01,2026-09-24,False
82760,GATO PRETO,16,2026-09-01,2026-09-24,False
82761,GATO PRETO,16,2026-09-01,2026-09-24,False
82762,GATO PRETO,16,2026-09-01,2026-09-24,False
82763,GATO PRETO,16,2026-09-01,2026-09-24,False
82764,GATO PRETO,16,2026-09-01,2026-09-24,False
82765,GATO PRETO,16,2026-09-01,2026-09-24,False
82766,GATO PRETO,13,2026-09-01,2026-09-24,False
82767,GATO PRETO,16,2026-09-01,2026-09-24,False
82768,GATO PRETO,16,2026-09-01,2026-09-24,False
82769,GATO PRETO,16,2026-09-01,2026-09-24,False
82770,GATO PRETO,16,2026-09-01,2026-09-24,False
82771,GATO PRETO,16,2026-09-01,2026-09-24,False
82772,GATO PRETO,16,2026-09-01,2026-09-24,False
82773,GATO PRETO,16,2026-09-01,2026-09-24,False
82774,GATO PRETO,16,2026-09-01,2026-09-24,False
82775,GATO PRETO,16,2026-09-01,2026-09-24,False
82776,GATO PRETO,16,2026-09-01,2026-09-24,False
82777,GATO PRETO,16,2026-09-01,2026-09-24,False
82778,GATO PRETO,16,2026-09-01,2026-09-24,False
82779,GATO PRETO,16,2026-09-01,2026-09-24,False
82780,GATO PRETO,16,2026-09-01,2026-09-24,False
82784,GATO PRETO,16,2026-09-01,2026-09-24,False
82785,GATO PRETO,16,2026-09-01,2026-09-24,False
82787,GATO PRETO,16,2026-09-01,2026-09-24,False
82788,GATO PRETO,16,2026-09-01,2026-09-24,False
82789,GATO PRETO,9,2026-09-11,2026-09-24,False
82790,GATO PRETO,11,2026-09-09,2026-09-24,False
82792,GATO PRETO,11,2026-09-09,2026-09-24,False
82793,GATO PRETO,9,2026-09-11,2026-09-24,False
82794,GATO PRETO,9,2026-09-11,2026-09-24,False
82795,GATO PRETO,8,2026-09-15,2026-09-24,False
82796,GATO PRETO,8,2026-09-15,2026-09-24,False
82797,GATO PRETO,9,2026-09-11,2026-09-24,False
82798,GATO PRETO,9,2026-09-11,2026-09-24,False
86001,ALFA RODOBUS,16,2026-09-01,2026-09-24,False
86002,ALFA RODOBUS,16,2026-09-01,2026-09-24,False
86003,ALFA RODOBUS,16,2026-09-01,2026-09-24,False
86004,ALFA RODOBUS,16,2026-09-01,2026-09-24,False
86005,ALFA RODOBUS,16,2026-09-01,2026-09-24,False
86009,ALFA RODOBUS,16,2026-09-01,2026-09-24,False
86010,ALFA RODOBUS,16,2026-09-01,2026-09-24,False
86014,ALFA RODOBUS,16,2026-09-01,2026-09-24,False
86017,ALFA RODOBUS,16,2026-09-01,2026-09-24,False
86018,ALFA RODOBUS,16,2026-09-01,2026-09-24,False
86019,ALFA RODOBUS,15,2026-09-02,2026-09-24,False
86020,ALFA RODOBUS,16,2026-09-01,2026-09-24,False
86022,ALFA RODOBUS,16,2026-09-01,2026-09-24,False
86023,ALFA RODOBUS,16,2026-09-01,2026-09-24,False
86024,ALFA RODOBUS,16,2026-09-01,2026-09-24,False
86025,ALFA RODOBUS,16,2026-09-01,2026-09-24,False
86026,ALFA RODOBUS,16,2026-09-01,2026-09-24,False
86027,ALFA RODOBUS,16,2026-09-01,2026-09-24,False
86029,ALFA RODOBUS,16,2026-09-01,2026-09-24,False
86030,ALFA RODOBUS,15,2026-09-01,2026-09-23,False
86031,ALFA RODOBUS,16,2026-09-01,2026-09-24,False
86032,ALFA RODOBUS,15,2026-09-02,2026-09-24,False
86033,ALFA RODOBUS,16,2026-09-01,2026-09-24,False
86034,ALFA RODOBUS,16,2026-09-01,2026-09-24,False
86035,ALFA RODOBUS,7,2026-09-01,2026-09-24,False
86036,ALFA RODOBUS,16,2026-09-01,2026-09-24,False
86037,ALFA RODOBUS,16,2026-09-01,2026-09-24,False
86038,ALFA RODOBUS,16,2026-09-01,2026-09-24,False
86040,ALFA RODOBUS,16,2026-09-01,2026-09-24,False
86044,ALFA RODOBUS,16,2026-09-01,2026-09-24,False
86045,ALFA RODOBUS,16,2026-09-01,2026-09-24,False
86046,ALFA RODOBUS,16,2026-09-01,2026-09-24,False
86047,ALFA RODOBUS,16,2026-09-01,2026-09-24,False
86049,ALFA RODOBUS,16,2026-09-01,2026-09-24,False
86050,ALFA RODOBUS,16,2026-09-01,2026-09-24,False
86070,ALFA RODOBUS,16,2026-09-01,2026-09-24,False
86076,ALFA RODOBUS,16,2026-09-01,2026-09-24,False
86077,ALFA RODOBUS,16,2026-09-01,2026-09-24,False
86079,ALFA RODOBUS,16,2026-09-01,2026-09-24,False
86096,ALFA RODOBUS,16,2026-09-01,2026-09-24,False
86097,ALFA RODOBUS,16,2026-09-01,2026-09-24,False
86098,ALFA RODOBUS,16,2026-09-01,2026-09-24,False
86099,ALFA RODOBUS,16,2026-09-01,2026-09-24,False
86100,ALFA RODOBUS,16,2026-09-01,2026-09-24,False
86101,ALFA RODOBUS,16,2026-09-01,2026-09-24,False
86102,ALFA RODOBUS,16,2026-09-01,2026-09-24,False
86103,ALFA RODOBUS,16,2026-09-01,2026-09-24,False
86104,ALFA RODOBUS,16,2026-09-01,2026-09-24,False
86105,ALFA RODOBUS,16,2026-09-01,2026-09-24,False
86106,ALFA RODOBUS,16,2026-09-01,2026-09-24,False
86107,ALFA RODOBUS,16,2026-09-01,2026-09-24,False
86108,ALFA RODOBUS,16,2026-09-01,2026-09-24,False
86116,ALFA RODOBUS,16,2026-09-01,2026-09-24,False
86117,ALFA RODOBUS,16,2026-09-01,2026-09-24,False
86119,ALFA RODOBUS,16,2026-09-01,2026-09-24,False
86120,ALFA RODOBUS,16,2026-09-01,2026-09-24,False
86121,ALFA RODOBUS,16,2026-09-01,2026-09-24,False
86122,ALFA RODOBUS,16,2026-09-01,2026-09-24,False
86123,ALFA RODOBUS,16,2026-09-01,2026-09-24,False
86124,ALFA RODOBUS,16,2026-09-01,2026-09-24,False
86125,ALFA RODOBUS,16,2026-09-01,2026-09-24,False
86126,ALFA RODOBUS,16,2026-09-01,2026-09-24,False
86127,ALFA RODOBUS,15,2026-09-01,2026-09-24,False
86128,ALFA RODOBUS,16,2026-09-01,2026-09-24,False
86129,ALFA RODOBUS,16,2026-09-01,2026-09-24,False
86131,ALFA RODOBUS,16,2026-09-01,2026-09-24,False
86132,ALFA RODOBUS,16,2026-09-01,2026-09-24,False
86135,ALFA RODOBUS,16,2026-09-01,2026-09-24,False
86136,ALFA RODOBUS,16,2026-09-01,2026-09-24,False
86137,ALFA RODOBUS,16,2026-09-01,2026-09-24,False
86138,ALFA RODOBUS,16,2026-09-01,2026-09-24,False
86139,ALFA RODOBUS,16,2026-09-01,2026-09-24,False
86140,ALFA RODOBUS,16,2026-09-01,2026-09-24,False
86141,ALFA RODOBUS,16,2026-09-01,2026-09-24,False
86142,ALFA RODOBUS,16,2026-09-01,2026-09-24,False
86143,ALFA RODOBUS,16,2026-09-01,2026-09-24,False
86144,ALFA RODOBUS,16,2026-09-01,2026-09-24,False
86145,ALFA RODOBUS,16,2026-09-01,2026-09-24,False
86146,ALFA RODOBUS,16,2026-09-01,2026-09-24,False
86147,ALFA RODOBUS,16,2026-09-01,2026-09-24,False
86148,ALFA RODOBUS,16,2026-09-01,2026-09-24,False
86149,ALFA RODOBUS,16,2026-09-01,2026-09-24,False
86153,ALFA RODOBUS,16,2026-09-01,2026-09-24,False
86154,ALFA RODOBUS,16,2026-09-01,2026-09-24,False
86155,ALFA RODOBUS,16,2026-09-01,2026-09-24,False
86156,ALFA RODOBUS,16,2026-09-01,2026-09-24,False
86157,ALFA RODOBUS,16,2026-09-01,2026-09-24,False
86162,ALFA RODOBUS,16,2026-09-01,2026-09-24,False
86163,ALFA RODOBUS,16,2026-09-01,2026-09-24,False
86169,ALFA RODOBUS,16,2026-09-01,2026-09-24,False
86170,ALFA RODOBUS,16,2026-09-01,2026-09-24,False
86171,ALFA RODOBUS,16,2026-09-01,2026-09-24,False
86172,ALFA RODOBUS,16,2026-09-01,2026-09-24,False
86173,ALFA RODOBUS,16,2026-09-01,2026-09-24,False
86174,ALFA RODOBUS,16,2026-09-01,2026-09-24,False
86175,ALFA RODOBUS,16,2026-09-01,2026-09-24,False
86176,ALFA RODOBUS,16,2026-09-01,2026-09-24,False
86177,ALFA RODOBUS,16,2026-09-01,2026-09-24,False
86182,ALFA RODOBUS,16,2026-09-01,2026-09-24,False
86183,ALFA RODOBUS,12,2026-09-01,2026-09-23,False
86184,ALFA RODOBUS,16,2026-09-01,2026-09-24,False
86200,ALFA RODOBUS,16,2026-09-01,2026-09-24,False
86201,ALFA RODOBUS,16,2026-09-01,2026-09-24,False
86205,ALFA RODOBUS,16,2026-09-01,2026-09-24,False
86206,ALFA RODOBUS,16,2026-09-01,2026-09-24,False
86224,ALFA RODOBUS,16,2026-09-01,2026-09-24,False
86225,ALFA RODOBUS,16,2026-09-01,2026-09-24,False
86239,ALFA RODOBUS,16,2026-09-01,2026-09-24,False
86244,ALFA RODOBUS,16,2026-09-01,2026-09-24,False
86251,ALFA RODOBUS,16,2026-09-01,2026-09-24,False
86265,ALFA RODOBUS,4,2026-09-15,2026-09-24,False
86270,ALFA RODOBUS,16,2026-09-01,2026-09-24,False
86274,ALFA RODOBUS,16,2026-09-01,2026-09-24,False
86286,ALFA RODOBUS,16,2026-09-01,2026-09-24,False
86300,ALFA RODOBUS,16,2026-09-01,2026-09-24,False
86301,ALFA RODOBUS,16,2026-09-01,2026-09-24,False
86303,ALFA RODOBUS,16,2026-09-01,2026-09-24,False
86308,ALFA RODOBUS,16,2026-09-01,2026-09-24,False
86312,ALFA RODOBUS,15,2026-09-01,2026-09-24,False
86316,ALFA RODOBUS,15,2026-09-01,2026-09-24,False
86320,ALFA RODOBUS,16,2026-09-01,2026-09-24,False
86321,ALFA RODOBUS,16,2026-09-01,2026-09-24,False
86322,ALFA RODOBUS,16,2026-09-01,2026-09-24,False
86323,ALFA RODOBUS,16,2026-09-01,2026-09-24,False
86327,ALFA RODOBUS,16,2026-09-01,2026-09-24,False
86329,ALFA RODOBUS,16,2026-09-01,2026-09-24,False
86330,ALFA RODOBUS,16,2026-09-01,2026-09-24,False
86336,ALFA RODOBUS,14,2026-09-01,2026-09-24,False
86337,ALFA RODOBUS,16,2026-09-01,2026-09-24,False
86338,ALFA RODOBUS,16,2026-09-01,2026-09-24,False
86339,ALFA RODOBUS,16,2026-09-01,2026-09-24,False
86341,ALFA RODOBUS,16,2026-09-01,2026-09-24,False
86343,ALFA RODOBUS,16,2026-09-01,2026-09-24,False
86346,ALFA RODOBUS,16,2026-09-01,2026-09-24,False
86347,ALFA RODOBUS,16,2026-09-01,2026-09-24,False
86349,ALFA RODOBUS,16,2026-09-01,2026-09-24,False
86350,ALFA RODOBUS,16,2026-09-01,2026-09-24,False
86351,ALFA RODOBUS,16,2026-09-01,2026-09-24,False
86352,ALFA RODOBUS,16,2026-09-01,2026-09-24,False
86353,ALFA RODOBUS,16,2026-09-01,2026-09-24,False
86354,ALFA RODOBUS,16,2026-09-01,2026-09-24,False
86357,ALFA RODOBUS,16,2026-09-01,2026-09-24,False
86362,ALFA RODOBUS,16,2026-09-01,2026-09-24,False
86363,ALFA RODOBUS,12,2026-09-01,2026-09-18,False
86364,ALFA RODOBUS,16,2026-09-01,2026-09-24,False
86365,ALFA RODOBUS,16,2026-09-01,2026-09-24,False
86366,ALFA RODOBUS,16,2026-09-01,2026-09-24,False
86367,ALFA RODOBUS,16,2026-09-01,2026-09-24,False
86417,ALFA RODOBUS,16,2026-09-01,2026-09-24,False
86463,ALFA RODOBUS,16,2026-09-01,2026-09-24,False
86474,ALFA RODOBUS,16,2026-09-01,2026-09-24,False
86482,ALFA RODOBUS,16,2026-09-01,2026-09-24,False
86483,ALFA RODOBUS,16,2026-09-01,2026-09-24,False
86487,ALFA RODOBUS,16,2026-09-01,2026-09-24,False
86500,ALFA RODOBUS,16,2026-09-01,2026-09-24,False
86506,ALFA RODOBUS,16,2026-09-01,2026-09-24,False
86516,ALFA RODOBUS,15,2026-09-01,2026-09-24,False
86521,ALFA RODOBUS,16,2026-09-01,2026-09-24,False
86522,ALFA RODOBUS,16,2026-09-01,2026-09-24,False
86601,ALFA RODOBUS,16,2026-09-01,2026-09-24,False
86602,ALFA RODOBUS,16,2026-09-01,2026-09-24,False
86603,ALFA RODOBUS,16,2026-09-01,2026-09-24,False
86604,ALFA RODOBUS,16,2026-09-01,2026-09-24,False
86605,ALFA RODOBUS,16,2026-09-01,2026-09-24,False
86606,ALFA RODOBUS,16,2026-09-01,2026-09-24,False
86607,ALFA RODOBUS,16,2026-09-01,2026-09-24,False
86608,ALFA RODOBUS,15,2026-09-01,2026-09-24,False
86609,ALFA RODOBUS,16,2026-09-01,2026-09-24,False
86610,ALFA RODOBUS,16,2026-09-01,2026-09-24,False
86611,ALFA RODOBUS,13,2026-09-01,2026-09-24,False
86612,ALFA RODOBUS,16,2026-09-01,2026-09-24,False
86613,ALFA RODOBUS,16,2026-09-01,2026-09-24,False
86614,ALFA RODOBUS,16,2026-09-01,2026-09-24,False
86615,ALFA RODOBUS,16,2026-09-01,2026-09-24,False
86616,ALFA RODOBUS,16,2026-09-01,2026-09-24,False
86617,ALFA RODOBUS,16,2026-09-01,2026-09-24,False
86618,ALFA RODOBUS,1,2026-09-24,2026-09-24,False
86629,ALFA RODOBUS,16,2026-09-01,2026-09-24,False
86630,ALFA RODOBUS,16,2026-09-01,2026-09-24,False
